{
  "pit_ks_stat": 0.10566666666666666,
  "pit_ks_pvalue": 5.901899020111696e-88,
  "pit_cvm_stat": 21.283853555518647,
  "pit_cvm_pvalue": 2.4717375923799523e-09,
  "pit_ad_stat": 519.195200038881,
  "pit_ad_critvals": [
    0.561,
    0.631,
    0.752,
    0.873,
    1.035
  ],
  "pit_ad_siglevels": [
    15.0,
    10.0,
    5.0,
    2.5,
    1.0
  ],
  "pit_lb_stat_lag5": 25553.39255814809,
  "pit_lb_pvalue_lag5": 0.0,
  "pit_lb_stat_lag10": 40249.9759325814,
  "pit_lb_pvalue_lag10": 0.0,
  "pit_lb_stat_lag20": 56247.18146167015,
  "pit_lb_pvalue_lag20": 0.0,
  "pit_lb_input": "z=Phi^{-1}(u)",
  "crps_mean": 1.7892857582956891,
  "empirical_coverage": 0.8862222222222222,
  "risk_label": "RED",
  "risk_reasons": [
    "Uniformity strongly rejected (min p=5.9e-88).",
    "Independence strongly rejected (min Ljung-Box p=0)."
  ],
  "risk_signals": {
    "min_p_uniformity": 5.901899020111696e-88,
    "min_p_ljungbox": 0.0,
    "empirical_coverage": 0.8862222222222222,
    "coverage_error": 0.013777777777777778
  }
}