{
  "n": 209555,
  "alpha": 0.1,
  "lower_breaches": 13948,
  "upper_breaches": 13162,
  "total_breaches": 27110,
  "lower_breach_rate": 0.06656009162272435,
  "upper_breach_rate": 0.06280928634487366,
  "total_breach_rate": 0.129369377967598,
  "binom_pvalue_lower_greater": 1.1717023550256624e-241,
  "binom_pvalue_upper_greater": 2.1693367943544182e-148,
  "binom_pvalue_total_greater": 0.0,
  "traffic_light_lower": "RED",
  "traffic_light_upper": "RED",
  "traffic_light_total": "RED",
  "cutoffs_lower_q95": 10642,
  "cutoffs_lower_q999": 10787,
  "cutoffs_upper_q95": 10642,
  "cutoffs_upper_q999": 10787,
  "cutoffs_total_q95": 21182,
  "cutoffs_total_q999": 21381
}