{
  "pit_ks_stat": 0.22358964879852128,
  "pit_ks_pvalue": 1.6052219614823892e-95,
  "pit_cvm_stat": 45.46766411331156,
  "pit_cvm_pvalue": 1.288064632731789e-08,
  "pit_ad_stat": 58.91517725841095,
  "pit_ad_pvalue": 0.01,
  "pit_lb_stat_lag5": 195.6135498095834,
  "pit_lb_pvalue_lag5": 2.463870503781703e-40,
  "pit_lb_stat_lag10": 200.27418915883013,
  "pit_lb_pvalue_lag10": 1.4148197415255547e-37,
  "pit_lb_stat_lag20": 225.08051715699068,
  "pit_lb_pvalue_lag20": 1.1540815059489236e-36,
  "pit_lb_input": "z=Phi^{-1}(u)",
  "pit_acf_lag1": 0.26950270309039787,
  "crps_mean": 303.98250129437974,
  "empirical_coverage": 0.9819778188539742,
  "risk_label": "RED",
  "risk_reasons": [
    "Uniformity strongly rejected (min p=1.61e-95, KS=0.2236).",
    "Independence strongly rejected (min Ljung-Box p=2.46e-40, |ACF lag-1|=0.2695).",
    "Coverage off-target by 0.082 (target=0.900)."
  ],
  "reason_codes": [
    "PIT_uniformity_fail",
    "ACF_dependence_fail",
    "overcoverage"
  ],
  "risk_signals": {
    "min_p_uniformity": 1.6052219614823892e-95,
    "ks_stat": 0.22358964879852128,
    "min_p_ljungbox": 2.463870503781703e-40,
    "acf_lag1": 0.26950270309039787,
    "empirical_coverage": 0.9819778188539742,
    "coverage_error": 0.08197781885397415
  }
}