pit_ks_stat,pit_ks_pvalue,pit_cvm_stat,pit_cvm_pvalue,pit_ad_stat,pit_ad_pvalue,pit_lb_stat_lag5,pit_lb_pvalue_lag5,pit_lb_stat_lag10,pit_lb_pvalue_lag10,pit_lb_stat_lag20,pit_lb_pvalue_lag20,pit_lb_input,pit_acf_lag1,crps_mean,empirical_coverage,window_start,window_end,window_len,window_step,window_mode,governance_label,reason_codes,reason_summary
0.064,0.2467324500849858,0.1835613333324333,0.3018378886902803,17.581978537666146,0.01,241.26770327707044,4.1052571849528913e-50,293.31505328510934,4.021398872634159e-57,309.5188780639255,9.158409105134127e-54,z=Phi^{-1}(u),0.7872716155484445,218.27995407555872,0.872,0,250,250,50,overlapping,RED,"['ACF_dependence_fail', 'coverage_warn']","Independence strongly rejected (min Ljung-Box p=4.02e-57, |ACF lag-1|=0.7873).; Coverage mildly off-target by 0.028 (target=0.900)."
0.0679999999999999,0.1891189832154284,0.2802213333332693,0.1538326532076968,4.779787794357844,0.01,174.81659454267572,6.841997658275701e-36,177.863230217229,6.505123182027835e-33,184.06612399321932,1.550320905070853e-28,z=Phi^{-1}(u),0.6825321685168266,219.4209753359611,0.88,50,300,250,50,overlapping,RED,"['ACF_dependence_fail', 'coverage_warn']","Independence strongly rejected (min Ljung-Box p=6.84e-36, |ACF lag-1|=0.6825).; Coverage mildly off-target by 0.020 (target=0.900)."
0.1139999999999999,0.0027553557925281,1.0679013333332694,0.001681937378139,4.074082872210823,0.01,156.96854314241122,4.3805153859550926e-32,158.50890593100152,6.581197420341517e-29,173.84478916117644,1.546498609436805e-26,z=Phi^{-1}(u),0.6639959462958421,204.25317349235084,0.892,100,350,250,50,overlapping,RED,"['PIT_uniformity_fail', 'ACF_dependence_fail']","Uniformity strongly rejected (min p=0.00168, KS=0.1140).; Independence strongly rejected (min Ljung-Box p=4.38e-32, |ACF lag-1|=0.6640)."
0.12,0.0013550102442608,0.7004453333332692,0.0126374227298786,4.417491886433368,0.01,176.20912605969613,3.4507110898999855e-36,179.62744237183315,2.7997011348844912e-33,191.43036521109684,5.5318159982595136e-30,z=Phi^{-1}(u),0.6795932546569966,223.29769018999093,0.88,150,400,250,50,overlapping,RED,"['PIT_uniformity_fail', 'ACF_dependence_fail', 'coverage_warn']","Uniformity strongly rejected (min p=0.00136, KS=0.1200).; Independence strongly rejected (min Ljung-Box p=3.45e-36, |ACF lag-1|=0.6796).; Coverage mildly off-target by 0.020 (target=0.900)."
0.122,0.0010608632709633,0.8965933333332813,0.0042677554940464,5.204681759805453,0.01,251.17088274193551,3.0823743559264858e-52,263.55224339777686,7.634409520982172e-51,271.36315001106846,5.454230370521158e-46,z=Phi^{-1}(u),0.7471694817758864,296.4355845055204,0.86,200,450,250,50,overlapping,RED,"['PIT_uniformity_fail', 'ACF_dependence_fail', 'coverage_warn']","Uniformity strongly rejected (min p=0.00106, KS=0.1220).; Independence strongly rejected (min Ljung-Box p=3.08e-52, |ACF lag-1|=0.7472).; Coverage mildly off-target by 0.040 (target=0.900)."
0.192,1.514511144371369e-08,2.024849333333281,1.0566262341193957e-05,7.106894614425983,0.01,253.14832916119488,1.1602635572984592e-52,259.6781668093414,4.994534595391974e-50,270.16217365817045,9.55696779596493e-46,z=Phi^{-1}(u),0.732764098217822,323.032737531679,0.868,250,500,250,50,overlapping,RED,"['PIT_uniformity_fail', 'ACF_dependence_fail', 'coverage_warn']","Uniformity strongly rejected (min p=1.51e-08, KS=0.1920).; Independence strongly rejected (min Ljung-Box p=1.16e-52, |ACF lag-1|=0.7328).; Coverage mildly off-target by 0.032 (target=0.900)."
0.2319999999999999,2.580899025546192e-12,2.907293333333281,1.0587834020636677e-07,9.01164950250802,0.01,317.40775785690835,1.8076922407730946e-66,321.9418576771447,3.538759474183856e-63,329.837725774926,6.259373947407106e-58,z=Phi^{-1}(u),0.7582440334632096,320.6065818795879,0.876,300,550,250,50,overlapping,RED,"['PIT_uniformity_fail', 'ACF_dependence_fail', 'coverage_warn']","Uniformity strongly rejected (min p=2.58e-12, KS=0.2320).; Independence strongly rejected (min Ljung-Box p=1.81e-66, |ACF lag-1|=0.7582).; Coverage mildly off-target by 0.024 (target=0.900)."
0.24,3.706006465531515e-13,3.507001333333281,4.68018046539953e-09,9.897887667597615,0.01,292.0242689408743,5.189634858469958e-61,295.5187462853802,1.3764628996033812e-57,305.7713130365831,5.349385202508056e-53,z=Phi^{-1}(u),0.7549417457773911,308.3007319043705,0.888,350,600,250,50,overlapping,RED,"['PIT_uniformity_fail', 'ACF_dependence_fail']","Uniformity strongly rejected (min p=3.71e-13, KS=0.2400).; Independence strongly rejected (min Ljung-Box p=5.19e-61, |ACF lag-1|=0.7549)."
0.176,3.035628155315092e-07,2.0593253333332813,8.821281636484102e-06,7.124574146239411,0.01,296.2081102792251,6.543820792740505e-62,300.0287480372826,1.5330712001339812e-58,307.8995906146432,1.9637246760025524e-53,z=Phi^{-1}(u),0.7557935653047362,322.1849480094648,0.88,400,650,250,50,overlapping,RED,"['PIT_uniformity_fail', 'ACF_dependence_fail', 'coverage_warn']","Uniformity strongly rejected (min p=3.04e-07, KS=0.1760).; Independence strongly rejected (min Ljung-Box p=6.54e-62, |ACF lag-1|=0.7558).; Coverage mildly off-target by 0.020 (target=0.900)."
0.0939999999999999,0.0225406568153297,0.4345053333332973,0.0585897766129498,4.439734141037121,0.01,300.3820782305533,8.289349826301214e-63,307.2929404561127,4.461126218262384e-60,331.4372388406684,2.9375851414926056e-58,z=Phi^{-1}(u),0.7417813006312544,261.0835615095054,0.9,450,700,250,50,overlapping,RED,"['PIT_uniformity_warn', 'ACF_dependence_fail']","Uniformity weakly rejected (min p=0.0225).; Independence strongly rejected (min Ljung-Box p=8.29e-63, |ACF lag-1|=0.7418)."
0.082,0.065501447806285,0.2404293333333333,0.201145209443299,0.7098124609768774,0.0666064210839349,229.5767549621309,1.3179970520327607e-47,231.5931061262464,3.980136993907779e-44,234.30811883882777,1.6371123490092035e-38,z=Phi^{-1}(u),0.7323959067258894,220.1192239376985,0.916,500,750,250,50,overlapping,RED,['ACF_dependence_fail'],"Independence strongly rejected (min Ljung-Box p=1.32e-47, |ACF lag-1|=0.7324)."
0.1099999999999999,0.0043334485784834,0.6484133333333333,0.0169386705840857,1.118407612657478,0.01,158.39633838256788,2.17424180720584e-32,162.54933599486154,9.640611435906959e-30,169.11417223675144,1.2886090190809997e-25,z=Phi^{-1}(u),0.6777468062567945,214.7164590472548,0.928,550,800,250,50,overlapping,RED,"['PIT_uniformity_fail', 'ACF_dependence_fail', 'coverage_warn']","Uniformity strongly rejected (min p=0.00433, KS=0.1100).; Independence strongly rejected (min Ljung-Box p=2.17e-32, |ACF lag-1|=0.6777).; Coverage mildly off-target by 0.028 (target=0.900)."
0.1779999999999999,2.117668987962713e-07,1.649789333333333,7.579495065346276e-05,2.0648771246526394,0.01,200.5906797195405,2.1234945852445048e-41,204.7162599583207,1.674338767996587e-38,214.069653536912,1.815830442740838e-34,z=Phi^{-1}(u),0.7027999710932331,256.564542833846,0.9,600,850,250,50,overlapping,RED,"['PIT_uniformity_fail', 'ACF_dependence_fail']","Uniformity strongly rejected (min p=2.12e-07, KS=0.1780).; Independence strongly rejected (min Ljung-Box p=2.12e-41, |ACF lag-1|=0.7028)."
0.236,9.86481495088872e-13,3.4375253333333293,6.70896904697571e-09,4.023051497774759,0.01,204.1756419906773,3.630887461486027e-42,215.08785553124324,1.1394633353836715e-40,228.1242979295263,2.839863167615596e-37,z=Phi^{-1}(u),0.6940504899243737,312.43967343093374,0.888,650,900,250,50,overlapping,RED,"['PIT_uniformity_fail', 'ACF_dependence_fail']","Uniformity strongly rejected (min p=9.86e-13, KS=0.2360).; Independence strongly rejected (min Ljung-Box p=3.63e-42, |ACF lag-1|=0.6941)."
0.262,1.2456066182227849e-15,4.454269333333329,3.6488034815818076e-11,6.699341765195072,0.01,241.01551403088772,4.649721153724807e-50,248.5490650568009,1.0956301957099203e-47,249.37346465301985,1.5279507761638066e-41,z=Phi^{-1}(u),0.7329415084637452,349.88995318644703,0.856,700,950,250,50,overlapping,RED,"['PIT_uniformity_fail', 'ACF_dependence_fail', 'coverage_warn']","Uniformity strongly rejected (min p=1.25e-15, KS=0.2620).; Independence strongly rejected (min Ljung-Box p=4.65e-50, |ACF lag-1|=0.7329).; Coverage mildly off-target by 0.044 (target=0.900)."
0.3379999999999999,5.54564969985033e-26,6.638985333333329,6.719413914169081e-11,8.006780540206591,0.01,250.30290487280425,4.732898539421591e-52,255.5613359299385,3.672072047600068e-49,262.6512200902849,3.1766502276025896e-44,z=Phi^{-1}(u),0.7370850094175292,362.88981485324,0.868,750,1000,250,50,overlapping,RED,"['PIT_uniformity_fail', 'ACF_dependence_fail', 'coverage_warn']","Uniformity strongly rejected (min p=5.55e-26, KS=0.3380).; Independence strongly rejected (min Ljung-Box p=4.73e-52, |ACF lag-1|=0.7371).; Coverage mildly off-target by 0.032 (target=0.900)."
0.372,1.4731363693628648e-31,7.580365333333329,8.661230621598293e-10,7.302052118164056,0.01,313.3483059841791,1.349867048734183e-65,319.1909143098076,1.353309935408795e-62,323.0315106172347,1.5613641200241097e-56,z=Phi^{-1}(u),0.7730194265410402,426.3328897177631,0.836,800,1050,250,50,overlapping,RED,"['PIT_uniformity_fail', 'ACF_dependence_fail', 'undercoverage']","Uniformity strongly rejected (min p=1.47e-31, KS=0.3720).; Independence strongly rejected (min Ljung-Box p=1.35e-65, |ACF lag-1|=0.7730).; Coverage off-target by 0.064 (target=0.900)."
0.31,7.766587460292046e-22,5.96554133333333,6.6443517354741735e-12,5.07036043041029,0.01,305.12381342973697,7.925044339684615e-64,306.9027380216322,5.394897195601686e-60,313.9335430994161,1.1433292575520031e-54,z=Phi^{-1}(u),0.7673869054632871,404.4651885235219,0.868,850,1100,250,50,overlapping,RED,"['PIT_uniformity_fail', 'ACF_dependence_fail', 'coverage_warn']","Uniformity strongly rejected (min p=7.77e-22, KS=0.3100).; Independence strongly rejected (min Ljung-Box p=7.93e-64, |ACF lag-1|=0.7674).; Coverage mildly off-target by 0.032 (target=0.900)."
0.258,3.6492086518511065e-15,4.947157333333334,3.868527720385373e-11,3.131500270825711,0.01,335.940541252821,1.860044292036114e-70,340.6518177759917,3.833257921158171e-67,351.2195604448539,2.497617408440929e-62,z=Phi^{-1}(u),0.7974123943160729,364.1665160424521,0.892,900,1150,250,50,overlapping,RED,"['PIT_uniformity_fail', 'ACF_dependence_fail']","Uniformity strongly rejected (min p=3.65e-15, KS=0.2580).; Independence strongly rejected (min Ljung-Box p=1.86e-70, |ACF lag-1|=0.7974)."
0.286,1.3586822268128128e-18,5.873873333333335,4.6638248818453576e-12,2.318950915943105,0.01,194.4899664380567,4.284366216903225e-40,201.8789275382688,6.545759029696768e-38,226.98746505377505,4.795270694685044e-37,z=Phi^{-1}(u),0.6818532014552244,314.4518284677002,0.94,950,1200,250,50,overlapping,RED,"['PIT_uniformity_fail', 'ACF_dependence_fail', 'coverage_warn']","Uniformity strongly rejected (min p=1.36e-18, KS=0.2860).; Independence strongly rejected (min Ljung-Box p=4.28e-40, |ACF lag-1|=0.6819).; Coverage mildly off-target by 0.040 (target=0.900)."
0.238,6.059494887663929e-13,3.290401333333329,1.4416289717544828e-08,2.616353729970342,0.01,302.43791646057565,2.9958137737666576e-63,305.24875936381454,1.20729885947578e-59,323.1214220689438,1.4964455041781365e-56,z=Phi^{-1}(u),0.7274784649812419,348.8207787226877,0.912,1000,1250,250,50,overlapping,RED,"['PIT_uniformity_fail', 'ACF_dependence_fail']","Uniformity strongly rejected (min p=6.06e-13, KS=0.2380).; Independence strongly rejected (min Ljung-Box p=3e-63, |ACF lag-1|=0.7275)."
0.126,0.0006423606286764,0.5936133333332934,0.023130526593537,6.620833748371297,0.01,241.9346052023536,2.953301845646286e-50,245.92735000375376,3.8966587774072684e-47,270.4582893994886,8.322768644344199e-46,z=Phi^{-1}(u),0.6753206055051285,319.88647848077954,0.916,1050,1300,250,50,overlapping,RED,"['PIT_uniformity_fail', 'ACF_dependence_fail']","Uniformity strongly rejected (min p=0.000642, KS=0.1260).; Independence strongly rejected (min Ljung-Box p=2.95e-50, |ACF lag-1|=0.6753)."
0.072,0.1425669535852258,0.3269093333332933,0.1136855672080275,6.113621304363164,0.01,248.1344084868537,1.3816153800404045e-51,256.9355662388307,1.886875901520833e-49,270.8684702993514,6.8718786661382915e-46,z=Phi^{-1}(u),0.6754146569513252,304.64981520875625,0.92,1100,1350,250,50,overlapping,RED,"['ACF_dependence_fail', 'coverage_warn']","Independence strongly rejected (min Ljung-Box p=1.38e-51, |ACF lag-1|=0.6754).; Coverage mildly off-target by 0.020 (target=0.900)."
0.1579999999999999,6.434116740158383e-06,2.414645333333133,1.3784249033310658e-06,10.923844838313473,0.01,316.6949991621668,2.573017791798872e-66,320.037901856027,8.954692383180311e-63,332.08942178952185,2.1577745281233858e-58,z=Phi^{-1}(u),0.7458834064581981,386.6703845301559,0.884,1150,1400,250,50,overlapping,RED,"['PIT_uniformity_fail', 'ACF_dependence_fail']","Uniformity strongly rejected (min p=1.38e-06, KS=0.1580).; Independence strongly rejected (min Ljung-Box p=2.57e-66, |ACF lag-1|=0.7459)."
0.2199999999999999,4.1688134263188006e-11,5.441449333333133,2.4989432745314843e-10,10.738238056057526,0.01,302.9758365321265,2.295392532420421e-63,304.59317612200283,1.6613561655893506e-59,321.3462569966088,3.460510525883246e-56,z=Phi^{-1}(u),0.7435587711685354,411.9440590226739,0.856,1200,1450,250,50,overlapping,RED,"['PIT_uniformity_fail', 'ACF_dependence_fail', 'coverage_warn']","Uniformity strongly rejected (min p=4.17e-11, KS=0.2200).; Independence strongly rejected (min Ljung-Box p=2.3e-63, |ACF lag-1|=0.7436).; Coverage mildly off-target by 0.044 (target=0.900)."
0.274,4.456284348465677e-17,8.660581333333138,1.2661227621890703e-10,10.018767079192171,0.01,240.81578183774667,5.13171569169014e-50,265.58542204677855,2.847894828534515e-51,317.7152755035696,1.92075511581764e-55,z=Phi^{-1}(u),0.7157212968473293,420.2115585193632,0.864,1250,1500,250,50,overlapping,RED,"['PIT_uniformity_fail', 'ACF_dependence_fail', 'coverage_warn']","Uniformity strongly rejected (min p=4.46e-17, KS=0.2740).; Independence strongly rejected (min Ljung-Box p=1.92e-55, |ACF lag-1|=0.7157).; Coverage mildly off-target by 0.036 (target=0.900)."
0.188,3.286109425382487e-08,4.61502133333327,2.2045587577679268e-11,4.038832295125189,0.01,360.39737559591566,1.0099632403141655e-75,365.7876585869392,1.7715530325710528e-72,397.4681293233998,6.848568038584245e-72,z=Phi^{-1}(u),0.815941446648492,414.174091484288,0.876,1300,1550,250,50,overlapping,RED,"['PIT_uniformity_fail', 'ACF_dependence_fail', 'coverage_warn']","Uniformity strongly rejected (min p=2.2e-11, KS=0.1880).; Independence strongly rejected (min Ljung-Box p=1.01e-75, |ACF lag-1|=0.8159).; Coverage mildly off-target by 0.024 (target=0.900)."
0.1439999999999999,5.487659392626361e-05,2.035137333333233,1.001210132511865e-05,5.978633797001862,0.01,379.60370965617415,7.367903813128075e-80,387.762115661806,3.779747497694467e-77,420.308741037705,1.2391180790115066e-76,z=Phi^{-1}(u),0.8494652970656527,540.5812077864041,0.828,1350,1600,250,50,overlapping,RED,"['PIT_uniformity_fail', 'ACF_dependence_fail', 'undercoverage']","Uniformity strongly rejected (min p=1e-05, KS=0.1440).; Independence strongly rejected (min Ljung-Box p=7.37e-80, |ACF lag-1|=0.8495).; Coverage off-target by 0.072 (target=0.900)."
0.0899999999999999,0.0326901325154183,0.4783893333332973,0.0451320325609719,3.316788447123116,0.01,329.5871102554232,4.333008435644848e-69,334.27136961956273,8.638047862579842e-66,344.4106239212102,6.309668142952472e-61,z=Phi^{-1}(u),0.8157783840076224,431.98619878787446,0.868,1400,1650,250,50,overlapping,RED,"['PIT_uniformity_warn', 'ACF_dependence_fail', 'coverage_warn']","Uniformity weakly rejected (min p=0.0327).; Independence strongly rejected (min Ljung-Box p=4.33e-69, |ACF lag-1|=0.8158).; Coverage mildly off-target by 0.032 (target=0.900)."
0.0539999999999999,0.4440650591425555,0.0878093333332973,0.6483805064662669,3.712241823119769,0.01,317.48806443657014,1.7372003395662792e-66,319.60710267382615,1.1047712662058998e-62,320.57432749070347,4.982223354336036e-56,z=Phi^{-1}(u),0.8113917715907105,398.2405376021591,0.896,1450,1700,250,50,overlapping,RED,['ACF_dependence_fail'],"Independence strongly rejected (min Ljung-Box p=1.74e-66, |ACF lag-1|=0.8114)."
0.1039999999999999,0.008290637497102,1.1107813333332972,0.0013346435434796,4.029679045467361,0.01,264.9412507614141,3.413420918297652e-55,272.96184428870464,7.943032169531861e-53,306.32954879593257,4.1130605928756875e-53,z=Phi^{-1}(u),0.7892898283773964,364.8029179463362,0.924,1500,1750,250,50,overlapping,RED,"['PIT_uniformity_fail', 'ACF_dependence_fail', 'coverage_warn']","Uniformity strongly rejected (min p=0.00133, KS=0.1040).; Independence strongly rejected (min Ljung-Box p=3.41e-55, |ACF lag-1|=0.7893).; Coverage mildly off-target by 0.024 (target=0.900)."
0.094,0.0225406568153297,0.4605693333332973,0.0501515573135629,5.184213315714175,0.01,285.441238030597,1.3485684439858829e-59,289.9001148424363,2.116991851479823e-56,320.7852149208974,4.510069650884657e-56,z=Phi^{-1}(u),0.8009325787950627,331.9976282576088,0.94,1550,1800,250,50,overlapping,RED,"['PIT_uniformity_warn', 'ACF_dependence_fail', 'coverage_warn']","Uniformity weakly rejected (min p=0.0225).; Independence strongly rejected (min Ljung-Box p=1.35e-59, |ACF lag-1|=0.8009).; Coverage mildly off-target by 0.040 (target=0.900)."
0.08,0.0771476533902126,0.3034893333333334,0.1321198578133338,2.1762419741722567,0.01,202.3675152476104,8.84921112425229e-42,205.51788663514455,1.1389220037900527e-38,217.745043051921,3.3639924708108675e-35,z=Phi^{-1}(u),0.7318472752393944,257.5696086871402,0.972,1600,1850,250,50,overlapping,RED,"['ACF_dependence_fail', 'overcoverage']","Independence strongly rejected (min Ljung-Box p=8.85e-42, |ACF lag-1|=0.7318).; Coverage off-target by 0.072 (target=0.900)."
0.072,0.1425669535852258,0.3096413333333333,0.1269728355691388,1.7479083028053992,0.01,229.2413604024341,1.5552503395819656e-47,233.01833585605644,1.999759961575461e-44,239.348773667668,1.5920737626846794e-39,z=Phi^{-1}(u),0.7406434404611281,262.0123845668673,0.968,1650,1900,250,50,overlapping,RED,"['ACF_dependence_fail', 'overcoverage']","Independence strongly rejected (min Ljung-Box p=1.56e-47, |ACF lag-1|=0.7406).; Coverage off-target by 0.068 (target=0.900)."
0.104,0.008290637497102,0.5742013333333333,0.0258517503900561,2.169730115863473,0.01,215.9228065271957,1.1098002330559514e-44,219.22067349849533,1.5560470666703423e-41,223.16912858469288,2.781454686979488e-36,z=Phi^{-1}(u),0.7341491160119125,294.3154935035854,0.948,1700,1950,250,50,overlapping,RED,"['PIT_uniformity_fail', 'ACF_dependence_fail', 'coverage_warn']","Uniformity strongly rejected (min p=0.00829, KS=0.1040).; Independence strongly rejected (min Ljung-Box p=1.11e-44, |ACF lag-1|=0.7341).; Coverage mildly off-target by 0.048 (target=0.900)."
0.088,0.0391297550232403,0.4240973333333334,0.0623721364269855,2.181668970212882,0.01,207.6023094818353,6.709018111819035e-43,210.1883605643517,1.2049438404080408e-39,229.27874730673815,1.6678564513685306e-37,z=Phi^{-1}(u),0.7388931459496305,269.7979668373667,0.948,1750,2000,250,50,overlapping,RED,"['PIT_uniformity_warn', 'ACF_dependence_fail', 'coverage_warn']","Uniformity weakly rejected (min p=0.0391).; Independence strongly rejected (min Ljung-Box p=6.71e-43, |ACF lag-1|=0.7389).; Coverage mildly off-target by 0.048 (target=0.900)."
0.076,0.1057293785294718,0.3590053333333333,0.0928959372521675,0.987202261728271,0.0141479387288638,190.07370689663605,3.7675346146157285e-39,203.7111199078872,2.714198934208772e-38,230.7881445335227,8.31394913062892e-38,z=Phi^{-1}(u),0.7215470254242803,252.810985408785,0.956,1800,2050,250,50,overlapping,RED,"['ACF_dependence_fail', 'overcoverage']","Independence strongly rejected (min Ljung-Box p=3.77e-39, |ACF lag-1|=0.7215).; Coverage off-target by 0.056 (target=0.900)."
0.066,0.2164684877017035,0.1360333333333333,0.435331304155394,1.1748157895768827,0.01,232.8699926696985,2.5941523356984578e-48,235.7928251869812,5.2346628413223984e-45,255.7967448746201,7.72471217423442e-43,z=Phi^{-1}(u),0.7350377833220451,193.55674871645653,0.964,1850,2100,250,50,overlapping,RED,"['ACF_dependence_fail', 'overcoverage']","Independence strongly rejected (min Ljung-Box p=2.59e-48, |ACF lag-1|=0.7350).; Coverage off-target by 0.064 (target=0.900)."
0.068,0.189118983215428,0.2620893333333333,0.1735908209681304,1.8447077423968492,0.01,173.58744830228895,1.2518278107800337e-35,175.57630853497125,1.9392479160939732e-32,198.25119092251796,2.495043651542651e-31,z=Phi^{-1}(u),0.6814710033778202,176.27352256627938,0.968,1900,2150,250,50,overlapping,RED,"['ACF_dependence_fail', 'overcoverage']","Independence strongly rejected (min Ljung-Box p=1.25e-35, |ACF lag-1|=0.6815).; Coverage off-target by 0.068 (target=0.900)."
0.0899999999999999,0.0326901325154183,0.4388893333333333,0.0570707084208897,1.639891666765493,0.01,227.2344522546471,4.187131939072743e-47,228.5625772512668,1.7190532538396277e-43,271.6189128876621,4.840039583236412e-46,z=Phi^{-1}(u),0.7306572981114401,177.44570884889342,0.948,1950,2200,250,50,overlapping,RED,"['PIT_uniformity_warn', 'ACF_dependence_fail', 'coverage_warn']","Uniformity weakly rejected (min p=0.0327).; Independence strongly rejected (min Ljung-Box p=4.19e-47, |ACF lag-1|=0.7307).; Coverage mildly off-target by 0.048 (target=0.900)."
0.128,0.0004967972491749,1.2317293333333332,0.0006972463499395,1.775241088248663,0.01,251.24043377829065,2.9782524037564546e-52,253.16725608090687,1.1710060345645558e-48,280.432454075594,7.850099550971981e-48,z=Phi^{-1}(u),0.7522832488481279,226.9315078448081,0.888,2000,2250,250,50,overlapping,RED,"['PIT_uniformity_fail', 'ACF_dependence_fail']","Uniformity strongly rejected (min p=0.000497, KS=0.1280).; Independence strongly rejected (min Ljung-Box p=2.98e-52, |ACF lag-1|=0.7523)."
0.1679999999999999,1.2294793527601086e-06,3.2283813333333296,1.9907559045684312e-08,1.4507649543125467,0.01,246.7961664573348,2.676012919303803e-51,252.47320123314623,1.6388550932531242e-48,273.6607948330739,1.8642619108522744e-46,z=Phi^{-1}(u),0.71393234141215,304.37235801930456,0.844,2050,2300,250,50,overlapping,RED,"['PIT_uniformity_fail', 'ACF_dependence_fail', 'undercoverage']","Uniformity strongly rejected (min p=1.99e-08, KS=0.1680).; Independence strongly rejected (min Ljung-Box p=2.68e-51, |ACF lag-1|=0.7139).; Coverage off-target by 0.056 (target=0.900)."
0.1519999999999999,1.6526799810663036e-05,3.085485333333317,4.188003843719201e-08,2.50127930622466,0.01,241.89822639804945,3.006839439375047e-50,260.1794499133697,3.917119577624771e-50,283.7807015473751,1.6362812787275338e-48,z=Phi^{-1}(u),0.7146014171367756,363.8136228840176,0.824,2100,2350,250,50,overlapping,RED,"['PIT_uniformity_fail', 'ACF_dependence_fail', 'undercoverage']","Uniformity strongly rejected (min p=4.19e-08, KS=0.1520).; Independence strongly rejected (min Ljung-Box p=3.01e-50, |ACF lag-1|=0.7146).; Coverage off-target by 0.076 (target=0.900)."
0.13,0.0003826527409824,1.4399973333333174,0.0002298949529971,2.34961568195655,0.01,312.7698960666372,1.7976087369647637e-65,315.61547333598025,7.733041299517022e-62,323.5195061112773,1.2399364672814045e-56,z=Phi^{-1}(u),0.7646926417752318,389.5263442042964,0.808,2150,2400,250,50,overlapping,RED,"['PIT_uniformity_fail', 'ACF_dependence_fail', 'undercoverage']","Uniformity strongly rejected (min p=0.00023, KS=0.1300).; Independence strongly rejected (min Ljung-Box p=1.8e-65, |ACF lag-1|=0.7647).; Coverage off-target by 0.092 (target=0.900)."
0.0839999999999999,0.0553890740154741,0.3375453333332533,0.1062756551173939,4.800044387455159,0.01,368.7330120283327,1.618300684132157e-77,389.21356867044,1.856694280591332e-77,450.47823661959177,6.479655426297536e-83,z=Phi^{-1}(u),0.754462395483752,451.971743093014,0.796,2200,2450,250,50,overlapping,RED,"['ACF_dependence_fail', 'undercoverage']","Independence strongly rejected (min Ljung-Box p=6.48e-83, |ACF lag-1|=0.7545).; Coverage off-target by 0.104 (target=0.900)."
0.06,0.3164237517245051,0.2537013333332533,0.1837078973719857,5.834546623983471,0.01,347.6502609477744,5.610220481160951e-73,363.5507045654216,5.290605765564339e-72,397.3166752283244,7.362167894534039e-72,z=Phi^{-1}(u),0.7467761867344972,421.0703795096006,0.836,2250,2500,250,50,overlapping,RED,"['ACF_dependence_fail', 'undercoverage']","Independence strongly rejected (min Ljung-Box p=5.61e-73, |ACF lag-1|=0.7468).; Coverage off-target by 0.064 (target=0.900)."
0.0919999999999999,0.0272001300552793,0.8086333333332654,0.0069224093576336,4.86271250687048,0.01,315.61853148829505,4.3852130220453465e-66,320.65939642551086,6.613688911980821e-63,341.54276266409806,2.456236534139045e-60,z=Phi^{-1}(u),0.7571920434822168,415.28686450235625,0.844,2300,2550,250,50,overlapping,RED,"['PIT_uniformity_fail', 'ACF_dependence_fail', 'undercoverage']","Uniformity strongly rejected (min p=0.00692, KS=0.0920).; Independence strongly rejected (min Ljung-Box p=4.39e-66, |ACF lag-1|=0.7572).; Coverage off-target by 0.056 (target=0.900)."
0.1379999999999999,0.0001292813412389,2.289269333333269,2.6516738786952487e-06,3.662397945267685,0.01,279.0337041360433,3.210448157456221e-58,282.2935123118874,8.542980133029553e-55,295.3195746382026,7.292522754641448e-51,z=Phi^{-1}(u),0.7430321392707621,381.1244493214412,0.868,2350,2600,250,50,overlapping,RED,"['PIT_uniformity_fail', 'ACF_dependence_fail', 'coverage_warn']","Uniformity strongly rejected (min p=2.65e-06, KS=0.1380).; Independence strongly rejected (min Ljung-Box p=3.21e-58, |ACF lag-1|=0.7430).; Coverage mildly off-target by 0.032 (target=0.900)."
0.1859999999999999,4.810089914305324e-08,3.770853333333077,1.2504995927642424e-09,7.484431652248475,0.01,341.7996389372641,1.019609512215491e-71,349.00881460217056,6.467328844275131e-69,370.65905553617534,2.4302035336695294e-66,z=Phi^{-1}(u),0.7634495486844921,526.5985971465816,0.82,2400,2650,250,50,overlapping,RED,"['PIT_uniformity_fail', 'ACF_dependence_fail', 'undercoverage']","Uniformity strongly rejected (min p=1.25e-09, KS=0.1860).; Independence strongly rejected (min Ljung-Box p=1.02e-71, |ACF lag-1|=0.7634).; Coverage off-target by 0.080 (target=0.900)."
0.166,1.7261388018052337e-06,3.1138413333332697,3.6133675274108163e-08,2.4933252113068534,0.01,402.6895490655377,7.808744659045289e-85,409.6475091953718,8.317757697467655e-82,422.6198967738022,4.09807681825126e-77,z=Phi^{-1}(u),0.829065845690022,599.9356846827043,0.816,2450,2700,250,50,overlapping,RED,"['PIT_uniformity_fail', 'ACF_dependence_fail', 'undercoverage']","Uniformity strongly rejected (min p=3.61e-08, KS=0.1660).; Independence strongly rejected (min Ljung-Box p=7.81e-85, |ACF lag-1|=0.8291).; Coverage off-target by 0.084 (target=0.900)."
0.1919999999999999,1.5145111443713852e-08,4.52510533333327,2.7767677046597328e-11,2.5225361422049275,0.01,409.38146913982814,2.819247582384271e-86,419.8762159208461,5.5144987956795765e-84,440.96945880550766,6.213771162095951e-81,z=Phi^{-1}(u),0.8184667828880146,632.3534632999184,0.824,2500,2750,250,50,overlapping,RED,"['PIT_uniformity_fail', 'ACF_dependence_fail', 'undercoverage']","Uniformity strongly rejected (min p=2.78e-11, KS=0.1920).; Independence strongly rejected (min Ljung-Box p=2.82e-86, |ACF lag-1|=0.8185).; Coverage off-target by 0.076 (target=0.900)."
0.1679999999999999,1.2294793527601086e-06,3.030145333333269,5.585952977948949e-08,3.0120275771499507,0.01,427.0415928096903,4.3920551464168525e-90,440.50898737490576,2.2085105789173129e-88,456.4341041657193,3.709851997076225e-84,z=Phi^{-1}(u),0.8169419702188923,579.3384886557878,0.852,2550,2800,250,50,overlapping,RED,"['PIT_uniformity_fail', 'ACF_dependence_fail', 'coverage_warn']","Uniformity strongly rejected (min p=5.59e-08, KS=0.1680).; Independence strongly rejected (min Ljung-Box p=4.39e-90, |ACF lag-1|=0.8169).; Coverage mildly off-target by 0.048 (target=0.900)."
0.0979999999999999,0.0152929430424032,0.8022853333332691,0.0071696001310471,2.9178776453615285,0.01,500.52828705452544,6.1408091521771e-106,527.6992897892878,5.289064248912926e-107,556.6891472690188,3.734138865872051e-105,z=Phi^{-1}(u),0.8486597663708513,630.3975326005723,0.82,2600,2850,250,50,overlapping,RED,"['PIT_uniformity_fail', 'ACF_dependence_fail', 'undercoverage']","Uniformity strongly rejected (min p=0.00717, KS=0.0980).; Independence strongly rejected (min Ljung-Box p=5.29e-107, |ACF lag-1|=0.8487).; Coverage off-target by 0.080 (target=0.900)."
0.0719999999999999,0.1425669535852263,0.1984013333333333,0.2706825910943857,0.6385598979717031,0.0960496289373127,446.6264247170947,2.623937287465331e-94,473.65028022472,1.8750575589331152e-95,480.4324827582942,3.610619730416367e-89,z=Phi^{-1}(u),0.8578281312692291,497.645067765436,0.888,2650,2900,250,50,overlapping,RED,['ACF_dependence_fail'],"Independence strongly rejected (min Ljung-Box p=1.88e-95, |ACF lag-1|=0.8578)."
0.086,0.0466490537270688,0.4896693333333334,0.0422316880474806,1.4724652452284488,0.01,265.9975363136712,2.024850420030949e-55,286.3852594193568,1.1692800863632352e-55,294.7419213407924,9.565663883598322e-51,z=Phi^{-1}(u),0.7765056086157746,358.74257339525434,0.94,2700,2950,250,50,overlapping,RED,"['PIT_uniformity_warn', 'ACF_dependence_fail', 'coverage_warn']","Uniformity weakly rejected (min p=0.0422).; Independence strongly rejected (min Ljung-Box p=1.17e-55, |ACF lag-1|=0.7765).; Coverage mildly off-target by 0.040 (target=0.900)."
0.054,0.4440650591425542,0.1473533333333293,0.3979534929019835,1.123479979323065,0.01,324.24935206696006,6.099541910841853e-68,348.8108667399923,7.124082375671165e-69,368.1033784494646,8.198033564170797e-66,z=Phi^{-1}(u),0.7706099771042917,404.2559222937324,0.92,2750,3000,250,50,overlapping,RED,"['ACF_dependence_fail', 'coverage_warn']","Independence strongly rejected (min Ljung-Box p=7.12e-69, |ACF lag-1|=0.7706).; Coverage mildly off-target by 0.020 (target=0.900)."
0.0519999999999999,0.4922632346865286,0.1627893333333293,0.3530247801903935,1.301849606754388,0.01,320.24360511523207,4.436967479009442e-67,336.5190849463853,2.8833824592239184e-66,355.60517052069326,3.114737617354796e-63,z=Phi^{-1}(u),0.7690760359546984,408.4743755039545,0.928,2800,3050,250,50,overlapping,RED,"['ACF_dependence_fail', 'coverage_warn']","Independence strongly rejected (min Ljung-Box p=4.44e-67, |ACF lag-1|=0.7691).; Coverage mildly off-target by 0.028 (target=0.900)."
0.066,0.2164684877017035,0.2484693333333133,0.1903635948521309,3.494902994415753,0.01,358.574114470695,2.4942270941746155e-75,393.1991605465488,2.635646471150848e-78,453.72434527179325,1.3633416784200557e-83,z=Phi^{-1}(u),0.7725356746581247,422.644940269105,0.928,2850,3100,250,50,overlapping,RED,"['ACF_dependence_fail', 'coverage_warn']","Independence strongly rejected (min Ljung-Box p=1.36e-83, |ACF lag-1|=0.7725).; Coverage mildly off-target by 0.028 (target=0.900)."
0.108,0.0054015033651195,1.0717333333331331,0.0016474883611307,10.649311688454304,0.01,421.6221796668916,6.474368705835703e-89,446.33789449444447,1.262119296955994e-89,463.5153230204391,1.2347918306100218e-85,z=Phi^{-1}(u),0.8211678703378392,486.3050969965057,0.896,2900,3150,250,50,overlapping,RED,"['PIT_uniformity_fail', 'ACF_dependence_fail']","Uniformity strongly rejected (min p=0.00165, KS=0.1080).; Independence strongly rejected (min Ljung-Box p=1.26e-89, |ACF lag-1|=0.8212)."
0.14,9.755941577025083e-05,1.8442373333331337,2.724281935884143e-05,10.870517529265385,0.01,452.934221272482,1.1437428128154593e-95,473.0548913779899,2.5126148056973187e-95,489.1028815634684,5.551909265599665e-91,z=Phi^{-1}(u),0.8293710506067468,500.1839102351281,0.888,2950,3200,250,50,overlapping,RED,"['PIT_uniformity_fail', 'ACF_dependence_fail']","Uniformity strongly rejected (min p=2.72e-05, KS=0.1400).; Independence strongly rejected (min Ljung-Box p=1.14e-95, |ACF lag-1|=0.8294)."
0.228,6.6370112177690966e-12,6.263789333333138,1.9667489858932182e-11,12.309519971430744,0.01,391.92730770874965,1.6293470812854982e-82,401.6366455300426,4.22090990826185e-80,429.5586487845006,1.4763630456494664e-78,z=Phi^{-1}(u),0.8255891746090966,429.3591280994856,0.916,3000,3250,250,50,overlapping,RED,"['PIT_uniformity_fail', 'ACF_dependence_fail']","Uniformity strongly rejected (min p=6.64e-12, KS=0.2280).; Independence strongly rejected (min Ljung-Box p=1.63e-82, |ACF lag-1|=0.8256)."
0.232,2.5808990255461568e-12,6.654069333333139,7.039291372024081e-11,11.598352075960747,0.01,382.3738058595607,1.864390707722746e-80,391.0782328078836,7.448921856977916e-78,406.3099742730907,1.002699586356247e-73,z=Phi^{-1}(u),0.8198675419371505,452.8153706998146,0.9,3050,3300,250,50,overlapping,RED,"['PIT_uniformity_fail', 'ACF_dependence_fail']","Uniformity strongly rejected (min p=2.58e-12, KS=0.2320).; Independence strongly rejected (min Ljung-Box p=1.86e-80, |ACF lag-1|=0.8199)."
0.18,1.4711437559622018e-07,3.1944413333332338,2.3753632727441243e-08,8.270538609170217,0.01,439.0656158763695,1.1212175070160866e-92,449.5085033307801,2.659822512429301e-90,460.3280759796843,5.712764825676463e-85,z=Phi^{-1}(u),0.8499802543266809,406.2721484324244,0.912,3100,3350,250,50,overlapping,RED,"['PIT_uniformity_fail', 'ACF_dependence_fail']","Uniformity strongly rejected (min p=2.38e-08, KS=0.1800).; Independence strongly rejected (min Ljung-Box p=1.12e-92, |ACF lag-1|=0.8500)."
0.0999999999999999,0.0125203447299346,0.4868493333333173,0.0429378181583481,3.867665064372773,0.01,453.8950555990251,7.0967622284640666e-96,490.09855162030834,5.759332048977854e-99,530.7823218300414,1.0285436989731104e-99,z=Phi^{-1}(u),0.835475505607013,468.9251487332935,0.88,3150,3400,250,50,overlapping,RED,"['PIT_uniformity_warn', 'ACF_dependence_fail', 'coverage_warn']","Uniformity weakly rejected (min p=0.0125).; Independence strongly rejected (min Ljung-Box p=1.03e-99, |ACF lag-1|=0.8355).; Coverage mildly off-target by 0.020 (target=0.900)."
0.0479999999999999,0.5949413009568152,0.0931373333333173,0.6199627963962946,2.795060620269595,0.01,469.61825645472993,2.8767290195975744e-99,513.7219665757007,5.1530342434881154e-104,565.7827993878032,4.577521989480487e-107,z=Phi^{-1}(u),0.8326477228213959,456.6633452779775,0.888,3200,3450,250,50,overlapping,RED,['ACF_dependence_fail'],"Independence strongly rejected (min Ljung-Box p=4.58e-107, |ACF lag-1|=0.8326)."
0.094,0.0225406568153297,0.8074973333333172,0.0069659970567715,2.2794414149794022,0.01,378.0999250385591,1.5535114470118428e-79,409.784594875656,7.777085258109867e-82,428.5474756849173,2.3966203893989075e-78,z=Phi^{-1}(u),0.8018033317083638,445.0033705640191,0.892,3250,3500,250,50,overlapping,RED,"['PIT_uniformity_fail', 'ACF_dependence_fail']","Uniformity strongly rejected (min p=0.00697, KS=0.0940).; Independence strongly rejected (min Ljung-Box p=7.78e-82, |ACF lag-1|=0.8018)."
0.1219999999999999,0.0010608632709633,1.1159933333333174,0.0012977008363971,2.3162542163623243,0.01,324.82057322068255,4.596187055226148e-68,341.73291115987803,2.2609103229556932e-67,344.73026386494405,5.4225243678745945e-61,z=Phi^{-1}(u),0.7926292127792689,419.632033595807,0.908,3300,3550,250,50,overlapping,RED,"['PIT_uniformity_fail', 'ACF_dependence_fail']","Uniformity strongly rejected (min p=0.00106, KS=0.1220).; Independence strongly rejected (min Ljung-Box p=4.6e-68, |ACF lag-1|=0.7926)."
0.1419999999999999,7.331959943971304e-05,1.2941773333333173,0.0004994191755991,2.555845293387165,0.01,276.6671678953294,1.035008010778087e-57,283.1860362801283,5.536619708634827e-55,286.5993568293488,4.36657840243864e-49,z=Phi^{-1}(u),0.7713075382140195,397.8004825360059,0.928,3350,3600,250,50,overlapping,RED,"['PIT_uniformity_fail', 'ACF_dependence_fail', 'coverage_warn']","Uniformity strongly rejected (min p=7.33e-05, KS=0.1420).; Independence strongly rejected (min Ljung-Box p=1.04e-57, |ACF lag-1|=0.7713).; Coverage mildly off-target by 0.028 (target=0.900)."
0.07,0.1645397722936827,0.2747573333333333,0.1595020396473622,1.060707019604365,0.01,181.31084256762648,2.808478708805835e-37,188.8378266234657,3.4119584365460367e-35,226.2619780446433,6.698159850620079e-37,z=Phi^{-1}(u),0.7179021052006231,286.37727511065094,0.968,3400,3650,250,50,overlapping,RED,"['ACF_dependence_fail', 'overcoverage']","Independence strongly rejected (min Ljung-Box p=2.81e-37, |ACF lag-1|=0.7179).; Coverage off-target by 0.068 (target=0.900)."
0.1099999999999999,0.0043334485784834,0.8724533333333333,0.0048714615906232,0.5192493302566845,0.15,227.11280870445307,4.446163614618245e-47,229.51173940378965,1.0872178040079478e-43,251.88777883332307,4.753501586593633e-42,z=Phi^{-1}(u),0.753249931594117,326.6562491580364,0.936,3450,3700,250,50,overlapping,RED,"['PIT_uniformity_fail', 'ACF_dependence_fail', 'coverage_warn']","Uniformity strongly rejected (min p=0.00433, KS=0.1100).; Independence strongly rejected (min Ljung-Box p=4.45e-47, |ACF lag-1|=0.7532).; Coverage mildly off-target by 0.036 (target=0.900)."
0.0839999999999999,0.0553890740154743,0.5343013333333333,0.0325450307903567,0.5378033940970681,0.15,306.60580776390697,3.804753796112536e-64,320.2571005518965,8.047003092851115e-63,328.89140813557844,9.791791239037482e-58,z=Phi^{-1}(u),0.783567666264462,344.2396688937326,0.928,3500,3750,250,50,overlapping,RED,"['PIT_uniformity_warn', 'ACF_dependence_fail', 'coverage_warn']","Uniformity weakly rejected (min p=0.0325).; Independence strongly rejected (min Ljung-Box p=3.8e-64, |ACF lag-1|=0.7836).; Coverage mildly off-target by 0.028 (target=0.900)."
0.0979999999999999,0.0152929430424032,0.8605533333333334,0.0052003779687241,0.9990793215918928,0.0130482109637136,383.88350791830766,8.815823965969536e-81,399.660199697954,1.1118836028523934e-79,400.2589627537144,1.8062785548779656e-72,z=Phi^{-1}(u),0.8296626226036405,428.5416988660677,0.88,3550,3800,250,50,overlapping,RED,"['PIT_uniformity_fail', 'ACF_dependence_fail', 'coverage_warn']","Uniformity strongly rejected (min p=0.0052, KS=0.0980).; Independence strongly rejected (min Ljung-Box p=8.82e-81, |ACF lag-1|=0.8297).; Coverage mildly off-target by 0.020 (target=0.900)."
0.138,0.0001292813412389,1.7551293333333335,4.351816181247248e-05,2.6239244999602818,0.01,386.8187462781011,2.055040566052477e-81,402.1351464298829,3.305993236921402e-80,414.4648561589758,2.0306777598020301e-75,z=Phi^{-1}(u),0.8305228477282525,490.4880611743849,0.844,3600,3850,250,50,overlapping,RED,"['PIT_uniformity_fail', 'ACF_dependence_fail', 'undercoverage']","Uniformity strongly rejected (min p=4.35e-05, KS=0.1380).; Independence strongly rejected (min Ljung-Box p=2.06e-81, |ACF lag-1|=0.8305).; Coverage off-target by 0.056 (target=0.900)."
0.126,0.0006423606286764,0.8526413333333334,0.0054315053601544,2.798967992669077,0.01,491.83345460532576,4.6229006564533714e-104,539.0022628335627,2.0213738730658945e-109,591.7610512692922,1.5644906676507816e-112,z=Phi^{-1}(u),0.8638342070684694,493.1039572410979,0.848,3650,3900,250,50,overlapping,RED,"['PIT_uniformity_fail', 'ACF_dependence_fail', 'undercoverage']","Uniformity strongly rejected (min p=0.000642, KS=0.1260).; Independence strongly rejected (min Ljung-Box p=1.56e-112, |ACF lag-1|=0.8638).; Coverage off-target by 0.052 (target=0.900)."
0.118,0.001723677123827,0.5860253333333333,0.0241569575413774,3.098113178885228,0.01,461.1276525418756,1.953329156985152e-97,522.8418935450329,5.782906139597947e-106,537.8211126061573,3.4281785295053154e-101,z=Phi^{-1}(u),0.8488628118861213,479.4293234373143,0.868,3700,3950,250,50,overlapping,RED,"['PIT_uniformity_fail', 'ACF_dependence_fail', 'coverage_warn']","Uniformity strongly rejected (min p=0.00172, KS=0.1180).; Independence strongly rejected (min Ljung-Box p=5.78e-106, |ACF lag-1|=0.8489).; Coverage mildly off-target by 0.032 (target=0.900)."
0.1119999999999999,0.0034624885629555,0.4560453333333334,0.0515179465460566,2.6633612407973146,0.01,409.4575003478008,2.714836228502295e-86,455.3333995401172,1.5214551480362454e-91,465.79637147796274,4.1245187921097855e-86,z=Phi^{-1}(u),0.8345964339574845,456.745444393755,0.876,3750,4000,250,50,overlapping,RED,"['PIT_uniformity_fail', 'ACF_dependence_fail', 'coverage_warn']","Uniformity strongly rejected (min p=0.00346, KS=0.1120).; Independence strongly rejected (min Ljung-Box p=1.52e-91, |ACF lag-1|=0.8346).; Coverage mildly off-target by 0.024 (target=0.900)."
0.0879999999999999,0.0391297550232407,0.4001893333333334,0.0720903593562439,2.1545405850505404,0.01,399.2671862322795,4.267813402787788e-84,441.3567292160881,1.4565966684620167e-88,445.3505861076325,7.593940274114914e-82,z=Phi^{-1}(u),0.8244239743227119,423.2311632777833,0.916,3800,4050,250,50,overlapping,RED,"['PIT_uniformity_warn', 'ACF_dependence_fail']","Uniformity weakly rejected (min p=0.0391).; Independence strongly rejected (min Ljung-Box p=1.46e-88, |ACF lag-1|=0.8244)."
0.156,8.848081887923624e-06,0.8441173333333334,0.005692247466711,1.4661888474587386,0.01,391.6538809835429,1.8661010022892578e-82,422.249526408261,1.7214438426287045e-84,426.55606535185694,6.221729778363681e-78,z=Phi^{-1}(u),0.839783472198965,387.183313332699,0.924,3850,4100,250,50,overlapping,RED,"['PIT_uniformity_fail', 'ACF_dependence_fail', 'coverage_warn']","Uniformity strongly rejected (min p=8.85e-06, KS=0.1560).; Independence strongly rejected (min Ljung-Box p=1.72e-84, |ACF lag-1|=0.8398).; Coverage mildly off-target by 0.024 (target=0.900)."
0.0959999999999999,0.0186040510745638,0.3235413333333334,0.1161502888021621,1.5798601746215866,0.01,293.0932791475372,3.0575131967204e-61,296.23488912674094,9.714757123724442e-58,324.8295924694363,6.677471697716607e-57,z=Phi^{-1}(u),0.810707377084113,370.0658110421664,0.94,3900,4150,250,50,overlapping,RED,"['PIT_uniformity_warn', 'ACF_dependence_fail', 'coverage_warn']","Uniformity weakly rejected (min p=0.0186).; Independence strongly rejected (min Ljung-Box p=3.06e-61, |ACF lag-1|=0.8107).; Coverage mildly off-target by 0.040 (target=0.900)."
0.12,0.0013550102442608,0.4871853333333333,0.042853033426156,1.3293576517299923,0.01,308.5819187201664,1.4301366653227486e-64,311.1801636928278,6.714890657613674e-61,368.98172126318224,5.398124444398359e-66,z=Phi^{-1}(u),0.8154883692858533,328.9686910786261,0.956,3950,4200,250,50,overlapping,RED,"['PIT_uniformity_fail', 'ACF_dependence_fail', 'overcoverage']","Uniformity strongly rejected (min p=0.00136, KS=0.1200).; Independence strongly rejected (min Ljung-Box p=5.4e-66, |ACF lag-1|=0.8155).; Coverage off-target by 0.056 (target=0.900)."
0.0959999999999999,0.0186040510745638,0.3327693333333333,0.109534575699481,1.2893748844400932,0.01,316.12441182157806,3.4133191783003604e-66,319.27329036076674,1.3000347574713269e-62,394.5009093706304,2.8235011340245698e-71,z=Phi^{-1}(u),0.8187483792418726,318.7898227572329,0.956,4000,4250,250,50,overlapping,RED,"['PIT_uniformity_warn', 'ACF_dependence_fail', 'overcoverage']","Uniformity weakly rejected (min p=0.0186).; Independence strongly rejected (min Ljung-Box p=2.82e-71, |ACF lag-1|=0.8187).; Coverage off-target by 0.056 (target=0.900)."
0.152,1.652679981066289e-05,1.2807133333332972,0.0005366311833758,5.490180971389464,0.01,367.94740274044176,2.389297406526557e-77,381.2266828586432,9.27343939708738e-76,403.0277554883286,4.8123263709762745e-73,z=Phi^{-1}(u),0.8411471674715582,331.8296569523827,0.932,4050,4300,250,50,overlapping,RED,"['PIT_uniformity_fail', 'ACF_dependence_fail', 'coverage_warn']","Uniformity strongly rejected (min p=1.65e-05, KS=0.1520).; Independence strongly rejected (min Ljung-Box p=2.39e-77, |ACF lag-1|=0.8411).; Coverage mildly off-target by 0.032 (target=0.900)."
0.132,0.000293531424011,0.7321613333332972,0.0105834138793931,5.928346686867087,0.01,349.3559942446947,2.40854555148818e-73,358.5600769801489,6.0719566112272456e-71,369.2027308736218,4.859354237956308e-66,z=Phi^{-1}(u),0.8321053350354952,321.9812373596924,0.952,4100,4350,250,50,overlapping,RED,"['PIT_uniformity_fail', 'ACF_dependence_fail', 'overcoverage']","Uniformity strongly rejected (min p=0.000294, KS=0.1320).; Independence strongly rejected (min Ljung-Box p=2.41e-73, |ACF lag-1|=0.8321).; Coverage off-target by 0.052 (target=0.900)."
0.1119999999999999,0.0034624885629555,0.6820373333332972,0.0140133130568831,5.535049112025888,0.01,308.2543088323419,1.6820140462242457e-64,320.77926819511504,6.23819758290381e-63,327.8945218045285,1.5687126133297317e-57,z=Phi^{-1}(u),0.8106918375019743,318.3952778129179,0.94,4150,4400,250,50,overlapping,RED,"['PIT_uniformity_fail', 'ACF_dependence_fail', 'coverage_warn']","Uniformity strongly rejected (min p=0.00346, KS=0.1120).; Independence strongly rejected (min Ljung-Box p=1.68e-64, |ACF lag-1|=0.8107).; Coverage mildly off-target by 0.040 (target=0.900)."
0.0979999999999999,0.0152929430424032,0.5326133333332974,0.0328653145971846,5.853758358704681,0.01,315.6962833837656,4.2195538475841496e-66,331.5318212921343,3.289213274018201e-65,336.97288243628367,2.1393381217186432e-59,z=Phi^{-1}(u),0.8151300506787712,320.3732493158287,0.932,4200,4450,250,50,overlapping,RED,"['PIT_uniformity_warn', 'ACF_dependence_fail', 'coverage_warn']","Uniformity weakly rejected (min p=0.0153).; Independence strongly rejected (min Ljung-Box p=4.22e-66, |ACF lag-1|=0.8151).; Coverage mildly off-target by 0.032 (target=0.900)."
0.18,1.471143755962186e-07,2.2381893333332976,3.46234549286617e-06,4.281623038321413,0.01,367.2552190448049,3.367875268709285e-77,383.5276763867122,3.005971590954685e-76,387.4938787217303,7.992236856879198e-70,z=Phi^{-1}(u),0.8379747598124805,366.52745584578,0.9,4250,4500,250,50,overlapping,RED,"['PIT_uniformity_fail', 'ACF_dependence_fail']","Uniformity strongly rejected (min p=1.47e-07, KS=0.1800).; Independence strongly rejected (min Ljung-Box p=3.37e-77, |ACF lag-1|=0.8380)."
0.134,0.0002242473030294,1.0843893333333332,0.0015387043410843,0.5659900832321227,0.1450070834056266,249.1167887882833,8.503924067633139e-52,259.74365084795545,4.838491008570436e-50,286.6540546551139,4.256025412748543e-49,z=Phi^{-1}(u),0.7842080011392618,308.7822742196718,0.932,4300,4550,250,50,overlapping,RED,"['PIT_uniformity_fail', 'ACF_dependence_fail', 'coverage_warn']","Uniformity strongly rejected (min p=0.000224, KS=0.1340).; Independence strongly rejected (min Ljung-Box p=8.5e-52, |ACF lag-1|=0.7842).; Coverage mildly off-target by 0.032 (target=0.900)."
0.1099999999999999,0.0043334485784834,0.8432613333333333,0.0057191270446375,0.7920722918321985,0.0412349392016253,271.13973232101154,1.5927956127545321e-56,283.5346949948858,4.6736546346737795e-55,293.8839993333231,1.4311923993368854e-50,z=Phi^{-1}(u),0.7918241458305744,275.9347715482026,0.944,4350,4600,250,50,overlapping,RED,"['PIT_uniformity_fail', 'ACF_dependence_fail', 'coverage_warn']","Uniformity strongly rejected (min p=0.00433, KS=0.1100).; Independence strongly rejected (min Ljung-Box p=1.59e-56, |ACF lag-1|=0.7918).; Coverage mildly off-target by 0.044 (target=0.900)."
0.186,4.810089914305226e-08,2.7958293333333333,1.8915403987573853e-07,0.8773031894206156,0.0243237787573504,376.9814562700551,2.705622213723587e-79,386.2122319812668,8.074110200489255e-77,392.7447977973732,6.5279447944344925e-71,z=Phi^{-1}(u),0.8438401838338006,283.543179685285,0.944,4400,4650,250,50,overlapping,RED,"['PIT_uniformity_fail', 'ACF_dependence_fail', 'coverage_warn']","Uniformity strongly rejected (min p=4.81e-08, KS=0.1860).; Independence strongly rejected (min Ljung-Box p=2.71e-79, |ACF lag-1|=0.8438).; Coverage mildly off-target by 0.044 (target=0.900)."
0.2139999999999999,1.5814280556184449e-10,3.5004053333333336,4.8426530563361325e-09,0.8249546727211907,0.0343844431830852,322.7232200345805,1.2990867942083078e-67,325.0441015977635,7.794036738068561e-64,341.9452043618991,2.0298123168663823e-60,z=Phi^{-1}(u),0.8345346818441,311.2948949876749,0.924,4450,4700,250,50,overlapping,RED,"['PIT_uniformity_fail', 'ACF_dependence_fail', 'coverage_warn']","Uniformity strongly rejected (min p=1.58e-10, KS=0.2140).; Independence strongly rejected (min Ljung-Box p=1.3e-67, |ACF lag-1|=0.8345).; Coverage mildly off-target by 0.024 (target=0.900)."
0.186,4.810089914305226e-08,2.5967933333333293,5.334018470248836e-07,1.3226091503092618,0.01,279.7106432076078,2.2968754274189426e-58,281.4773891446273,1.2700913116322347e-54,295.10442508115665,8.068049555725668e-51,z=Phi^{-1}(u),0.7677731668243079,343.37657288923344,0.916,4500,4750,250,50,overlapping,RED,"['PIT_uniformity_fail', 'ACF_dependence_fail']","Uniformity strongly rejected (min p=4.81e-08, KS=0.1860).; Independence strongly rejected (min Ljung-Box p=2.3e-58, |ACF lag-1|=0.7678)."
0.1859999999999999,4.810089914305324e-08,2.2399693333333253,3.430302192630741e-06,3.2960449739904334,0.01,324.0714526288144,6.6615037877680756e-68,325.6822862207733,5.709112637005338e-64,344.4570149146922,6.172429019107171e-61,z=Phi^{-1}(u),0.7764813256669315,374.866431801998,0.876,4550,4800,250,50,overlapping,RED,"['PIT_uniformity_fail', 'ACF_dependence_fail', 'coverage_warn']","Uniformity strongly rejected (min p=4.81e-08, KS=0.1860).; Independence strongly rejected (min Ljung-Box p=6.66e-68, |ACF lag-1|=0.7765).; Coverage mildly off-target by 0.024 (target=0.900)."
0.1719999999999999,6.160263358136013e-07,1.5853453333333252,0.0001065028908704,3.399996369374321,0.01,333.90318012166205,5.104949307063048e-70,340.24770311278,4.669502867799908e-67,369.69074473410245,3.8524917728956233e-66,z=Phi^{-1}(u),0.7780329816518012,398.9935543695807,0.852,4600,4850,250,50,overlapping,RED,"['PIT_uniformity_fail', 'ACF_dependence_fail', 'coverage_warn']","Uniformity strongly rejected (min p=6.16e-07, KS=0.1720).; Independence strongly rejected (min Ljung-Box p=5.1e-70, |ACF lag-1|=0.7780).; Coverage mildly off-target by 0.048 (target=0.900)."
0.0919999999999999,0.0272001300552793,0.3666013333333253,0.0886128913299848,3.996913508326031,0.01,282.1411390289382,6.901732667625061e-59,285.5482350908853,1.7564161067215808e-55,301.9041585027969,3.300958478166405e-52,z=Phi^{-1}(u),0.7475977712001535,380.64490723379305,0.856,4650,4900,250,50,overlapping,RED,"['PIT_uniformity_warn', 'ACF_dependence_fail', 'coverage_warn']","Uniformity weakly rejected (min p=0.0272).; Independence strongly rejected (min Ljung-Box p=6.9e-59, |ACF lag-1|=0.7476).; Coverage mildly off-target by 0.044 (target=0.900)."
0.088,0.0391297550232406,0.5575693333332933,0.0284479300394984,6.380729268975813,0.01,237.08920046012935,3.2315015722571228e-49,238.9243301281376,1.1524281841990842e-45,249.40950840714663,1.5025975352486667e-41,z=Phi^{-1}(u),0.7296773331076736,374.9789173366741,0.872,4700,4950,250,50,overlapping,RED,"['PIT_uniformity_warn', 'ACF_dependence_fail', 'coverage_warn']","Uniformity weakly rejected (min p=0.0284).; Independence strongly rejected (min Ljung-Box p=3.23e-49, |ACF lag-1|=0.7297).; Coverage mildly off-target by 0.028 (target=0.900)."
0.108,0.0054015033651195,0.7607253333332973,0.0090270614789672,5.562724874743537,0.01,184.1294453273565,7.020356036889394e-38,190.60352745096736,1.464132692141264e-35,202.5938485407668,3.4503964875627514e-32,z=Phi^{-1}(u),0.7130941420380164,308.60475015695306,0.904,4750,5000,250,50,overlapping,RED,"['PIT_uniformity_fail', 'ACF_dependence_fail']","Uniformity strongly rejected (min p=0.0054, KS=0.1080).; Independence strongly rejected (min Ljung-Box p=7.02e-38, |ACF lag-1|=0.7131)."
0.128,0.0004967972491749,0.9544213333333174,0.0031122228590493,3.096882464372527,0.01,153.4866948703315,2.4164241787965273e-31,157.2280018005874,1.2093100285252944e-28,163.36089146977503,1.6823485968887144e-24,z=Phi^{-1}(u),0.6871340391184646,270.0172176918936,0.932,4800,5050,250,50,overlapping,RED,"['PIT_uniformity_fail', 'ACF_dependence_fail', 'coverage_warn']","Uniformity strongly rejected (min p=0.000497, KS=0.1280).; Independence strongly rejected (min Ljung-Box p=2.42e-31, |ACF lag-1|=0.6871).; Coverage mildly off-target by 0.032 (target=0.900)."
0.142,7.331959943971247e-05,1.4496853333333175,0.0002183776489009,2.377951334230658,0.01,138.6855761398581,3.404361798330068e-28,145.240431151321,3.54574531276015e-26,160.09157424257745,7.209239411967584e-24,z=Phi^{-1}(u),0.6800428257412475,276.40992340581784,0.936,4850,5100,250,50,overlapping,RED,"['PIT_uniformity_fail', 'ACF_dependence_fail', 'coverage_warn']","Uniformity strongly rejected (min p=7.33e-05, KS=0.1420).; Independence strongly rejected (min Ljung-Box p=3.4e-28, |ACF lag-1|=0.6800).; Coverage mildly off-target by 0.036 (target=0.900)."
0.12,0.0013550102442608,1.1028573333333171,0.0013928573930493,2.097784721361876,0.01,144.94107676783997,1.5922408033806022e-29,146.33904876055882,2.1088811695396222e-26,152.53606344906828,2.052262738234436e-22,z=Phi^{-1}(u),0.6913487164478033,265.6531410256553,0.948,4900,5150,250,50,overlapping,RED,"['PIT_uniformity_fail', 'ACF_dependence_fail', 'coverage_warn']","Uniformity strongly rejected (min p=0.00136, KS=0.1200).; Independence strongly rejected (min Ljung-Box p=1.59e-29, |ACF lag-1|=0.6913).; Coverage mildly off-target by 0.048 (target=0.900)."
0.124,0.0008271899609853,1.3237173333333332,0.000426631030107,0.4691832487015688,0.15,140.89801590107075,1.152854375585431e-28,142.49778571604557,1.296047117845031e-25,146.7120755317608,2.6728388844600424e-21,z=Phi^{-1}(u),0.6809929694634621,244.5837705700877,0.944,4950,5200,250,50,overlapping,RED,"['PIT_uniformity_fail', 'ACF_dependence_fail', 'coverage_warn']","Uniformity strongly rejected (min p=0.000427, KS=0.1240).; Independence strongly rejected (min Ljung-Box p=1.15e-28, |ACF lag-1|=0.6810).; Coverage mildly off-target by 0.044 (target=0.900)."
0.15,2.244766886754376e-05,2.1876173333333333,4.509474894054399e-06,0.3647273673089728,0.15,179.2715583159224,7.656121074402763e-37,181.8706369866153,9.579083913008033e-34,203.05278019163623,2.7987487956899263e-32,z=Phi^{-1}(u),0.7271269157871113,274.9640775001327,0.912,5000,5250,250,50,overlapping,RED,"['PIT_uniformity_fail', 'ACF_dependence_fail']","Uniformity strongly rejected (min p=4.51e-06, KS=0.1500).; Independence strongly rejected (min Ljung-Box p=7.66e-37, |ACF lag-1|=0.7271)."
0.154,1.211756149014716e-05,1.1136533333333332,0.0013141571390765,1.8083452711117616,0.01,255.3223842568446,3.9627226331286155e-53,255.9271942505548,3.0756114982241204e-49,263.14271122702377,2.5263417448253504e-44,z=Phi^{-1}(u),0.8047246686678409,337.56553163293125,0.876,5050,5300,250,50,overlapping,RED,"['PIT_uniformity_fail', 'ACF_dependence_fail', 'coverage_warn']","Uniformity strongly rejected (min p=1.21e-05, KS=0.1540).; Independence strongly rejected (min Ljung-Box p=3.96e-53, |ACF lag-1|=0.8047).; Coverage mildly off-target by 0.024 (target=0.900)."
0.164,2.4133932149658096e-06,0.9883133333333172,0.0025882871623097,3.52387139261387,0.01,252.4541180790576,1.6350380357237045e-52,255.075735689529,4.646010879668969e-49,312.4057162783097,2.3495967718474848e-54,z=Phi^{-1}(u),0.802990218073156,345.7607795180452,0.88,5100,5350,250,50,overlapping,RED,"['PIT_uniformity_fail', 'ACF_dependence_fail', 'coverage_warn']","Uniformity strongly rejected (min p=2.41e-06, KS=0.1640).; Independence strongly rejected (min Ljung-Box p=2.35e-54, |ACF lag-1|=0.8030).; Coverage mildly off-target by 0.020 (target=0.900)."
0.236,9.864814950888854e-13,2.382373333333317,1.631147234393282e-06,4.2846512410028765,0.01,289.34396980967483,1.9551981798038851e-60,289.64798582213746,2.3931360245169175e-56,317.5516737993127,2.0749025392401207e-55,z=Phi^{-1}(u),0.8229479845607194,391.8896072666099,0.852,5150,5400,250,50,overlapping,RED,"['PIT_uniformity_fail', 'ACF_dependence_fail', 'coverage_warn']","Uniformity strongly rejected (min p=9.86e-13, KS=0.2360).; Independence strongly rejected (min Ljung-Box p=1.96e-60, |ACF lag-1|=0.8229).; Coverage mildly off-target by 0.048 (target=0.900)."
0.244,1.3683653881163276e-13,3.1497013333333173,2.998169090773217e-08,5.236088997352965,0.01,291.2770268996864,7.511742415805835e-61,291.53761468035736,9.546786599424762e-57,310.61268213187424,5.470144489534593e-54,z=Phi^{-1}(u),0.8191670417286204,400.9328804934662,0.856,5200,5450,250,50,overlapping,RED,"['PIT_uniformity_fail', 'ACF_dependence_fail', 'coverage_warn']","Uniformity strongly rejected (min p=1.37e-13, KS=0.2440).; Independence strongly rejected (min Ljung-Box p=7.51e-61, |ACF lag-1|=0.8192).; Coverage mildly off-target by 0.044 (target=0.900)."
0.182,1.0177424069145733e-07,1.5647053333333174,0.0001187754835407,4.956041544421197,0.01,332.3080894868689,1.1252788974449202e-69,338.1005361182644,1.3322639389768482e-66,344.2496433536149,6.809993492404165e-61,z=Phi^{-1}(u),0.8330485214021888,368.6036052506139,0.876,5250,5500,250,50,overlapping,RED,"['PIT_uniformity_fail', 'ACF_dependence_fail', 'coverage_warn']","Uniformity strongly rejected (min p=1.02e-07, KS=0.1820).; Independence strongly rejected (min Ljung-Box p=1.13e-69, |ACF lag-1|=0.8330).; Coverage mildly off-target by 0.024 (target=0.900)."
0.198,4.591565961933238e-09,1.7896013333333172,3.6302319377568e-05,4.972948040170991,0.01,294.9230013153207,1.2361634917594276e-61,299.07919181856494,2.433808515026024e-58,330.5084583686993,4.557988549450945e-58,z=Phi^{-1}(u),0.8096918841505865,284.2288288574575,0.924,5300,5550,250,50,overlapping,RED,"['PIT_uniformity_fail', 'ACF_dependence_fail', 'coverage_warn']","Uniformity strongly rejected (min p=4.59e-09, KS=0.1980).; Independence strongly rejected (min Ljung-Box p=1.24e-61, |ACF lag-1|=0.8097).; Coverage mildly off-target by 0.024 (target=0.900)."
0.154,1.211756149014716e-05,0.9602293333333332,0.003015336259306,4.72139143397618,0.01,398.134219244586,7.488316152363164e-84,423.3139640866944,1.0211886170314796e-84,471.47137246905857,2.692696168123993e-87,z=Phi^{-1}(u),0.8306870519111913,252.6765163858735,0.924,5350,5600,250,50,overlapping,RED,"['PIT_uniformity_fail', 'ACF_dependence_fail', 'coverage_warn']","Uniformity strongly rejected (min p=1.21e-05, KS=0.1540).; Independence strongly rejected (min Ljung-Box p=2.69e-87, |ACF lag-1|=0.8307).; Coverage mildly off-target by 0.024 (target=0.900)."
0.1159999999999999,0.0021837382351525,1.0520253333333334,0.0018326066345724,4.819797234981337,0.01,262.0252331406977,1.4429119973668574e-54,264.1638230573317,5.675029625168169e-51,286.6231836416993,4.3180721159576826e-49,z=Phi^{-1}(u),0.7779487516393229,205.1074057832685,0.94,5400,5650,250,50,overlapping,RED,"['PIT_uniformity_fail', 'ACF_dependence_fail', 'coverage_warn']","Uniformity strongly rejected (min p=0.00183, KS=0.1160).; Independence strongly rejected (min Ljung-Box p=1.44e-54, |ACF lag-1|=0.7779).; Coverage mildly off-target by 0.040 (target=0.900)."
0.144,5.487659392626315e-05,1.8218213333333333,3.064720417289557e-05,4.010061946355592,0.01,275.4027650698596,1.934384685647149e-57,283.2904857259295,5.262593385614921e-55,335.04596230582234,5.3263398980677325e-59,z=Phi^{-1}(u),0.7942166896233636,195.90926899517785,0.94,5450,5700,250,50,overlapping,RED,"['PIT_uniformity_fail', 'ACF_dependence_fail', 'coverage_warn']","Uniformity strongly rejected (min p=3.06e-05, KS=0.1440).; Independence strongly rejected (min Ljung-Box p=5.33e-59, |ACF lag-1|=0.7942).; Coverage mildly off-target by 0.040 (target=0.900)."
0.12,0.0013550102442608,1.1682653333333173,0.0009797519852915,4.974778430560775,0.01,248.1493781716927,1.3714359117483273e-51,259.5781731347792,5.242573754908975e-50,329.54519210370034,7.187992380562871e-58,z=Phi^{-1}(u),0.7828043173781914,255.50090867296277,0.912,5500,5750,250,50,overlapping,RED,"['PIT_uniformity_fail', 'ACF_dependence_fail']","Uniformity strongly rejected (min p=0.00098, KS=0.1200).; Independence strongly rejected (min Ljung-Box p=7.19e-58, |ACF lag-1|=0.7828)."
0.146,4.090430161748284e-05,1.6488893333333174,7.615556087869901e-05,3.734547146045543,0.01,264.9169195884723,3.4547284305670485e-55,274.7690883231203,3.3031405198707284e-53,342.4306713130542,1.6126850519194988e-60,z=Phi^{-1}(u),0.7911539553071064,269.9583554164247,0.904,5550,5800,250,50,overlapping,RED,"['PIT_uniformity_fail', 'ACF_dependence_fail']","Uniformity strongly rejected (min p=4.09e-05, KS=0.1460).; Independence strongly rejected (min Ljung-Box p=1.61e-60, |ACF lag-1|=0.7912)."
0.0719999999999999,0.1425669535852262,0.3603013333333173,0.0921494174138146,2.9945223473453098,0.01,284.4851543632138,2.1642805010551293e-59,292.6051433271991,5.68004378002149e-57,326.6719141348541,2.795896903692851e-57,z=Phi^{-1}(u),0.8018760215799368,273.2489378485432,0.916,5600,5850,250,50,overlapping,RED,['ACF_dependence_fail'],"Independence strongly rejected (min Ljung-Box p=2.16e-59, |ACF lag-1|=0.8019)."
0.078,0.090497873806594,0.2829813333333174,0.1510564722418202,2.6656230993512224,0.01,322.74984155248893,1.2820671786661506e-67,330.4276950808828,5.6375488628700704e-65,364.9537753014545,3.666403830160866e-65,z=Phi^{-1}(u),0.8168918125724913,296.5393045530885,0.9,5650,5900,250,50,overlapping,RED,['ACF_dependence_fail'],"Independence strongly rejected (min Ljung-Box p=1.28e-67, |ACF lag-1|=0.8169)."
0.042,0.7535349147957915,0.0943693333333173,0.6135731299692792,2.075096690731016,0.01,308.80606762069687,1.2798945684097937e-64,313.34027225703005,2.3437788289783148e-61,333.5937494831436,1.0590110076619298e-58,z=Phi^{-1}(u),0.8102673680605461,310.0364641949616,0.888,5700,5950,250,50,overlapping,RED,['ACF_dependence_fail'],"Independence strongly rejected (min Ljung-Box p=1.28e-64, |ACF lag-1|=0.8103)."
0.066,0.2164684877017028,0.2223493333333333,0.2281074865284712,0.8752359277812047,0.0245151918721106,324.08608384901424,6.6133937383154976e-68,331.26012298632514,3.7555627899442076e-65,342.80238230387977,1.3522229985740498e-60,z=Phi^{-1}(u),0.8105989226305444,263.84165182574844,0.916,5750,6000,250,50,overlapping,RED,['ACF_dependence_fail'],"Independence strongly rejected (min Ljung-Box p=6.61e-68, |ACF lag-1|=0.8106)."
0.0999999999999999,0.0125203447299346,0.5893413333333334,0.0237027017150257,2.644063148082381,0.01,317.1007851651368,2.1045361888907764e-66,332.4985563968761,2.0520858114769375e-65,350.444159461201,3.608398928055267e-62,z=Phi^{-1}(u),0.7914625023773487,256.6895413306808,0.916,5800,6050,250,50,overlapping,RED,"['PIT_uniformity_warn', 'ACF_dependence_fail']","Uniformity weakly rejected (min p=0.0125).; Independence strongly rejected (min Ljung-Box p=2.1e-66, |ACF lag-1|=0.7915)."
0.128,0.0004967972491749,0.7006373333333333,0.0126238279910585,3.140573233469325,0.01,303.23451970616964,2.019467830715652e-63,323.6079360628196,1.570280893701815e-63,338.1944141613366,1.19972889432463e-59,z=Phi^{-1}(u),0.7734387185524659,257.71791398572395,0.896,5850,6100,250,50,overlapping,RED,"['PIT_uniformity_fail', 'ACF_dependence_fail']","Uniformity strongly rejected (min p=0.000497, KS=0.1280).; Independence strongly rejected (min Ljung-Box p=1.57e-63, |ACF lag-1|=0.7734)."
0.174,4.333396074387789e-07,1.7628213333333334,4.1792341670787714e-05,3.948183288473501,0.01,276.5043369438064,1.121815020734914e-57,281.7548836969223,1.109882987153289e-54,288.5873764464777,1.7189767653665885e-49,z=Phi^{-1}(u),0.756243758419424,219.9690646991216,0.916,5900,6150,250,50,overlapping,RED,"['PIT_uniformity_fail', 'ACF_dependence_fail']","Uniformity strongly rejected (min p=4.33e-07, KS=0.1740).; Independence strongly rejected (min Ljung-Box p=1.12e-57, |ACF lag-1|=0.7562)."
0.198,4.591565961933187e-09,2.088169333333333,7.585342002291995e-06,3.514716174958494,0.01,244.0001658553122,1.0648043955789133e-50,250.8157562930076,3.656795188509836e-48,258.5872954964649,2.1085459064762e-43,z=Phi^{-1}(u),0.7365334559919081,207.6242130344285,0.908,5950,6200,250,50,overlapping,RED,"['PIT_uniformity_fail', 'ACF_dependence_fail']","Uniformity strongly rejected (min p=4.59e-09, KS=0.1980).; Independence strongly rejected (min Ljung-Box p=1.06e-50, |ACF lag-1|=0.7365)."
0.186,4.810089914305226e-08,1.531561333333333,0.0001415287565342,3.787267858562132,0.01,177.50384867980554,1.8259067657033047e-36,183.43750759280084,4.527076710313828e-34,190.06998286502687,1.0249676682337205e-29,z=Phi^{-1}(u),0.6795972180421401,166.2370213622354,0.924,6000,6250,250,50,overlapping,RED,"['PIT_uniformity_fail', 'ACF_dependence_fail', 'coverage_warn']","Uniformity strongly rejected (min p=4.81e-08, KS=0.1860).; Independence strongly rejected (min Ljung-Box p=1.83e-36, |ACF lag-1|=0.6796).; Coverage mildly off-target by 0.024 (target=0.900)."
0.148,3.036436222239841e-05,1.0252733333333333,0.0021180930574876,3.09636834569352,0.01,178.61630853915645,1.0566607062615813e-36,180.81489959823497,1.586992656110731e-33,182.68591562072345,2.891062418687832e-28,z=Phi^{-1}(u),0.6935333640658081,164.2954359040772,0.92,6050,6300,250,50,overlapping,RED,"['PIT_uniformity_fail', 'ACF_dependence_fail', 'coverage_warn']","Uniformity strongly rejected (min p=3.04e-05, KS=0.1480).; Independence strongly rejected (min Ljung-Box p=1.06e-36, |ACF lag-1|=0.6935).; Coverage mildly off-target by 0.020 (target=0.900)."
0.142,7.331959943971247e-05,0.9813853333333332,0.0026875711558012,2.916779031770801,0.01,149.09770646009397,2.0776789257714785e-30,150.34065542369524,3.1719795997008144e-27,156.79248791524265,3.1189730467306753e-23,z=Phi^{-1}(u),0.68060467352922,160.54393746022654,0.924,6100,6350,250,50,overlapping,RED,"['PIT_uniformity_fail', 'ACF_dependence_fail', 'coverage_warn']","Uniformity strongly rejected (min p=7.33e-05, KS=0.1420).; Independence strongly rejected (min Ljung-Box p=2.08e-30, |ACF lag-1|=0.6806).; Coverage mildly off-target by 0.024 (target=0.900)."
0.0939999999999999,0.0225406568153297,0.3318533333333294,0.1101721881332706,1.7209254091510502,0.01,209.35199593515827,2.832269463727708e-43,222.4268533290332,3.3174158601763065e-42,250.471020204716,9.17905688572155e-42,z=Phi^{-1}(u),0.7364945774015186,244.59566083838456,0.884,6150,6400,250,50,overlapping,RED,"['PIT_uniformity_warn', 'ACF_dependence_fail']","Uniformity weakly rejected (min p=0.0225).; Independence strongly rejected (min Ljung-Box p=2.83e-43, |ACF lag-1|=0.7365)."
0.1099999999999999,0.0043334485784834,0.5434773333333295,0.0308601737110861,1.7080893288362518,0.01,218.0625150299208,3.8634725658269095e-45,236.42322889822347,3.86008237125437e-45,284.0922539507372,1.4140418968727828e-48,z=Phi^{-1}(u),0.7251248086548207,240.57274788580003,0.892,6200,6450,250,50,overlapping,RED,"['PIT_uniformity_fail', 'ACF_dependence_fail']","Uniformity strongly rejected (min p=0.00433, KS=0.1100).; Independence strongly rejected (min Ljung-Box p=1.41e-48, |ACF lag-1|=0.7251)."
0.1739999999999999,4.333396074387871e-07,2.1317213333333256,6.039974589922004e-06,4.254279825361493,0.01,235.2281214601589,8.099198360078986e-49,239.28471588831732,9.681734351486911e-46,254.01480372033112,1.7690032752091772e-42,z=Phi^{-1}(u),0.7214272476746552,273.2181427956502,0.876,6250,6500,250,50,overlapping,RED,"['PIT_uniformity_fail', 'ACF_dependence_fail', 'coverage_warn']","Uniformity strongly rejected (min p=4.33e-07, KS=0.1740).; Independence strongly rejected (min Ljung-Box p=8.1e-49, |ACF lag-1|=0.7214).; Coverage mildly off-target by 0.024 (target=0.900)."
0.22,4.168813426318746e-11,3.0407613333333257,5.285678361666157e-08,7.054486257199471,0.01,250.87768410188227,3.562852199315969e-52,259.7334582788192,4.862454940238983e-50,290.7674608610997,6.181213158101505e-50,z=Phi^{-1}(u),0.7375008337328244,313.6597728960727,0.852,6300,6550,250,50,overlapping,RED,"['PIT_uniformity_fail', 'ACF_dependence_fail', 'coverage_warn']","Uniformity strongly rejected (min p=4.17e-11, KS=0.2200).; Independence strongly rejected (min Ljung-Box p=3.56e-52, |ACF lag-1|=0.7375).; Coverage mildly off-target by 0.048 (target=0.900)."
0.318,5.570166771421436e-23,4.967093333333326,4.1663561489713175e-11,10.884362609413415,0.01,300.23115221058856,8.932405142284609e-63,308.9930851258962,1.9488772428094543e-60,343.12019429379853,1.1631516553339284e-60,z=Phi^{-1}(u),0.7503510354742611,311.0578275209483,0.856,6350,6600,250,50,overlapping,RED,"['PIT_uniformity_fail', 'ACF_dependence_fail', 'coverage_warn']","Uniformity strongly rejected (min p=5.57e-23, KS=0.3180).; Independence strongly rejected (min Ljung-Box p=8.93e-63, |ACF lag-1|=0.7504).; Coverage mildly off-target by 0.044 (target=0.900)."
0.382,2.5843802615269483e-33,8.338389333333328,5.894718047017021e-11,11.738311809240429,0.01,215.65245639922583,1.2680663099853866e-44,217.85955976130052,2.998237900373853e-41,224.8992232710815,1.2545391600921412e-36,z=Phi^{-1}(u),0.6911571704835682,219.0779947885127,0.904,6400,6650,250,50,overlapping,RED,"['PIT_uniformity_fail', 'ACF_dependence_fail']","Uniformity strongly rejected (min p=2.58e-33, KS=0.3820).; Independence strongly rejected (min Ljung-Box p=1.27e-44, |ACF lag-1|=0.6912)."
0.408,3.9190490667177693e-38,9.394513333333318,5.944652547995587e-10,11.06357589493092,0.01,208.3380655327501,4.668465809953284e-43,212.30447030286987,4.352045963535598e-40,217.39209299908163,3.9556562893525405e-35,z=Phi^{-1}(u),0.6853320452787922,233.81115442201585,0.892,6450,6700,250,50,overlapping,RED,"['PIT_uniformity_fail', 'ACF_dependence_fail']","Uniformity strongly rejected (min p=3.92e-38, KS=0.4080).; Independence strongly rejected (min Ljung-Box p=4.67e-43, |ACF lag-1|=0.6853)."
0.396,7.302247190733925e-36,8.32232133333333,5.665456992431928e-11,12.170431182124275,0.01,192.6808737242212,1.044000612276248e-39,200.23529004203948,1.4414976544262106e-37,206.8663314859056,4.907148242901168e-33,z=Phi^{-1}(u),0.6927108605010839,204.87883645155028,0.908,6500,6750,250,50,overlapping,RED,"['PIT_uniformity_fail', 'ACF_dependence_fail']","Uniformity strongly rejected (min p=7.3e-36, KS=0.3960).; Independence strongly rejected (min Ljung-Box p=1.04e-39, |ACF lag-1|=0.6927)."
0.384,1.1343219354101425e-33,8.363593333333299,6.271227981358152e-11,10.91136929939728,0.01,158.7096531657183,1.8644192341694527e-32,162.56841372468546,9.553515371274977e-30,177.02910245730376,3.697896009887809e-27,z=Phi^{-1}(u),0.6644167386796502,189.0034227609233,0.924,6550,6800,250,50,overlapping,RED,"['PIT_uniformity_fail', 'ACF_dependence_fail', 'coverage_warn']","Uniformity strongly rejected (min p=1.13e-33, KS=0.3840).; Independence strongly rejected (min Ljung-Box p=1.86e-32, |ACF lag-1|=0.6644).; Coverage mildly off-target by 0.024 (target=0.900)."
0.248,4.9654153462026686e-14,3.3194853333332976,1.2391864312455423e-08,7.438180672526187,0.01,209.5017590561685,2.6307243599190805e-43,223.53373295771533,1.945309686245389e-42,246.2775143443183,6.426497185531644e-41,z=Phi^{-1}(u),0.7135925936697481,205.7239303625657,0.912,6600,6850,250,50,overlapping,RED,"['PIT_uniformity_fail', 'ACF_dependence_fail']","Uniformity strongly rejected (min p=4.97e-14, KS=0.2480).; Independence strongly rejected (min Ljung-Box p=2.63e-43, |ACF lag-1|=0.7136)."
0.176,3.035628155315092e-07,1.5762653333332972,0.0001117365296684,7.0010816919442505,0.01,256.0481861611919,2.7683602535369302e-53,265.289988594032,3.286682894546353e-51,271.849323478962,4.346147327202775e-46,z=Phi^{-1}(u),0.7566941704438475,253.6643431565916,0.872,6650,6900,250,50,overlapping,RED,"['PIT_uniformity_fail', 'ACF_dependence_fail', 'coverage_warn']","Uniformity strongly rejected (min p=3.04e-07, KS=0.1760).; Independence strongly rejected (min Ljung-Box p=2.77e-53, |ACF lag-1|=0.7567).; Coverage mildly off-target by 0.028 (target=0.900)."
0.1159999999999999,0.0021837382351525,1.167317333333317,0.0009847513938133,6.457187200239844,0.01,252.5907944329393,1.5282653787091304e-52,262.49230946177136,1.27641142572027e-50,280.3430170021163,8.185755394965306e-48,z=Phi^{-1}(u),0.7727408697222102,227.2797105466685,0.908,6700,6950,250,50,overlapping,RED,"['PIT_uniformity_fail', 'ACF_dependence_fail']","Uniformity strongly rejected (min p=0.000985, KS=0.1160).; Independence strongly rejected (min Ljung-Box p=1.53e-52, |ACF lag-1|=0.7727)."
0.11,0.0043334485784834,0.7608213333332974,0.0090222463616607,5.831687613887482,0.01,258.25225870274363,9.314396358079431e-54,263.32603686241055,8.51952565052475e-51,278.0416208186974,2.4033885465330816e-47,z=Phi^{-1}(u),0.744062459562975,253.9459177174321,0.888,6750,7000,250,50,overlapping,RED,"['PIT_uniformity_fail', 'ACF_dependence_fail']","Uniformity strongly rejected (min p=0.00433, KS=0.1100).; Independence strongly rejected (min Ljung-Box p=9.31e-54, |ACF lag-1|=0.7441)."
0.0979999999999999,0.0152929430424032,0.4416373333333295,0.0561400041483824,2.687949868968218,0.01,264.58560189397565,4.069579513313435e-55,276.7593826622816,1.2565674481925707e-53,298.9886956204052,1.3003506165178078e-51,z=Phi^{-1}(u),0.7383250706921342,235.82715473217283,0.892,6800,7050,250,50,overlapping,RED,"['PIT_uniformity_warn', 'ACF_dependence_fail']","Uniformity weakly rejected (min p=0.0153).; Independence strongly rejected (min Ljung-Box p=4.07e-55, |ACF lag-1|=0.7383)."
0.052,0.492263234686526,0.1493653333333293,0.3917211500814795,1.1226215045483912,0.01,208.4088339467884,4.508438482055356e-43,213.341772669909,2.6413875047168674e-40,225.34851035194836,1.020116104972844e-36,z=Phi^{-1}(u),0.7020993994105746,198.65205659859691,0.92,6850,7100,250,50,overlapping,RED,"['ACF_dependence_fail', 'coverage_warn']","Independence strongly rejected (min Ljung-Box p=4.51e-43, |ACF lag-1|=0.7021).; Coverage mildly off-target by 0.020 (target=0.900)."
0.0939999999999999,0.0225406568153297,0.7132493333333133,0.0117629419219272,3.4499983153895077,0.01,218.7944822367068,2.692751648678154e-45,222.9771044042045,2.5442945942854705e-42,233.57987373047152,2.29170195609991e-38,z=Phi^{-1}(u),0.7134658959764191,193.7625970059891,0.94,6900,7150,250,50,overlapping,RED,"['PIT_uniformity_warn', 'ACF_dependence_fail', 'coverage_warn']","Uniformity weakly rejected (min p=0.0118).; Independence strongly rejected (min Ljung-Box p=2.69e-45, |ACF lag-1|=0.7135).; Coverage mildly off-target by 0.040 (target=0.900)."
0.2159999999999999,1.0183309459024968e-10,3.098977333333314,3.9040031318826613e-08,4.46982435841602,0.01,217.10073551065705,6.208295278619991e-45,220.50539191828423,8.37734672644018e-42,235.63589053282143,8.864286782335815e-39,z=Phi^{-1}(u),0.7117063487055756,206.6833519035371,0.92,6950,7200,250,50,overlapping,RED,"['PIT_uniformity_fail', 'ACF_dependence_fail', 'coverage_warn']","Uniformity strongly rejected (min p=1.02e-10, KS=0.2160).; Independence strongly rejected (min Ljung-Box p=6.21e-45, |ACF lag-1|=0.7117).; Coverage mildly off-target by 0.020 (target=0.900)."
0.2119999999999999,2.4454631950970394e-10,2.3305533333331896,2.1376008124684982e-06,11.717671869137348,0.01,323.0793861858573,1.0889596470672916e-67,333.1686193590789,1.4796848526413066e-65,343.1150757846325,1.1659766666391303e-60,z=Phi^{-1}(u),0.8226599514828734,262.663471380715,0.892,7000,7250,250,50,overlapping,RED,"['PIT_uniformity_fail', 'ACF_dependence_fail']","Uniformity strongly rejected (min p=2.45e-10, KS=0.2120).; Independence strongly rejected (min Ljung-Box p=1.09e-67, |ACF lag-1|=0.8227)."
0.208,5.773604210119882e-10,2.311797333333077,2.35745547272348e-06,15.138475338456828,0.01,330.0482604643197,3.4479215577637586e-69,345.10474171392354,4.3556766416261336e-68,369.8014697749008,3.654786392421728e-66,z=Phi^{-1}(u),0.827077019255131,321.77159943859,0.884,7050,7300,250,50,overlapping,RED,"['PIT_uniformity_fail', 'ACF_dependence_fail']","Uniformity strongly rejected (min p=5.77e-10, KS=0.2080).; Independence strongly rejected (min Ljung-Box p=3.45e-69, |ACF lag-1|=0.8271)."
0.216,1.0183309459024838e-10,3.0759213333330773,4.401749431615088e-08,16.74771632922574,0.01,343.86295245889625,3.666814305769984e-72,362.6000694538233,8.421900209666878e-72,395.1691417714129,2.0524073223140165e-71,z=Phi^{-1}(u),0.8325645296027788,383.39540366657553,0.86,7100,7350,250,50,overlapping,RED,"['PIT_uniformity_fail', 'ACF_dependence_fail', 'coverage_warn']","Uniformity strongly rejected (min p=1.02e-10, KS=0.2160).; Independence strongly rejected (min Ljung-Box p=3.67e-72, |ACF lag-1|=0.8326).; Coverage mildly off-target by 0.040 (target=0.900)."
0.136,0.0001706166522264,1.3452733333331892,0.0003803497220777,12.803333471847624,0.01,315.76763661155803,4.0730399387564554e-66,339.8772472981883,5.595423015205609e-67,400.23950062672463,1.8231474672718816e-72,z=Phi^{-1}(u),0.8163294819723593,341.8227657794318,0.88,7150,7400,250,50,overlapping,RED,"['PIT_uniformity_fail', 'ACF_dependence_fail', 'coverage_warn']","Uniformity strongly rejected (min p=0.000171, KS=0.1360).; Independence strongly rejected (min Ljung-Box p=1.82e-72, |ACF lag-1|=0.8163).; Coverage mildly off-target by 0.020 (target=0.900)."
0.1139999999999999,0.0027553557925281,1.1106653333331895,0.0013354777408478,12.98598031570151,0.01,301.5437105477638,4.6641547131880976e-63,387.5243294492839,4.2465608469738865e-77,527.2077112935688,5.782689171789453e-99,z=Phi^{-1}(u),0.8091034043681575,382.0895830016742,0.88,7200,7450,250,50,overlapping,RED,"['PIT_uniformity_fail', 'ACF_dependence_fail', 'coverage_warn']","Uniformity strongly rejected (min p=0.00134, KS=0.1140).; Independence strongly rejected (min Ljung-Box p=5.78e-99, |ACF lag-1|=0.8091).; Coverage mildly off-target by 0.020 (target=0.900)."
0.146,4.090430161748266e-05,0.9715893333333172,0.0028345887970901,7.117617671817413,0.01,226.7976586939789,5.194248696646609e-47,282.0677846109345,9.53335779665728e-55,338.70229613961,9.432508586864165e-60,z=Phi^{-1}(u),0.7272590217974676,297.8412958685184,0.932,7250,7500,250,50,overlapping,RED,"['PIT_uniformity_fail', 'ACF_dependence_fail', 'coverage_warn']","Uniformity strongly rejected (min p=4.09e-05, KS=0.1460).; Independence strongly rejected (min Ljung-Box p=9.43e-60, |ACF lag-1|=0.7273).; Coverage mildly off-target by 0.032 (target=0.900)."
0.122,0.0010608632709633,0.6972373333333334,0.0128668076390576,3.069802861750929,0.01,161.0448467985575,5.927337780554528e-33,190.46205575598333,1.5668397544417853e-35,216.12577711725837,7.072710173372104e-35,z=Phi^{-1}(u),0.6655392929153018,241.6072294761576,0.94,7300,7550,250,50,overlapping,RED,"['PIT_uniformity_fail', 'ACF_dependence_fail', 'coverage_warn']","Uniformity strongly rejected (min p=0.00106, KS=0.1220).; Independence strongly rejected (min Ljung-Box p=1.57e-35, |ACF lag-1|=0.6655).; Coverage mildly off-target by 0.040 (target=0.900)."
0.1119999999999999,0.0034624885629555,0.7713813333333333,0.0085083105535228,3.222704921084926,0.01,137.9062725959586,4.984723889395372e-28,162.83318707201656,8.422864835062141e-30,188.0385326286558,2.5722473540842466e-29,z=Phi^{-1}(u),0.6258736043633213,195.2548131009769,0.96,7350,7600,250,50,overlapping,RED,"['PIT_uniformity_fail', 'ACF_dependence_fail', 'overcoverage']","Uniformity strongly rejected (min p=0.00346, KS=0.1120).; Independence strongly rejected (min Ljung-Box p=8.42e-30, |ACF lag-1|=0.6259).; Coverage off-target by 0.060 (target=0.900)."
0.122,0.0010608632709633,0.8838613333333332,0.0045760250930817,3.97551190678999,0.01,177.30866822033326,2.0097999007903017e-36,194.60321269527824,2.1515615378335186e-36,219.9825049356716,1.2038312325371702e-35,z=Phi^{-1}(u),0.6712065223942768,200.5609056744378,0.96,7400,7650,250,50,overlapping,RED,"['PIT_uniformity_fail', 'ACF_dependence_fail', 'overcoverage']","Uniformity strongly rejected (min p=0.00106, KS=0.1220).; Independence strongly rejected (min Ljung-Box p=2.01e-36, |ACF lag-1|=0.6712).; Coverage off-target by 0.060 (target=0.900)."
0.1019999999999999,0.0102089770242199,0.6773693333333333,0.0143861176057742,1.6701851228649502,0.01,152.5037584035831,3.912768745494904e-31,171.0682005185763,1.666876424196248e-31,193.13737900432488,2.5497960051640047e-30,z=Phi^{-1}(u),0.6338792008600103,150.67304638009898,0.944,7450,7700,250,50,overlapping,RED,"['PIT_uniformity_warn', 'ACF_dependence_fail', 'coverage_warn']","Uniformity weakly rejected (min p=0.0102).; Independence strongly rejected (min Ljung-Box p=1.67e-31, |ACF lag-1|=0.6339).; Coverage mildly off-target by 0.044 (target=0.900)."
0.1139999999999999,0.0027553557925281,1.0074373333333293,0.002333091887489,3.074779521491365,0.01,196.9623833962268,1.2681001238945376e-40,212.7485174615132,3.514509156983099e-40,238.04233976901332,2.9137273950035818e-39,z=Phi^{-1}(u),0.6725507464832606,172.53308707825357,0.908,7500,7750,250,50,overlapping,RED,"['PIT_uniformity_fail', 'ACF_dependence_fail']","Uniformity strongly rejected (min p=0.00233, KS=0.1140).; Independence strongly rejected (min Ljung-Box p=1.27e-40, |ACF lag-1|=0.6726)."
0.1579999999999999,6.434116740158383e-06,2.318045333333297,2.2818101551580483e-06,6.4024690451759625,0.01,231.7842630262091,4.43343546022216e-48,238.2028558614347,1.6333194782583482e-45,250.9118151347647,7.479891498835383e-42,z=Phi^{-1}(u),0.6901041182418134,184.0364330344399,0.892,7550,7800,250,50,overlapping,RED,"['PIT_uniformity_fail', 'ACF_dependence_fail']","Uniformity strongly rejected (min p=2.28e-06, KS=0.1580).; Independence strongly rejected (min Ljung-Box p=4.43e-48, |ACF lag-1|=0.6901)."
0.172,6.160263358135895e-07,3.2591453333332976,1.696244400495317e-08,5.832484160332854,0.01,202.34474599708437,8.949036032109702e-42,212.2737706636865,4.416833303941054e-40,236.85309192913928,5.049977452041758e-39,z=Phi^{-1}(u),0.6716067788406034,171.65076943026216,0.888,7600,7850,250,50,overlapping,RED,"['PIT_uniformity_fail', 'ACF_dependence_fail']","Uniformity strongly rejected (min p=1.7e-08, KS=0.1720).; Independence strongly rejected (min Ljung-Box p=8.95e-42, |ACF lag-1|=0.6716)."
0.166,1.726138801805241e-06,2.912761333333297,1.0290721208505717e-07,6.026817637970908,0.01,201.8080645123192,1.1657410115795466e-41,216.2678184796196,6.454891488055476e-41,238.54000725313463,2.3145803175968523e-39,z=Phi^{-1}(u),0.6774845211124949,163.93467186578297,0.88,7650,7900,250,50,overlapping,RED,"['PIT_uniformity_fail', 'ACF_dependence_fail', 'coverage_warn']","Uniformity strongly rejected (min p=1.03e-07, KS=0.1660).; Independence strongly rejected (min Ljung-Box p=1.17e-41, |ACF lag-1|=0.6775).; Coverage mildly off-target by 0.020 (target=0.900)."
0.186,4.8100899143052806e-08,3.2339173333332973,1.934219528987313e-08,5.316876188793287,0.01,180.57151233954704,4.040006842663137e-37,185.52030341177235,1.670861735456343e-34,193.59761273651444,2.0690281490776214e-30,z=Phi^{-1}(u),0.6570823384727809,153.02415251122466,0.9,7700,7950,250,50,overlapping,RED,"['PIT_uniformity_fail', 'ACF_dependence_fail']","Uniformity strongly rejected (min p=1.93e-08, KS=0.1860).; Independence strongly rejected (min Ljung-Box p=4.04e-37, |ACF lag-1|=0.6571)."
0.17,8.72093384377922e-07,2.662885333333317,3.779926509572818e-07,3.047321853974154,0.01,167.69463842713645,2.264203544123457e-34,169.6382051356532,3.2962159477427863e-31,176.61777100703767,4.4493154145829735e-27,z=Phi^{-1}(u),0.6454806540621681,127.58814995036056,0.92,7750,8000,250,50,overlapping,RED,"['PIT_uniformity_fail', 'ACF_dependence_fail', 'coverage_warn']","Uniformity strongly rejected (min p=3.78e-07, KS=0.1700).; Independence strongly rejected (min Ljung-Box p=2.26e-34, |ACF lag-1|=0.6455).; Coverage mildly off-target by 0.020 (target=0.900)."
0.1239999999999999,0.0008271899609853,1.5321733333333332,0.0001410712514315,0.5087544350039366,0.15,168.2855717568006,1.6937931200813538e-34,169.9061475770888,2.900957332289745e-31,203.5106635941991,2.27115623011756e-32,z=Phi^{-1}(u),0.644184797747366,114.67747453928104,0.92,7800,8050,250,50,overlapping,RED,"['PIT_uniformity_fail', 'ACF_dependence_fail', 'coverage_warn']","Uniformity strongly rejected (min p=0.000141, KS=0.1240).; Independence strongly rejected (min Ljung-Box p=1.69e-34, |ACF lag-1|=0.6442).; Coverage mildly off-target by 0.020 (target=0.900)."
0.154,1.211756149014716e-05,2.484617333333334,9.5702951563581e-07,0.8082896083799938,0.0378563315875013,182.1666977595173,1.8435664008717664e-37,182.97865618324477,5.638373787319105e-34,208.07524850599057,2.8239474786767588e-33,z=Phi^{-1}(u),0.6641330462230042,136.35522559737038,0.896,7850,8100,250,50,overlapping,RED,"['PIT_uniformity_fail', 'ACF_dependence_fail']","Uniformity strongly rejected (min p=9.57e-07, KS=0.1540).; Independence strongly rejected (min Ljung-Box p=1.84e-37, |ACF lag-1|=0.6641)."
0.2339999999999999,1.5990656520224716e-12,4.805389333333334,2.4559132505430622e-11,1.9083114716666216,0.01,202.33665364508127,8.984785043592169e-42,203.33172596823945,3.257017621379306e-38,212.04240136355827,4.5969425315747266e-34,z=Phi^{-1}(u),0.6979914386318918,166.30501821631188,0.872,7900,8150,250,50,overlapping,RED,"['PIT_uniformity_fail', 'ACF_dependence_fail', 'coverage_warn']","Uniformity strongly rejected (min p=1.6e-12, KS=0.2340).; Independence strongly rejected (min Ljung-Box p=8.98e-42, |ACF lag-1|=0.6980).; Coverage mildly off-target by 0.028 (target=0.900)."
0.2139999999999999,1.5814280556184449e-10,2.527525333333333,7.652345845876596e-07,3.944653192793055,0.01,355.3448226504872,1.236822323404444e-74,362.2535267313779,9.977209952964805e-72,370.74515695955625,2.332645376542464e-66,z=Phi^{-1}(u),0.7923018783748683,186.79331594345533,0.844,7950,8200,250,50,overlapping,RED,"['PIT_uniformity_fail', 'ACF_dependence_fail', 'undercoverage']","Uniformity strongly rejected (min p=1.58e-10, KS=0.2140).; Independence strongly rejected (min Ljung-Box p=1.24e-74, |ACF lag-1|=0.7923).; Coverage off-target by 0.056 (target=0.900)."
0.2159999999999999,1.0183309459024968e-10,2.7743613333333337,2.1152399898305418e-07,6.92819939419627,0.01,360.9339396589858,7.740267235785975e-76,366.2038295891987,1.4452673557866334e-72,398.14518370288897,4.956750224110325e-72,z=Phi^{-1}(u),0.7965589143619136,181.82095643560143,0.86,8000,8250,250,50,overlapping,RED,"['PIT_uniformity_fail', 'ACF_dependence_fail', 'coverage_warn']","Uniformity strongly rejected (min p=1.02e-10, KS=0.2160).; Independence strongly rejected (min Ljung-Box p=7.74e-76, |ACF lag-1|=0.7966).; Coverage mildly off-target by 0.040 (target=0.900)."
0.1699999999999999,8.720933843779303e-07,1.8099253333333332,3.2624106753420534e-05,6.990192913639191,0.01,350.4589793520279,1.3940760839674608e-73,356.7453181570547,1.4744626299177813e-70,388.6669540474836,4.567621104255936e-70,z=Phi^{-1}(u),0.7948937852790385,170.18002951957044,0.876,8050,8300,250,50,overlapping,RED,"['PIT_uniformity_fail', 'ACF_dependence_fail', 'coverage_warn']","Uniformity strongly rejected (min p=8.72e-07, KS=0.1700).; Independence strongly rejected (min Ljung-Box p=1.39e-73, |ACF lag-1|=0.7949).; Coverage mildly off-target by 0.024 (target=0.900)."
0.148,3.036436222239841e-05,1.3110413333333333,0.0004564558371423,7.323488489396823,0.01,290.9101146513555,9.007394295839799e-61,300.5689980494328,1.1785626978454114e-58,327.82882197657005,1.6181980100046735e-57,z=Phi^{-1}(u),0.7742169126270099,154.64242018630273,0.896,8100,8350,250,50,overlapping,RED,"['PIT_uniformity_fail', 'ACF_dependence_fail']","Uniformity strongly rejected (min p=3.04e-05, KS=0.1480).; Independence strongly rejected (min Ljung-Box p=9.01e-61, |ACF lag-1|=0.7742)."
0.148,3.036436222239841e-05,1.5457173333333332,0.0001313183397072,7.155690663214841,0.01,205.7777187863769,1.6488016954902863e-42,223.943228968632,1.5966817310086117e-42,270.0182315980185,1.022138902116801e-45,z=Phi^{-1}(u),0.6903327773914892,119.78479959445566,0.928,8150,8400,250,50,overlapping,RED,"['PIT_uniformity_fail', 'ACF_dependence_fail', 'coverage_warn']","Uniformity strongly rejected (min p=3.04e-05, KS=0.1480).; Independence strongly rejected (min Ljung-Box p=1.02e-45, |ACF lag-1|=0.6903).; Coverage mildly off-target by 0.028 (target=0.900)."
0.104,0.008290637497102,0.7778173333333334,0.0082098692043032,5.022920655871872,0.01,193.53912715608865,6.84224809235091e-40,203.1954969633014,3.47735690916871e-38,220.18630730923655,1.0962128642318574e-35,z=Phi^{-1}(u),0.6465339440204613,106.86066920993382,0.936,8200,8450,250,50,overlapping,RED,"['PIT_uniformity_fail', 'ACF_dependence_fail', 'coverage_warn']","Uniformity strongly rejected (min p=0.00821, KS=0.1040).; Independence strongly rejected (min Ljung-Box p=6.84e-40, |ACF lag-1|=0.6465).; Coverage mildly off-target by 0.036 (target=0.900)."
0.1,0.0125203447299345,0.6306173333333334,0.0187352419497022,1.921994943427592,0.01,222.13256582252103,5.1893789613328996e-46,229.73733608359564,9.750355343547787e-44,238.40009896253423,2.4693360143131865e-39,z=Phi^{-1}(u),0.6836249049038006,124.7649793299131,0.908,8250,8500,250,50,overlapping,RED,"['PIT_uniformity_warn', 'ACF_dependence_fail']","Uniformity weakly rejected (min p=0.0125).; Independence strongly rejected (min Ljung-Box p=5.19e-46, |ACF lag-1|=0.6836)."
0.0519999999999999,0.4922632346865274,0.1343533333333333,0.4412314536735886,0.9307913463371732,0.0193711716354469,191.3301169834523,2.0299177128517525e-39,197.26665282843484,5.994650317408342e-37,200.47927723896905,9.046238319915516e-32,z=Phi^{-1}(u),0.6443559089618287,109.58836198790723,0.924,8300,8550,250,50,overlapping,RED,"['ACF_dependence_fail', 'coverage_warn']","Independence strongly rejected (min Ljung-Box p=2.03e-39, |ACF lag-1|=0.6444).; Coverage mildly off-target by 0.024 (target=0.900)."
0.074,0.1230243374005586,0.2044053333333333,0.2591799845229622,1.3009237658349662,0.01,194.47993276377952,4.3055843923688735e-40,199.31127296316143,2.2465117852948704e-37,205.41207192600456,9.535193859133863e-33,z=Phi^{-1}(u),0.6320957338360036,104.79709078778043,0.916,8350,8600,250,50,overlapping,RED,['ACF_dependence_fail'],"Independence strongly rejected (min Ljung-Box p=4.31e-40, |ACF lag-1|=0.6321)."
0.1039999999999999,0.008290637497102,0.4865573333333334,0.04301164395873,2.42298124749172,0.01,208.8717610582326,3.588677418611639e-43,212.82869640719284,3.3814451395998096e-40,219.6606958650149,1.395657928340881e-35,z=Phi^{-1}(u),0.6680328033391812,115.62635801790644,0.904,8400,8650,250,50,overlapping,RED,"['PIT_uniformity_fail', 'ACF_dependence_fail']","Uniformity strongly rejected (min p=0.00829, KS=0.1040).; Independence strongly rejected (min Ljung-Box p=3.59e-43, |ACF lag-1|=0.6680)."
0.176,3.03562815531506e-07,1.3277173333333334,0.0004176333894437,4.9867173331800245,0.01,186.53851632072684,2.1459176236515154e-38,190.8355804696444,1.3100317048520874e-35,196.10267967762957,6.629718876228473e-31,z=Phi^{-1}(u),0.6622818929981461,110.75936752105468,0.92,8450,8700,250,50,overlapping,RED,"['PIT_uniformity_fail', 'ACF_dependence_fail', 'coverage_warn']","Uniformity strongly rejected (min p=3.04e-07, KS=0.1760).; Independence strongly rejected (min Ljung-Box p=2.15e-38, |ACF lag-1|=0.6623).; Coverage mildly off-target by 0.020 (target=0.900)."
0.1039999999999999,0.008290637497102,0.6741613333333333,0.0146482281782803,4.197177770410121,0.01,134.2766108402516,2.942321557961841e-27,141.33126268758673,2.2483057299711463e-25,146.99779172319336,2.357332070000598e-21,z=Phi^{-1}(u),0.6026745313245,97.30917669235062,0.936,8500,8750,250,50,overlapping,RED,"['PIT_uniformity_fail', 'ACF_dependence_fail', 'coverage_warn']","Uniformity strongly rejected (min p=0.00829, KS=0.1040).; Independence strongly rejected (min Ljung-Box p=2.94e-27, |ACF lag-1|=0.6027).; Coverage mildly off-target by 0.036 (target=0.900)."
0.12,0.0013550102442608,0.8506053333332972,0.0054926571383975,6.203850744972783,0.01,215.36879594645,1.4584398589427926e-44,218.49832444258809,2.2039340273141848e-41,223.82272826747348,2.0590470020340555e-36,z=Phi^{-1}(u),0.7122405793210561,130.89807915154347,0.9,8550,8800,250,50,overlapping,RED,"['PIT_uniformity_fail', 'ACF_dependence_fail']","Uniformity strongly rejected (min p=0.00136, KS=0.1200).; Independence strongly rejected (min Ljung-Box p=1.46e-44, |ACF lag-1|=0.7122)."
0.128,0.0004967972491749,1.1415333333332334,0.0011310754959623,9.910867928877678,0.01,277.68016777450134,6.271007544875414e-58,282.4324978632302,7.985056703607746e-55,291.8762272431304,3.67347629745245e-50,z=Phi^{-1}(u),0.7821878820634107,183.3388739975181,0.884,8600,8850,250,50,overlapping,RED,"['PIT_uniformity_fail', 'ACF_dependence_fail']","Uniformity strongly rejected (min p=0.000497, KS=0.1280).; Independence strongly rejected (min Ljung-Box p=6.27e-58, |ACF lag-1|=0.7822)."
0.12,0.0013550102442608,1.0815693333332337,0.0015622966714288,9.527234963829358,0.01,292.8858897512119,3.388007760724212e-61,299.37801029505613,2.104368762922149e-58,307.96988620705355,1.899775605084236e-53,z=Phi^{-1}(u),0.7818762972984578,191.98637247940172,0.872,8650,8900,250,50,overlapping,RED,"['PIT_uniformity_fail', 'ACF_dependence_fail', 'coverage_warn']","Uniformity strongly rejected (min p=0.00136, KS=0.1200).; Independence strongly rejected (min Ljung-Box p=3.39e-61, |ACF lag-1|=0.7819).; Coverage mildly off-target by 0.028 (target=0.900)."
0.12,0.0013550102442608,1.3061813333332335,0.0004684404066261,10.11380186371514,0.01,279.8388427265059,2.1557363747513866e-58,289.0269911450083,3.2367737774485127e-56,302.31724044589635,2.717989419607738e-52,z=Phi^{-1}(u),0.7714341955615283,191.16076335727683,0.872,8700,8950,250,50,overlapping,RED,"['PIT_uniformity_fail', 'ACF_dependence_fail', 'coverage_warn']","Uniformity strongly rejected (min p=0.000468, KS=0.1200).; Independence strongly rejected (min Ljung-Box p=2.16e-58, |ACF lag-1|=0.7714).; Coverage mildly off-target by 0.028 (target=0.900)."
0.2419999999999999,2.256813123788037e-13,3.508521333333233,4.643530338022117e-09,12.447262709979952,0.01,304.4309955098329,1.1167964696438597e-63,310.4375682269473,9.642019879644035e-61,323.3222667805313,1.3610093321652086e-56,z=Phi^{-1}(u),0.7804855238333074,215.23701343679645,0.856,8750,9000,250,50,overlapping,RED,"['PIT_uniformity_fail', 'ACF_dependence_fail', 'coverage_warn']","Uniformity strongly rejected (min p=2.26e-13, KS=0.2420).; Independence strongly rejected (min Ljung-Box p=1.12e-63, |ACF lag-1|=0.7805).; Coverage mildly off-target by 0.044 (target=0.900)."
0.36,1.6037123920815587e-29,7.78874933333327,1.4015949512113932e-09,12.509654109308144,0.01,253.8927913400956,8.031500119766369e-53,260.8051999937951,2.892193985943712e-50,266.6967646775842,4.8168071387489584e-45,z=Phi^{-1}(u),0.7420383193812773,206.890318629506,0.868,8800,9050,250,50,overlapping,RED,"['PIT_uniformity_fail', 'ACF_dependence_fail', 'coverage_warn']","Uniformity strongly rejected (min p=1.6e-29, KS=0.3600).; Independence strongly rejected (min Ljung-Box p=8.03e-53, |ACF lag-1|=0.7420).; Coverage mildly off-target by 0.032 (target=0.900)."
0.414,2.6792668824961583e-39,11.128617333333333,2.7644952993455263e-10,12.711911763464684,0.01,264.19596765202726,4.934063560810223e-55,266.2507730076592,2.062330288141103e-51,281.06958808523933,5.825417912191846e-48,z=Phi^{-1}(u),0.6924055514041922,221.24196879072724,0.852,8850,9100,250,50,overlapping,RED,"['PIT_uniformity_fail', 'ACF_dependence_fail', 'coverage_warn']","Uniformity strongly rejected (min p=2.68e-39, KS=0.4140).; Independence strongly rejected (min Ljung-Box p=4.93e-55, |ACF lag-1|=0.6924).; Coverage mildly off-target by 0.048 (target=0.900)."
0.47,3.564389875445684e-51,16.83834933333333,6.786702311245563e-10,9.063424114089344,0.01,219.8245588385194,1.6201305110182353e-45,223.56609244673905,1.9151868335539054e-42,244.17577946620733,1.702746754343547e-40,z=Phi^{-1}(u),0.6688307204636758,276.5329106208881,0.84,8900,9150,250,50,overlapping,RED,"['PIT_uniformity_fail', 'ACF_dependence_fail', 'undercoverage']","Uniformity strongly rejected (min p=3.56e-51, KS=0.4700).; Independence strongly rejected (min Ljung-Box p=1.62e-45, |ACF lag-1|=0.6688).; Coverage off-target by 0.060 (target=0.900)."
0.47,3.564389875445684e-51,18.41682933333333,3.223896705151219e-09,6.592945357313965,0.01,267.51351100619075,9.569246312309528e-56,304.2811463905835,1.933973369770385e-59,399.42170757210994,2.6943261794956663e-72,z=Phi^{-1}(u),0.7273322412929696,340.6650093505163,0.832,8950,9200,250,50,overlapping,RED,"['PIT_uniformity_fail', 'ACF_dependence_fail', 'undercoverage']","Uniformity strongly rejected (min p=3.56e-51, KS=0.4700).; Independence strongly rejected (min Ljung-Box p=2.69e-72, |ACF lag-1|=0.7273).; Coverage off-target by 0.068 (target=0.900)."
0.39,9.308779485513675e-35,12.221465333333333,1.524132708929926e-09,6.249317662573503,0.01,374.8288103890704,7.870413136779235e-79,382.3631715058893,5.3161735889912826e-76,401.06711067646216,1.2278370270328557e-72,z=Phi^{-1}(u),0.8274743242437586,343.2413826481254,0.828,9000,9250,250,50,overlapping,RED,"['PIT_uniformity_fail', 'ACF_dependence_fail', 'undercoverage']","Uniformity strongly rejected (min p=9.31e-35, KS=0.3900).; Independence strongly rejected (min Ljung-Box p=7.87e-79, |ACF lag-1|=0.8275).; Coverage off-target by 0.072 (target=0.900)."
0.2779999999999999,1.4172217060926108e-17,5.98521733333327,7.159717263505172e-12,11.878279772993778,0.01,424.734962969276,1.3804935251678409e-89,442.7646445236182,7.296622172909132e-89,469.9294462698778,5.652810291255363e-87,z=Phi^{-1}(u),0.8516239207165668,413.8906599639164,0.8,9050,9300,250,50,overlapping,RED,"['PIT_uniformity_fail', 'ACF_dependence_fail', 'undercoverage']","Uniformity strongly rejected (min p=1.42e-17, KS=0.2780).; Independence strongly rejected (min Ljung-Box p=1.38e-89, |ACF lag-1|=0.8516).; Coverage off-target by 0.100 (target=0.900)."
0.1739999999999999,4.333396074387871e-07,1.9297413333332327,1.7392991191189644e-05,10.905661454614858,0.01,393.7193893710744,6.696144919066564e-83,401.4887465947659,4.5382177409359906e-80,411.7163241388639,7.561375665426616e-75,z=Phi^{-1}(u),0.821621188555492,424.4992615984648,0.804,9100,9350,250,50,overlapping,RED,"['PIT_uniformity_fail', 'ACF_dependence_fail', 'undercoverage']","Uniformity strongly rejected (min p=4.33e-07, KS=0.1740).; Independence strongly rejected (min Ljung-Box p=6.7e-83, |ACF lag-1|=0.8216).; Coverage off-target by 0.096 (target=0.900)."
0.118,0.001723677123827,0.9247133333332332,0.003659572904974,8.795315300631614,0.01,353.89624599517003,2.536387767253804e-74,358.88405851403945,5.182473135915749e-71,375.5159172168031,2.4076252007084512e-67,z=Phi^{-1}(u),0.79763404594237,418.2635369193196,0.816,9150,9400,250,50,overlapping,RED,"['PIT_uniformity_fail', 'ACF_dependence_fail', 'undercoverage']","Uniformity strongly rejected (min p=0.00172, KS=0.1180).; Independence strongly rejected (min Ljung-Box p=2.54e-74, |ACF lag-1|=0.7976).; Coverage off-target by 0.084 (target=0.900)."
0.12,0.0013550102442608,0.8929533333332332,0.0043536666757675,9.855555535507053,0.01,294.7607717043113,1.3395150846057609e-61,302.5283615198874,4.540400001693146e-59,334.6136864512085,6.535542344504998e-59,z=Phi^{-1}(u),0.7603489679689767,356.1482895187295,0.844,9200,9450,250,50,overlapping,RED,"['PIT_uniformity_fail', 'ACF_dependence_fail', 'undercoverage']","Uniformity strongly rejected (min p=0.00136, KS=0.1200).; Independence strongly rejected (min Ljung-Box p=1.34e-61, |ACF lag-1|=0.7603).; Coverage off-target by 0.056 (target=0.900)."
0.09,0.032690132515418,0.7807053333332332,0.0080794517657988,10.189025015411689,0.01,239.93750634200612,7.918031092406215e-50,242.36931962035536,2.178727307029163e-46,249.3157444029951,1.5694447507334878e-41,z=Phi^{-1}(u),0.740810710961788,347.17035578259805,0.872,9250,9500,250,50,overlapping,RED,"['PIT_uniformity_fail', 'ACF_dependence_fail', 'coverage_warn']","Uniformity strongly rejected (min p=0.00808, KS=0.0900).; Independence strongly rejected (min Ljung-Box p=7.92e-50, |ACF lag-1|=0.7408).; Coverage mildly off-target by 0.028 (target=0.900)."
0.082,0.065501447806285,0.4250773333333293,0.0620050845108666,2.523186686189291,0.01,185.4590514383225,3.649854677472859e-38,191.00869996655652,1.2057235303610967e-35,196.0014763811835,6.941855741279771e-31,z=Phi^{-1}(u),0.6623192577434712,300.6710702804017,0.904,9300,9550,250,50,overlapping,RED,['ACF_dependence_fail'],"Independence strongly rejected (min Ljung-Box p=3.65e-38, |ACF lag-1|=0.6623)."
0.1159999999999999,0.0021837382351525,0.6935453333332654,0.0131361058202115,5.4668336472431065,0.01,339.29356306226174,3.5306563067686667e-71,349.4999677133128,5.087462596650059e-69,355.3969990676414,3.438348757107803e-63,z=Phi^{-1}(u),0.7614459241918322,407.3257035592816,0.888,9350,9600,250,50,overlapping,RED,"['PIT_uniformity_fail', 'ACF_dependence_fail']","Uniformity strongly rejected (min p=0.00218, KS=0.1160).; Independence strongly rejected (min Ljung-Box p=3.53e-71, |ACF lag-1|=0.7614)."
0.1839999999999999,7.011396336604636e-08,1.3924493333332657,0.0002959306758116,8.3619837312134,0.01,311.0380793415255,4.23799496157154e-65,320.17918944169884,8.358577182463116e-63,322.6028249104581,1.911768079003995e-56,z=Phi^{-1}(u),0.7496024914650989,359.083125473917,0.912,9400,9650,250,50,overlapping,RED,"['PIT_uniformity_fail', 'ACF_dependence_fail']","Uniformity strongly rejected (min p=7.01e-08, KS=0.1840).; Independence strongly rejected (min Ljung-Box p=4.24e-65, |ACF lag-1|=0.7496)."
0.2219999999999999,2.6502806870438595e-11,2.9181973333332656,1.0003614214770806e-07,10.908676158925232,0.01,310.0395249265649,6.948842549504996e-65,315.3067608079065,8.988708611107765e-62,317.87636568569053,1.7801637939985486e-55,z=Phi^{-1}(u),0.7563478154578559,361.4867942561336,0.912,9450,9700,250,50,overlapping,RED,"['PIT_uniformity_fail', 'ACF_dependence_fail']","Uniformity strongly rejected (min p=2.65e-11, KS=0.2220).; Independence strongly rejected (min Ljung-Box p=6.95e-65, |ACF lag-1|=0.7563)."
0.3319999999999999,4.632709403390068e-25,7.269881333333235,3.987863372856282e-10,15.4989676420779,0.01,319.0750501350515,7.915314185846245e-67,322.89350396839694,2.224840742689146e-63,325.8735284720147,4.077417535808749e-57,z=Phi^{-1}(u),0.7715293737575216,410.4454280861199,0.896,9500,9750,250,50,overlapping,RED,"['PIT_uniformity_fail', 'ACF_dependence_fail']","Uniformity strongly rejected (min p=4.63e-25, KS=0.3320).; Independence strongly rejected (min Ljung-Box p=7.92e-67, |ACF lag-1|=0.7715)."
0.3119999999999999,4.047022864305726e-22,5.881889333333233,4.812261700237741e-12,14.570571495675722,0.01,330.83172658755973,2.3386493229932257e-69,334.2387635700062,8.776623873786624e-66,338.42470454527694,1.0757725356844284e-59,z=Phi^{-1}(u),0.7834569689602399,403.6557940621816,0.908,9550,9800,250,50,overlapping,RED,"['PIT_uniformity_fail', 'ACF_dependence_fail']","Uniformity strongly rejected (min p=4.05e-22, KS=0.3120).; Independence strongly rejected (min Ljung-Box p=2.34e-69, |ACF lag-1|=0.7835)."
0.2579999999999999,3.6492086518511554e-15,3.4526893333333173,6.201208435641092e-09,6.400963172828597,0.01,237.15142105403643,3.133739159013868e-49,242.1356778814941,2.4393614895922982e-46,248.2510931257773,2.5724540314483977e-41,z=Phi^{-1}(u),0.7275778362250584,275.43014556330047,0.952,9600,9850,250,50,overlapping,RED,"['PIT_uniformity_fail', 'ACF_dependence_fail', 'overcoverage']","Uniformity strongly rejected (min p=3.65e-15, KS=0.2580).; Independence strongly rejected (min Ljung-Box p=3.13e-49, |ACF lag-1|=0.7276).; Coverage off-target by 0.052 (target=0.900)."
0.222,2.6502806870438265e-11,2.4216933333333173,1.3286747725382853e-06,5.576322078870305,0.01,293.69106558845345,2.274463436717319e-61,302.3959658185013,4.84270664555319e-59,313.4733417916878,1.4203881101467076e-54,z=Phi^{-1}(u),0.7502358876701555,288.3743069072239,0.952,9650,9900,250,50,overlapping,RED,"['PIT_uniformity_fail', 'ACF_dependence_fail', 'overcoverage']","Uniformity strongly rejected (min p=2.65e-11, KS=0.2220).; Independence strongly rejected (min Ljung-Box p=2.27e-61, |ACF lag-1|=0.7502).; Coverage off-target by 0.052 (target=0.900)."
0.202,2.0289194101948806e-09,1.9272093333333171,1.7625485574823685e-05,5.650988755033467,0.01,367.58817428554926,2.855241285969612e-77,384.8838329902246,1.5473864720650392e-76,395.3277276993855,1.9027735553078928e-71,z=Phi^{-1}(u),0.7979277026322658,350.6797154232456,0.912,9700,9950,250,50,overlapping,RED,"['PIT_uniformity_fail', 'ACF_dependence_fail']","Uniformity strongly rejected (min p=2.03e-09, KS=0.2020).; Independence strongly rejected (min Ljung-Box p=2.86e-77, |ACF lag-1|=0.7979)."
0.118,0.001723677123827,1.1322253333333334,0.0011891390464,6.213940517893718,0.01,376.9350108474367,2.7686803038605984e-79,387.8529997886906,3.615201793039146e-77,443.4747407958053,1.8680142747673e-81,z=Phi^{-1}(u),0.8192300196185334,355.56442727197606,0.892,9750,10000,250,50,overlapping,RED,"['PIT_uniformity_fail', 'ACF_dependence_fail']","Uniformity strongly rejected (min p=0.00119, KS=0.1180).; Independence strongly rejected (min Ljung-Box p=1.87e-81, |ACF lag-1|=0.8192)."
0.122,0.0010608632709633,1.0224933333333333,0.0021502339752789,5.59141136390096,0.01,347.0649550899281,7.498701884115273e-73,354.6875899738874,4.031547164287184e-70,391.1392136169429,1.4044219083944703e-70,z=Phi^{-1}(u),0.8272628561409848,349.37116891660503,0.892,9800,10050,250,50,overlapping,RED,"['PIT_uniformity_fail', 'ACF_dependence_fail']","Uniformity strongly rejected (min p=0.00106, KS=0.1220).; Independence strongly rejected (min Ljung-Box p=7.5e-73, |ACF lag-1|=0.8273)."
0.164,2.4133932149658096e-06,1.3291213333332972,0.0004145207617781,5.552499576095897,0.01,364.5245298239132,1.3046148111237314e-76,372.7046389061946,6.0078044452178e-74,375.0816212109741,2.9607176468221456e-67,z=Phi^{-1}(u),0.8317159175938733,395.10649753914686,0.88,9850,10100,250,50,overlapping,RED,"['PIT_uniformity_fail', 'ACF_dependence_fail', 'coverage_warn']","Uniformity strongly rejected (min p=2.41e-06, KS=0.1640).; Independence strongly rejected (min Ljung-Box p=1.3e-76, |ACF lag-1|=0.8317).; Coverage mildly off-target by 0.020 (target=0.900)."
0.222,2.6502806870438265e-11,2.6817293333331373,3.4265518289444685e-07,9.143988261129437,0.01,390.8786148176366,2.7415606017576456e-82,400.5237260504586,7.282448438802675e-80,437.3642480869213,3.5017135082174616e-80,z=Phi^{-1}(u),0.8463026958314767,538.4367214829138,0.832,9900,10150,250,50,overlapping,RED,"['PIT_uniformity_fail', 'ACF_dependence_fail', 'undercoverage']","Uniformity strongly rejected (min p=2.65e-11, KS=0.2220).; Independence strongly rejected (min Ljung-Box p=2.74e-82, |ACF lag-1|=0.8463).; Coverage off-target by 0.068 (target=0.900)."
0.224,1.677696022970731e-11,3.404153333333137,7.978734117841668e-09,8.855619300429908,0.01,350.57100828186736,1.3187629214629061e-73,356.86800371850893,1.3886310444299083e-70,378.0824445329243,7.0917156529067015e-68,z=Phi^{-1}(u),0.825163407110987,536.3053661786904,0.848,9950,10200,250,50,overlapping,RED,"['PIT_uniformity_fail', 'ACF_dependence_fail', 'undercoverage']","Uniformity strongly rejected (min p=1.68e-11, KS=0.2240).; Independence strongly rejected (min Ljung-Box p=1.32e-73, |ACF lag-1|=0.8252).; Coverage off-target by 0.052 (target=0.900)."
0.336,1.130546812845972e-25,9.063281333333135,3.050716346209015e-10,11.273877273391632,0.01,320.26706032998646,4.38571518350963e-67,321.17342315673164,5.147415667542326e-63,327.4615231208125,1.9250225363287213e-57,z=Phi^{-1}(u),0.8074774269165024,546.6513683626549,0.868,10000,10250,250,50,overlapping,RED,"['PIT_uniformity_fail', 'ACF_dependence_fail', 'coverage_warn']","Uniformity strongly rejected (min p=1.13e-25, KS=0.3360).; Independence strongly rejected (min Ljung-Box p=4.39e-67, |ACF lag-1|=0.8075).; Coverage mildly off-target by 0.032 (target=0.900)."
0.268,2.403343478947528e-16,4.712721333333137,2.1074475498039646e-11,8.951071707238043,0.01,421.2608066017625,7.746627006976789e-89,443.9719861722768,4.033294677313865e-89,467.890492748966,1.506941159276065e-86,z=Phi^{-1}(u),0.8359489580273661,590.6845627586828,0.84,10050,10300,250,50,overlapping,RED,"['PIT_uniformity_fail', 'ACF_dependence_fail', 'undercoverage']","Uniformity strongly rejected (min p=2.4e-16, KS=0.2680).; Independence strongly rejected (min Ljung-Box p=4.03e-89, |ACF lag-1|=0.8359).; Coverage off-target by 0.060 (target=0.900)."
0.188,3.2861094253825244e-08,2.092997333333253,7.396128768211163e-06,6.875581736323511,0.01,394.6558281328884,4.207455152589013e-83,439.427702083199,3.755327511722789e-88,518.6331016735111,3.6327942779677703e-97,z=Phi^{-1}(u),0.8213655480240026,559.9770887934151,0.848,10100,10350,250,50,overlapping,RED,"['PIT_uniformity_fail', 'ACF_dependence_fail', 'undercoverage']","Uniformity strongly rejected (min p=3.29e-08, KS=0.1880).; Independence strongly rejected (min Ljung-Box p=3.63e-97, |ACF lag-1|=0.8214).; Coverage off-target by 0.052 (target=0.900)."
0.09,0.032690132515418,0.2946973333333173,0.1398883966781778,2.3532545415151844,0.01,337.8050568014142,7.383004445082905e-71,405.7449281740822,5.63500705121546e-81,526.1894030554075,9.456387016374697e-99,z=Phi^{-1}(u),0.7795018044896042,437.6641620497562,0.892,10150,10400,250,50,overlapping,RED,"['PIT_uniformity_warn', 'ACF_dependence_fail']","Uniformity weakly rejected (min p=0.0327).; Independence strongly rejected (min Ljung-Box p=9.46e-99, |ACF lag-1|=0.7795)."
0.168,1.2294793527600963e-06,1.4659253333332334,0.0002003582947156,5.874945156131901,0.01,326.5479597871829,1.953144996644769e-68,375.30960221321976,1.6791492998629773e-74,429.01353603402725,1.9170062859086568e-78,z=Phi^{-1}(u),0.790646441848404,486.10844224263377,0.884,10200,10450,250,50,overlapping,RED,"['PIT_uniformity_fail', 'ACF_dependence_fail']","Uniformity strongly rejected (min p=1.23e-06, KS=0.1680).; Independence strongly rejected (min Ljung-Box p=1.92e-78, |ACF lag-1|=0.7906)."
0.2079999999999999,5.773604210119955e-10,2.561493333333234,6.410940763812434e-07,6.288060076390991,0.01,297.00111307903825,4.41939703763736e-62,318.9504538458017,1.521639311583546e-62,353.0812332249219,1.032309954421573e-62,z=Phi^{-1}(u),0.7774468329299008,547.7481131160613,0.868,10250,10500,250,50,overlapping,RED,"['PIT_uniformity_fail', 'ACF_dependence_fail', 'coverage_warn']","Uniformity strongly rejected (min p=5.77e-10, KS=0.2080).; Independence strongly rejected (min Ljung-Box p=1.03e-62, |ACF lag-1|=0.7774).; Coverage mildly off-target by 0.032 (target=0.900)."
0.148,3.036436222239841e-05,1.2107613333332332,0.000780085434564,6.779781212428929,0.01,281.85782666355794,7.940151375645748e-59,295.52024724802686,1.3754580296561472e-57,323.0170794320239,1.572042911640054e-56,z=Phi^{-1}(u),0.7742434764818863,515.1588288666941,0.9,10300,10550,250,50,overlapping,RED,"['PIT_uniformity_fail', 'ACF_dependence_fail']","Uniformity strongly rejected (min p=3.04e-05, KS=0.1480).; Independence strongly rejected (min Ljung-Box p=7.94e-59, |ACF lag-1|=0.7742)."
0.124,0.0008271899609853,1.0758813333332973,0.0016110027441054,3.1571939593683567,0.01,318.17788140358243,1.2344203127734538e-66,337.90962750816334,1.4624137084885782e-66,369.9663555810839,3.3790148587225094e-66,z=Phi^{-1}(u),0.7944370748454427,536.0982369065545,0.892,10350,10600,250,50,overlapping,RED,"['PIT_uniformity_fail', 'ACF_dependence_fail']","Uniformity strongly rejected (min p=0.000827, KS=0.1240).; Independence strongly rejected (min Ljung-Box p=1.23e-66, |ACF lag-1|=0.7944)."
0.058,0.35594570590954,0.1120733333332974,0.5291919924269191,3.1004464796242246,0.01,275.63874283954834,1.7212931269548e-57,284.6053842847358,2.7775395965914056e-55,290.3639823524084,7.469639528352306e-50,z=Phi^{-1}(u),0.8188808976164018,554.2710173219043,0.896,10400,10650,250,50,overlapping,RED,['ACF_dependence_fail'],"Independence strongly rejected (min Ljung-Box p=1.72e-57, |ACF lag-1|=0.8189)."
0.068,0.1891189832154274,0.2106613333333332,0.247808208895516,0.380963296362097,0.15,260.1132432576999,3.712689268616032e-54,260.96067814226376,2.682211463795636e-50,270.8628278848668,6.890011226771381e-46,z=Phi^{-1}(u),0.752466295916361,502.59971593474165,0.912,10450,10700,250,50,overlapping,RED,['ACF_dependence_fail'],"Independence strongly rejected (min Ljung-Box p=3.71e-54, |ACF lag-1|=0.7525)."
0.0399999999999999,0.80335180239764,0.0632253333333333,0.794139482076819,0.7058146417289208,0.0682584125087104,202.3895974143473,8.75346212535913e-42,209.60519837837896,1.5952151592877644e-39,221.7547497004707,5.330744362764368e-36,z=Phi^{-1}(u),0.7296082546683839,397.8157137798385,0.948,10500,10750,250,50,overlapping,RED,"['ACF_dependence_fail', 'coverage_warn']","Independence strongly rejected (min Ljung-Box p=8.75e-42, |ACF lag-1|=0.7296).; Coverage mildly off-target by 0.048 (target=0.900)."
0.1219999999999999,0.0010608632709633,0.9417013333333332,0.0033356045779086,1.339485322253978,0.01,271.46544086876264,1.3558438445881661e-56,273.78245072550624,5.3329786458961095e-53,279.3654226699197,1.2935686547488935e-47,z=Phi^{-1}(u),0.7497033065901285,442.9997733436609,0.94,10550,10800,250,50,overlapping,RED,"['PIT_uniformity_fail', 'ACF_dependence_fail', 'coverage_warn']","Uniformity strongly rejected (min p=0.00106, KS=0.1220).; Independence strongly rejected (min Ljung-Box p=1.36e-56, |ACF lag-1|=0.7497).; Coverage mildly off-target by 0.040 (target=0.900)."
0.21,3.76553120920233e-10,3.9261813333333335,6.863074553109526e-10,0.9736208877521904,0.0154054733562786,275.3034130967743,2.0318119117152134e-57,277.1987147729008,1.0151291626722593e-53,292.7565640718572,2.4299719767196482e-50,z=Phi^{-1}(u),0.7555892958785776,484.0147785354369,0.936,10600,10850,250,50,overlapping,RED,"['PIT_uniformity_fail', 'ACF_dependence_fail', 'coverage_warn']","Uniformity strongly rejected (min p=3.77e-10, KS=0.2100).; Independence strongly rejected (min Ljung-Box p=2.03e-57, |ACF lag-1|=0.7556).; Coverage mildly off-target by 0.036 (target=0.900)."
0.258,3.649208651851052e-15,4.691309333333334,2.0869639349996305e-11,1.459211292946378,0.01,258.5038484325305,8.225307344905806e-54,261.00995519744384,2.6188949931975312e-50,271.0248730984147,6.3878065117599294e-46,z=Phi^{-1}(u),0.7453847777547682,461.4727864002115,0.936,10650,10900,250,50,overlapping,RED,"['PIT_uniformity_fail', 'ACF_dependence_fail', 'coverage_warn']","Uniformity strongly rejected (min p=3.65e-15, KS=0.2580).; Independence strongly rejected (min Ljung-Box p=8.23e-54, |ACF lag-1|=0.7454).; Coverage mildly off-target by 0.036 (target=0.900)."
0.3380000000000001,5.545649699850122e-26,8.691969333333333,1.3599077419712555e-10,2.5158376374390627,0.01,226.62030351824188,5.66930441664446e-47,240.71182722443723,4.856263559224595e-46,288.3594842961012,1.9128936724896287e-49,z=Phi^{-1}(u),0.7184274933689879,448.69160936163865,0.952,10700,10950,250,50,overlapping,RED,"['PIT_uniformity_fail', 'ACF_dependence_fail', 'overcoverage']","Uniformity strongly rejected (min p=5.55e-26, KS=0.3380).; Independence strongly rejected (min Ljung-Box p=1.91e-49, |ACF lag-1|=0.7184).; Coverage off-target by 0.052 (target=0.900)."
0.256,6.205098495841404e-15,4.4412373333333335,3.8595904250371404e-11,2.9708448162260765,0.01,418.3276564200826,3.3228293075239283e-88,466.5639384321933,6.105482718560514e-94,496.6843868819069,1.438834851049798e-92,z=Phi^{-1}(u),0.8147027868878824,527.0095837162759,0.904,10750,11000,250,50,overlapping,RED,"['PIT_uniformity_fail', 'ACF_dependence_fail']","Uniformity strongly rejected (min p=6.21e-15, KS=0.2560).; Independence strongly rejected (min Ljung-Box p=6.11e-94, |ACF lag-1|=0.8147)."
0.1159999999999999,0.0021837382351525,0.7487013333333333,0.0096514491563554,1.5321725432644089,0.01,472.4336665635216,7.102605927618441e-100,562.4835121880167,1.9079365737615463e-114,631.3702993641174,7.0101278811292794e-121,z=Phi^{-1}(u),0.8407026809775048,521.2933449389641,0.9,10800,11050,250,50,overlapping,RED,"['PIT_uniformity_fail', 'ACF_dependence_fail']","Uniformity strongly rejected (min p=0.00218, KS=0.1160).; Independence strongly rejected (min Ljung-Box p=7.01e-121, |ACF lag-1|=0.8407)."
0.0779999999999999,0.0904978738065942,0.2218533333333332,0.2289050114354587,0.9961371738666288,0.0133206320493862,322.29899783484694,1.6028956743234392e-67,357.4773637288505,1.0308915622561595e-70,384.9812470523113,2.6484299875416383e-69,z=Phi^{-1}(u),0.7924446329290996,443.6488913551287,0.924,10850,11100,250,50,overlapping,RED,"['ACF_dependence_fail', 'coverage_warn']","Independence strongly rejected (min Ljung-Box p=1.03e-70, |ACF lag-1|=0.7924).; Coverage mildly off-target by 0.024 (target=0.900)."
0.13,0.0003826527409824,1.7284373333333332,5.008131474415478e-05,0.5388140380673008,0.15,320.65226386265346,3.623870951834368e-67,338.6262769475092,1.0306474802188604e-66,343.32481047911966,1.0556514390926127e-60,z=Phi^{-1}(u),0.7906728466788066,454.17952175747536,0.908,10900,11150,250,50,overlapping,RED,"['PIT_uniformity_fail', 'ACF_dependence_fail']","Uniformity strongly rejected (min p=5.01e-05, KS=0.1300).; Independence strongly rejected (min Ljung-Box p=3.62e-67, |ACF lag-1|=0.7907)."
0.198,4.591565961933238e-09,3.028505333333333,5.6338381293485895e-08,1.1250245776332406,0.01,232.01486026359728,3.956480756124443e-48,234.07069010780583,1.20287813651033e-44,235.92540588087525,7.75412058501988e-39,z=Phi^{-1}(u),0.7506258207565433,439.7258953877104,0.908,10950,11200,250,50,overlapping,RED,"['PIT_uniformity_fail', 'ACF_dependence_fail']","Uniformity strongly rejected (min p=4.59e-09, KS=0.1980).; Independence strongly rejected (min Ljung-Box p=3.96e-48, |ACF lag-1|=0.7506)."
0.228,6.6370112177690966e-12,3.443333333333334,6.5097212065268195e-09,2.6091395506906,0.01,210.9337723510421,1.2987132236908673e-43,213.8163497575565,2.101852541470178e-40,214.74621013310144,1.331599483854261e-34,z=Phi^{-1}(u),0.7140834747472181,372.6305860462869,0.944,11000,11250,250,50,overlapping,RED,"['PIT_uniformity_fail', 'ACF_dependence_fail', 'coverage_warn']","Uniformity strongly rejected (min p=6.64e-12, KS=0.2280).; Independence strongly rejected (min Ljung-Box p=1.3e-43, |ACF lag-1|=0.7141).; Coverage mildly off-target by 0.044 (target=0.900)."
0.1899999999999999,2.2355742093543813e-08,1.7174533333333293,5.306280017769449e-05,4.1612904337187615,0.01,235.0240325535412,8.957745461181936e-49,238.83006441444044,1.2061566631353977e-45,240.92023888244108,7.692661202408506e-40,z=Phi^{-1}(u),0.7165220131789888,386.17078444210574,0.94,11050,11300,250,50,overlapping,RED,"['PIT_uniformity_fail', 'ACF_dependence_fail', 'coverage_warn']","Uniformity strongly rejected (min p=2.24e-08, KS=0.1900).; Independence strongly rejected (min Ljung-Box p=8.96e-49, |ACF lag-1|=0.7165).; Coverage mildly off-target by 0.040 (target=0.900)."
0.1919999999999999,1.5145111443713852e-08,1.8182133333333288,3.12337404744234e-05,3.8897040503364337,0.01,237.9060935017177,2.1589381624728192e-49,244.0665783070028,9.58670138151048e-47,245.7139678691694,8.345833924489187e-41,z=Phi^{-1}(u),0.7170318461989762,387.8928201615326,0.932,11100,11350,250,50,overlapping,RED,"['PIT_uniformity_fail', 'ACF_dependence_fail', 'coverage_warn']","Uniformity strongly rejected (min p=1.51e-08, KS=0.1920).; Independence strongly rejected (min Ljung-Box p=2.16e-49, |ACF lag-1|=0.7170).; Coverage mildly off-target by 0.032 (target=0.900)."
0.14,9.755941577025083e-05,0.8920493333333293,0.0043752742686807,4.57325378595678,0.01,292.68234385601727,3.7470891116597455e-61,296.9049761946076,7.011689015338825e-58,325.19991602173275,5.605601695532855e-57,z=Phi^{-1}(u),0.7602670271559111,436.93186197899854,0.916,11150,11400,250,50,overlapping,RED,"['PIT_uniformity_fail', 'ACF_dependence_fail']","Uniformity strongly rejected (min p=9.76e-05, KS=0.1400).; Independence strongly rejected (min Ljung-Box p=3.75e-61, |ACF lag-1|=0.7603)."
0.14,9.755941577025083e-05,0.8331813333333294,0.0060455617567377,4.591304704375375,0.01,348.7451396909015,3.2603686267363995e-73,357.7499996984868,9.022517425490451e-71,399.9390797712948,2.1044451467453136e-72,z=Phi^{-1}(u),0.7782796072344288,444.8585181784009,0.916,11200,11450,250,50,overlapping,RED,"['PIT_uniformity_fail', 'ACF_dependence_fail']","Uniformity strongly rejected (min p=9.76e-05, KS=0.1400).; Independence strongly rejected (min Ljung-Box p=3.26e-73, |ACF lag-1|=0.7783)."
0.0879999999999999,0.0391297550232407,0.7194973333333292,0.0113590251082963,3.761779362723587,0.01,278.3009352047417,4.6130022319909384e-58,294.390486837105,2.3832167681068297e-57,378.5086603646084,5.788677203700818e-68,z=Phi^{-1}(u),0.7574182147114525,421.40921318605285,0.92,11250,11500,250,50,overlapping,RED,"['PIT_uniformity_warn', 'ACF_dependence_fail', 'coverage_warn']","Uniformity weakly rejected (min p=0.0114).; Independence strongly rejected (min Ljung-Box p=5.79e-68, |ACF lag-1|=0.7574).; Coverage mildly off-target by 0.020 (target=0.900)."
0.144,5.487659392626315e-05,0.7013773333333334,0.0125715720403625,2.695651437303468,0.01,312.40296199613977,2.155827779746495e-65,315.6144903557163,7.736747180890513e-62,397.193945280417,7.806474199492761e-72,z=Phi^{-1}(u),0.7942122019027232,379.7235883657668,0.924,11300,11550,250,50,overlapping,RED,"['PIT_uniformity_fail', 'ACF_dependence_fail', 'coverage_warn']","Uniformity strongly rejected (min p=5.49e-05, KS=0.1440).; Independence strongly rejected (min Ljung-Box p=7.81e-72, |ACF lag-1|=0.7942).; Coverage mildly off-target by 0.024 (target=0.900)."
0.118,0.001723677123827,0.4595293333333335,0.0504622251930289,2.2221114352828693,0.01,316.436437696868,2.924556194760636e-66,322.6663363060707,2.4854946291582854e-63,376.563566431242,1.4619218233563695e-67,z=Phi^{-1}(u),0.7992609950527704,370.3596022351637,0.928,11350,11600,250,50,overlapping,RED,"['PIT_uniformity_fail', 'ACF_dependence_fail', 'coverage_warn']","Uniformity strongly rejected (min p=0.00172, KS=0.1180).; Independence strongly rejected (min Ljung-Box p=1.46e-67, |ACF lag-1|=0.7993).; Coverage mildly off-target by 0.028 (target=0.900)."
0.152,1.6526799810662745e-05,1.1554373333333332,0.0010496317074553,2.1036690059458465,0.01,298.6240145967625,1.9791588504843405e-62,301.050928363111,9.321101849657657e-59,318.5338869230748,1.3052827435386202e-55,z=Phi^{-1}(u),0.7842836104830541,317.81336869176675,0.952,11400,11650,250,50,overlapping,RED,"['PIT_uniformity_fail', 'ACF_dependence_fail', 'overcoverage']","Uniformity strongly rejected (min p=1.65e-05, KS=0.1520).; Independence strongly rejected (min Ljung-Box p=1.98e-62, |ACF lag-1|=0.7843).; Coverage off-target by 0.052 (target=0.900)."
0.1639999999999999,2.413393214965833e-06,1.7619213333333292,4.1990667794200576e-05,1.2504464156016013,0.01,211.4232058916068,1.0203042385704098e-43,223.4447915076088,2.0305659341719988e-42,229.0880599809292,1.82114266627958e-37,z=Phi^{-1}(u),0.7211414663330216,353.9140786882673,0.928,11450,11700,250,50,overlapping,RED,"['PIT_uniformity_fail', 'ACF_dependence_fail', 'coverage_warn']","Uniformity strongly rejected (min p=2.41e-06, KS=0.1640).; Independence strongly rejected (min Ljung-Box p=1.02e-43, |ACF lag-1|=0.7211).; Coverage mildly off-target by 0.028 (target=0.900)."
0.108,0.0054015033651195,0.4842813333333294,0.0435916950905356,1.2880743694571208,0.01,291.7352326578658,5.9876932452425234e-61,292.42257367722067,6.20753890689876e-57,296.16416038734,4.904125370489804e-51,z=Phi^{-1}(u),0.7752205905552532,387.0758577740676,0.92,11500,11750,250,50,overlapping,RED,"['PIT_uniformity_fail', 'ACF_dependence_fail', 'coverage_warn']","Uniformity strongly rejected (min p=0.0054, KS=0.1080).; Independence strongly rejected (min Ljung-Box p=5.99e-61, |ACF lag-1|=0.7752).; Coverage mildly off-target by 0.020 (target=0.900)."
0.072,0.1425669535852258,0.2590453333333294,0.1771861054917843,1.6558971599218637,0.01,276.3603078755727,1.2046469702828842e-57,281.82365386082563,1.0734080470289752e-54,284.244015900775,1.316981246648534e-48,z=Phi^{-1}(u),0.766745757915793,361.17378150664433,0.928,11550,11800,250,50,overlapping,RED,"['ACF_dependence_fail', 'coverage_warn']","Independence strongly rejected (min Ljung-Box p=1.2e-57, |ACF lag-1|=0.7667).; Coverage mildly off-target by 0.028 (target=0.900)."
0.102,0.0102089770242199,0.3536333333333294,0.0960618431585229,1.30898717382658,0.01,247.8383881732727,1.5991742056208885e-51,248.25514411416333,1.26313398086656e-47,254.42312925373375,1.4631461940904785e-42,z=Phi^{-1}(u),0.7493813047410239,366.22202176295787,0.912,11600,11850,250,50,overlapping,RED,"['PIT_uniformity_warn', 'ACF_dependence_fail']","Uniformity weakly rejected (min p=0.0102).; Independence strongly rejected (min Ljung-Box p=1.6e-51, |ACF lag-1|=0.7494)."
0.1019999999999999,0.0102089770242199,0.3576173333333294,0.0937028129328487,1.9145694579043209,0.01,232.78862279140125,2.700467776421357e-48,233.4577168104277,1.6173779507608546e-44,235.4934335205484,9.467504286977965e-39,z=Phi^{-1}(u),0.7439769254771266,363.8889311400232,0.912,11650,11900,250,50,overlapping,RED,"['PIT_uniformity_warn', 'ACF_dependence_fail']","Uniformity weakly rejected (min p=0.0102).; Independence strongly rejected (min Ljung-Box p=2.7e-48, |ACF lag-1|=0.7440)."
0.118,0.001723677123827,0.4434053333333334,0.0555497816257116,2.5194764871701523,0.01,254.42503199542716,6.174127436379891e-53,257.1690334776671,1.6850465159558282e-49,268.90104373830934,1.7219697710865364e-45,z=Phi^{-1}(u),0.7768667491136815,330.77260016214984,0.92,11700,11950,250,50,overlapping,RED,"['PIT_uniformity_fail', 'ACF_dependence_fail', 'coverage_warn']","Uniformity strongly rejected (min p=0.00172, KS=0.1180).; Independence strongly rejected (min Ljung-Box p=6.17e-53, |ACF lag-1|=0.7769).; Coverage mildly off-target by 0.020 (target=0.900)."
0.1099999999999999,0.0043334485784834,0.3845493333333333,0.0793249037171095,2.2458460441411034,0.01,227.3707842903308,3.9147120356368285e-47,229.1082269154545,1.3210170446901191e-43,237.113715455648,4.476677496428641e-39,z=Phi^{-1}(u),0.7520022747375398,313.8200056828478,0.936,11750,12000,250,50,overlapping,RED,"['PIT_uniformity_fail', 'ACF_dependence_fail', 'coverage_warn']","Uniformity strongly rejected (min p=0.00433, KS=0.1100).; Independence strongly rejected (min Ljung-Box p=3.91e-47, |ACF lag-1|=0.7520).; Coverage mildly off-target by 0.036 (target=0.900)."
0.082,0.065501447806285,0.2433253333333333,0.1971817585141558,0.8793091216010112,0.0241380442962026,207.68359036490745,6.4455740848429495e-43,208.6534229546976,2.5215383318650755e-39,223.1883990292297,2.7569045922715503e-36,z=Phi^{-1}(u),0.7407293101467286,325.1105044936713,0.928,11800,12050,250,50,overlapping,RED,"['ACF_dependence_fail', 'coverage_warn']","Independence strongly rejected (min Ljung-Box p=6.45e-43, |ACF lag-1|=0.7407).; Coverage mildly off-target by 0.028 (target=0.900)."
0.044,0.7013656667799584,0.1003253333333333,0.5836447147697091,0.6994955486945571,0.0708696079774557,244.70327926791828,7.524019635119267e-51,246.9704542476667,2.35221611579852e-47,269.6151006131061,1.2338274454113364e-45,z=Phi^{-1}(u),0.7331592238864854,287.1908196817805,0.96,11850,12100,250,50,overlapping,RED,"['ACF_dependence_fail', 'overcoverage']","Independence strongly rejected (min Ljung-Box p=7.52e-51, |ACF lag-1|=0.7332).; Coverage off-target by 0.060 (target=0.900)."
0.062,0.2800260038615019,0.1846173333333333,0.2994834165051673,0.5754702716535292,0.1382355202474792,226.5222354452406,5.95039093772078e-47,232.97653506173927,2.040543507998447e-44,250.6341437744512,8.509410688122511e-42,z=Phi^{-1}(u),0.7073632435388734,278.30678728006023,0.94,11900,12150,250,50,overlapping,RED,"['ACF_dependence_fail', 'coverage_warn']","Independence strongly rejected (min Ljung-Box p=5.95e-47, |ACF lag-1|=0.7074).; Coverage mildly off-target by 0.040 (target=0.900)."
0.0699999999999999,0.1645397722936834,0.3436573333333333,0.1022605959028836,1.8848387489156264,0.01,221.04020463149809,8.89479657787199e-46,227.96695671901168,2.2915756561298053e-43,244.75665115881355,1.3008348161852734e-40,z=Phi^{-1}(u),0.7211353243027374,272.0531346883992,0.94,11950,12200,250,50,overlapping,RED,"['ACF_dependence_fail', 'coverage_warn']","Independence strongly rejected (min Ljung-Box p=8.89e-46, |ACF lag-1|=0.7211).; Coverage mildly off-target by 0.040 (target=0.900)."
0.124,0.0008271899609853,1.2130533333333011,0.0007705666651839,4.905051726248985,0.01,273.28806597467127,5.505020591894088e-57,281.68019557214126,1.1509018145586863e-54,336.1196787059926,3.2040741185558524e-59,z=Phi^{-1}(u),0.7733023408158534,370.29662854798767,0.872,12000,12250,250,50,overlapping,RED,"['PIT_uniformity_fail', 'ACF_dependence_fail', 'coverage_warn']","Uniformity strongly rejected (min p=0.000771, KS=0.1240).; Independence strongly rejected (min Ljung-Box p=3.2e-59, |ACF lag-1|=0.7733).; Coverage mildly off-target by 0.028 (target=0.900)."
0.1679999999999999,1.2294793527601086e-06,2.107285333333301,6.863435920156924e-06,4.347154840351578,0.01,322.4086451392835,1.5181541180025147e-67,335.3420513946984,5.122025979315332e-66,391.2431929639954,1.3364483758244352e-70,z=Phi^{-1}(u),0.7986693131411575,398.14121033796266,0.856,12050,12300,250,50,overlapping,RED,"['PIT_uniformity_fail', 'ACF_dependence_fail', 'coverage_warn']","Uniformity strongly rejected (min p=1.23e-06, KS=0.1680).; Independence strongly rejected (min Ljung-Box p=1.34e-70, |ACF lag-1|=0.7987).; Coverage mildly off-target by 0.044 (target=0.900)."
0.138,0.0001292813412389,1.3904813333333013,0.0002990424614603,3.8889670855231486,0.01,320.63899453358164,3.6477690224538986e-67,333.1462698092822,1.4959137086304925e-65,380.04861960948966,2.779486878233168e-68,z=Phi^{-1}(u),0.8025489429444201,405.78720252027085,0.856,12100,12350,250,50,overlapping,RED,"['PIT_uniformity_fail', 'ACF_dependence_fail', 'coverage_warn']","Uniformity strongly rejected (min p=0.000129, KS=0.1380).; Independence strongly rejected (min Ljung-Box p=2.78e-68, |ACF lag-1|=0.8025).; Coverage mildly off-target by 0.044 (target=0.900)."
0.128,0.0004967972491749,1.2539733333333014,0.0006190381589665,3.575579802439336,0.01,320.5135746783551,3.881580758169475e-67,339.20207286465075,7.780569697116496e-67,372.6905929366522,9.24155063706e-67,z=Phi^{-1}(u),0.8092032491526713,412.08787982855984,0.872,12150,12400,250,50,overlapping,RED,"['PIT_uniformity_fail', 'ACF_dependence_fail', 'coverage_warn']","Uniformity strongly rejected (min p=0.000497, KS=0.1280).; Independence strongly rejected (min Ljung-Box p=3.88e-67, |ACF lag-1|=0.8092).; Coverage mildly off-target by 0.028 (target=0.900)."
0.16,4.659433156552614e-06,2.644685333333301,4.155809765205021e-07,3.677378846917151,0.01,284.096590449771,2.6230404655601604e-59,305.0464863443489,1.3322751945457646e-59,314.0716969465312,1.0712229019811931e-54,z=Phi^{-1}(u),0.8226353404044571,461.7930146497279,0.836,12200,12450,250,50,overlapping,RED,"['PIT_uniformity_fail', 'ACF_dependence_fail', 'undercoverage']","Uniformity strongly rejected (min p=4.16e-07, KS=0.1600).; Independence strongly rejected (min Ljung-Box p=1.33e-59, |ACF lag-1|=0.8226).; Coverage off-target by 0.064 (target=0.900)."
0.162,3.360315096730175e-06,2.8259253333333327,1.617208702509032e-07,0.4573047436755928,0.15,256.2263042569499,2.5350950201599995e-53,256.71398724600806,2.100736992833172e-49,263.37647063165144,2.265555607848283e-44,z=Phi^{-1}(u),0.7906065070876652,341.3664831001804,0.904,12250,12500,250,50,overlapping,RED,"['PIT_uniformity_fail', 'ACF_dependence_fail']","Uniformity strongly rejected (min p=1.62e-07, KS=0.1620).; Independence strongly rejected (min Ljung-Box p=2.54e-53, |ACF lag-1|=0.7906)."
0.0799999999999999,0.0771476533902131,0.4558653333333332,0.0515731239524124,0.3448461891084946,0.15,234.48150417763503,1.1708857090250803e-48,239.6205482341363,8.230833205701533e-46,265.5327066244289,8.290280543071816e-45,z=Phi^{-1}(u),0.7545143854720247,287.10685842442314,0.936,12300,12550,250,50,overlapping,RED,"['ACF_dependence_fail', 'coverage_warn']","Independence strongly rejected (min Ljung-Box p=1.17e-48, |ACF lag-1|=0.7545).; Coverage mildly off-target by 0.036 (target=0.900)."
0.1439999999999999,5.4876593926264006e-05,1.700181333333333,5.811580953629658e-05,0.2200527378978449,0.15,238.97062087835147,1.276336377851308e-49,239.72582670286545,7.822390079193616e-46,249.6497110731661,1.3440454810934758e-41,z=Phi^{-1}(u),0.7517654121447631,296.4374149658195,0.924,12350,12600,250,50,overlapping,RED,"['PIT_uniformity_fail', 'ACF_dependence_fail', 'coverage_warn']","Uniformity strongly rejected (min p=5.49e-05, KS=0.1440).; Independence strongly rejected (min Ljung-Box p=1.28e-49, |ACF lag-1|=0.7518).; Coverage mildly off-target by 0.024 (target=0.900)."
0.1719999999999999,6.160263358136013e-07,2.3821293333333293,1.633224922081844e-06,1.1036024461594425,0.01,241.83810106115297,3.0974598271765e-50,243.993364308408,9.932316937620474e-47,245.31194239043987,1.0055954605555607e-40,z=Phi^{-1}(u),0.7342579788360768,341.5257994713846,0.896,12400,12650,250,50,overlapping,RED,"['PIT_uniformity_fail', 'ACF_dependence_fail']","Uniformity strongly rejected (min p=6.16e-07, KS=0.1720).; Independence strongly rejected (min Ljung-Box p=3.1e-50, |ACF lag-1|=0.7343)."
0.1839999999999999,7.011396336604636e-08,2.054557333333329,9.04421229130925e-06,1.2774879898720997,0.01,254.2642082855578,6.684814025650361e-53,260.4098912562147,3.5031043224984976e-50,266.50339444374293,5.271527480142653e-45,z=Phi^{-1}(u),0.7147272280634483,277.50230638480014,0.948,12450,12700,250,50,overlapping,RED,"['PIT_uniformity_fail', 'ACF_dependence_fail', 'coverage_warn']","Uniformity strongly rejected (min p=7.01e-08, KS=0.1840).; Independence strongly rejected (min Ljung-Box p=6.68e-53, |ACF lag-1|=0.7147).; Coverage mildly off-target by 0.048 (target=0.900)."
0.1799999999999999,1.4711437559622158e-07,1.8855973333333291,2.192552255719793e-05,1.643106168648444,0.01,233.39905170666776,1.9979171487881303e-48,242.0413498126437,2.5532188830909696e-46,252.7722877614601,3.151602095354418e-42,z=Phi^{-1}(u),0.699166091906394,276.6825221855297,0.944,12500,12750,250,50,overlapping,RED,"['PIT_uniformity_fail', 'ACF_dependence_fail', 'coverage_warn']","Uniformity strongly rejected (min p=1.47e-07, KS=0.1800).; Independence strongly rejected (min Ljung-Box p=2e-48, |ACF lag-1|=0.6992).; Coverage mildly off-target by 0.044 (target=0.900)."
0.2219999999999999,2.6502806870438595e-11,3.7079213333333176,1.6873797914485067e-09,3.15895990491174,0.01,241.32837750256672,3.9840757005927115e-50,274.8680475257759,3.1481778039661676e-53,312.5197274480709,2.2266541233208926e-54,z=Phi^{-1}(u),0.7111960777152043,370.85927284967306,0.9,12550,12800,250,50,overlapping,RED,"['PIT_uniformity_fail', 'ACF_dependence_fail']","Uniformity strongly rejected (min p=2.65e-11, KS=0.2220).; Independence strongly rejected (min Ljung-Box p=2.23e-54, |ACF lag-1|=0.7112)."
0.156,8.848081887923624e-06,1.3659613333333172,0.0003406922249835,3.0210715304260702,0.01,305.3434382508123,7.108475119446108e-64,311.8851834819058,4.7626825685177575e-61,355.7823862939942,2.863357334468751e-63,z=Phi^{-1}(u),0.7589772445046588,397.8962337187926,0.876,12600,12850,250,50,overlapping,RED,"['PIT_uniformity_fail', 'ACF_dependence_fail', 'coverage_warn']","Uniformity strongly rejected (min p=8.85e-06, KS=0.1560).; Independence strongly rejected (min Ljung-Box p=7.11e-64, |ACF lag-1|=0.7590).; Coverage mildly off-target by 0.024 (target=0.900)."
0.0879999999999999,0.0391297550232407,0.2994933333333293,0.1355887075217007,1.9484059772551632,0.01,375.2435204350065,6.407091295809936e-79,381.6274869902047,7.62119518944386e-76,434.9212834099877,1.1297276966662226e-79,z=Phi^{-1}(u),0.8154251993008914,396.3197669209112,0.86,12650,12900,250,50,overlapping,RED,"['PIT_uniformity_warn', 'ACF_dependence_fail', 'coverage_warn']","Uniformity weakly rejected (min p=0.0391).; Independence strongly rejected (min Ljung-Box p=1.13e-79, |ACF lag-1|=0.8154).; Coverage mildly off-target by 0.040 (target=0.900)."
0.08,0.0771476533902124,0.4000933333333292,0.0721325241438095,2.076591181323124,0.01,402.42188025351743,8.918129071393804e-85,409.1391067067643,1.0672294484168035e-81,444.2729934899583,1.2736155651439238e-81,z=Phi^{-1}(u),0.8286248130808632,438.3646842397473,0.848,12700,12950,250,50,overlapping,RED,"['ACF_dependence_fail', 'undercoverage']","Independence strongly rejected (min Ljung-Box p=8.92e-85, |ACF lag-1|=0.8286).; Coverage off-target by 0.052 (target=0.900)."
0.076,0.1057293785294718,0.3982733333333293,0.0729369594571027,1.7184112527203863,0.01,433.11787934262986,2.1497112538575817e-91,440.09555634261096,2.705522864113664e-88,471.33256885455353,2.878606546342036e-87,z=Phi^{-1}(u),0.8361357764454588,458.20451326879095,0.852,12750,13000,250,50,overlapping,RED,"['ACF_dependence_fail', 'coverage_warn']","Independence strongly rejected (min Ljung-Box p=2.15e-91, |ACF lag-1|=0.8361).; Coverage mildly off-target by 0.048 (target=0.900)."
0.078,0.090497873806594,0.3850013333333333,0.079105116047987,1.4051511128224945,0.01,496.995596862251,3.55421639562287e-105,507.1981361859508,1.278146154141393e-102,508.7405122664802,4.2994742321879545e-95,z=Phi^{-1}(u),0.8805529184440543,455.3343808584415,0.848,12800,13050,250,50,overlapping,RED,"['ACF_dependence_fail', 'undercoverage']","Independence strongly rejected (min Ljung-Box p=3.55e-105, |ACF lag-1|=0.8806).; Coverage off-target by 0.052 (target=0.900)."
0.09,0.032690132515418,0.4176293333333333,0.0648539073622911,1.6781771908055418,0.01,429.9619544796492,1.0302400043173123e-90,444.6751237388946,2.8556971808063284e-89,448.91400503556986,1.3730518450374142e-82,z=Phi^{-1}(u),0.8626794776666249,448.3372045040706,0.852,12850,13100,250,50,overlapping,RED,"['PIT_uniformity_warn', 'ACF_dependence_fail', 'coverage_warn']","Uniformity weakly rejected (min p=0.0327).; Independence strongly rejected (min Ljung-Box p=1.03e-90, |ACF lag-1|=0.8627).; Coverage mildly off-target by 0.048 (target=0.900)."
0.084,0.0553890740154735,0.3179533333333333,0.1203720807894059,1.1434304496932557,0.01,373.4764131280048,1.539305208092576e-78,382.4431774395009,5.1119619834492186e-76,390.17266215084976,2.227215365862525e-70,z=Phi^{-1}(u),0.8473730491914006,426.6065063307824,0.884,12900,13150,250,50,overlapping,RED,['ACF_dependence_fail'],"Independence strongly rejected (min Ljung-Box p=1.54e-78, |ACF lag-1|=0.8474)."
0.076,0.1057293785294717,0.2520453333333173,0.1857849128912437,3.221753081818264,0.01,320.70617856622744,3.5283701428934394e-67,325.353978791783,6.700674111051958e-64,341.88744831338767,2.086129337245437e-60,z=Phi^{-1}(u),0.803813027441578,397.6031609947555,0.876,12950,13200,250,50,overlapping,RED,"['ACF_dependence_fail', 'coverage_warn']","Independence strongly rejected (min Ljung-Box p=3.53e-67, |ACF lag-1|=0.8038).; Coverage mildly off-target by 0.024 (target=0.900)."
0.0999999999999999,0.0125203447299346,0.5948333333331892,0.0229697709935722,9.178811752234196,0.01,331.17289536966496,1.9749161019395103e-69,334.07043842421444,9.528160223260408e-66,338.6167148070382,9.822664274712909e-60,z=Phi^{-1}(u),0.8205085599743072,457.7028416011551,0.848,13000,13250,250,50,overlapping,RED,"['PIT_uniformity_warn', 'ACF_dependence_fail', 'undercoverage']","Uniformity weakly rejected (min p=0.0125).; Independence strongly rejected (min Ljung-Box p=1.97e-69, |ACF lag-1|=0.8205).; Coverage off-target by 0.052 (target=0.900)."
0.1159999999999999,0.0021837382351525,0.8234933333331893,0.0063772161542605,11.423546426159476,0.01,290.1477900960709,1.313524696676239e-60,296.0519428274454,1.0619214978577258e-57,304.37808130093134,1.0306532836084142e-52,z=Phi^{-1}(u),0.8010718327632915,389.9953176304173,0.888,13050,13300,250,50,overlapping,RED,"['PIT_uniformity_fail', 'ACF_dependence_fail']","Uniformity strongly rejected (min p=0.00218, KS=0.1160).; Independence strongly rejected (min Ljung-Box p=1.31e-60, |ACF lag-1|=0.8011)."
0.1079999999999999,0.0054015033651195,0.9398973333331894,0.0033685781807929,11.42470155975252,0.01,316.9569022384761,2.2599892966817734e-66,325.39131435518027,6.579748257102997e-64,336.144866942968,3.1660959846727525e-59,z=Phi^{-1}(u),0.8100428551943742,430.62772319746017,0.884,13100,13350,250,50,overlapping,RED,"['PIT_uniformity_fail', 'ACF_dependence_fail']","Uniformity strongly rejected (min p=0.00337, KS=0.1080).; Independence strongly rejected (min Ljung-Box p=2.26e-66, |ACF lag-1|=0.8100)."
0.104,0.008290637497102,0.8791413333331894,0.0046959830105718,12.79937331577304,0.01,306.43006369959465,4.1506662948932633e-64,312.1854260526883,4.114484834269534e-61,318.34148727875544,1.4293465927219014e-55,z=Phi^{-1}(u),0.7996144353607477,415.5422877496889,0.9,13150,13400,250,50,overlapping,RED,"['PIT_uniformity_fail', 'ACF_dependence_fail']","Uniformity strongly rejected (min p=0.0047, KS=0.1040).; Independence strongly rejected (min Ljung-Box p=4.15e-64, |ACF lag-1|=0.7996)."
0.096,0.0186040510745637,0.6203533333332694,0.0198599238964582,8.280972552679827,0.01,312.9931396945335,1.6094603425410484e-65,318.2514091428971,2.13953806175456e-62,323.5331869222512,1.231949480473306e-56,z=Phi^{-1}(u),0.813285912692202,411.03970999372586,0.92,13200,13450,250,50,overlapping,RED,"['PIT_uniformity_warn', 'ACF_dependence_fail', 'coverage_warn']","Uniformity weakly rejected (min p=0.0186).; Independence strongly rejected (min Ljung-Box p=1.61e-65, |ACF lag-1|=0.8133).; Coverage mildly off-target by 0.020 (target=0.900)."
0.088,0.0391297550232403,0.4854173333333333,0.0433011535110631,1.632961539707253,0.01,257.7180254310384,1.2128955776162511e-53,262.7502662691154,1.1263392199976472e-50,280.0235037224604,9.506405452836392e-48,z=Phi^{-1}(u),0.7737632658290595,349.0605080884794,0.948,13250,13500,250,50,overlapping,RED,"['PIT_uniformity_warn', 'ACF_dependence_fail', 'coverage_warn']","Uniformity weakly rejected (min p=0.0391).; Independence strongly rejected (min Ljung-Box p=1.21e-53, |ACF lag-1|=0.7738).; Coverage mildly off-target by 0.048 (target=0.900)."
0.12,0.0013550102442608,1.039329333333333,0.0019628826553694,1.0628282674904312,0.01,294.25561578197505,1.7200101045331446e-61,296.50733402427755,8.508584244423712e-58,343.2087095986666,1.1153664011909127e-60,z=Phi^{-1}(u),0.7827370493073271,368.9636213157861,0.94,13300,13550,250,50,overlapping,RED,"['PIT_uniformity_fail', 'ACF_dependence_fail', 'coverage_warn']","Uniformity strongly rejected (min p=0.00136, KS=0.1200).; Independence strongly rejected (min Ljung-Box p=1.72e-61, |ACF lag-1|=0.7827).; Coverage mildly off-target by 0.040 (target=0.900)."
0.0639999999999999,0.2467324500849869,0.1097013333333333,0.5397089163575195,0.6781698592459406,0.0796818763446526,297.6074227017088,3.2735891651039422e-62,298.9915364715134,2.539889134073351e-58,329.8422487284031,6.24600042617125e-58,z=Phi^{-1}(u),0.7879664629886337,341.76080075781084,0.94,13350,13600,250,50,overlapping,RED,"['ACF_dependence_fail', 'coverage_warn']","Independence strongly rejected (min Ljung-Box p=3.27e-62, |ACF lag-1|=0.7880).; Coverage mildly off-target by 0.040 (target=0.900)."
0.048,0.5949413009568136,0.0942013333333333,0.6144404246466242,0.6422662478574921,0.0945180793977305,335.04930179585915,2.892898590672069e-70,338.02603937336914,1.3816133356430528e-66,354.1647669832865,6.172054283318142e-63,z=Phi^{-1}(u),0.8076097752152165,335.5126203930955,0.94,13400,13650,250,50,overlapping,RED,"['ACF_dependence_fail', 'coverage_warn']","Independence strongly rejected (min Ljung-Box p=2.89e-70, |ACF lag-1|=0.8076).; Coverage mildly off-target by 0.040 (target=0.900)."
0.052,0.492263234686526,0.0985013333333333,0.5926412990797275,0.3674184024366695,0.15,374.0888934831186,1.1360254899606394e-78,380.5995874964915,1.260573377577957e-75,410.8599710295903,1.138828123887378e-74,z=Phi^{-1}(u),0.8211820096019015,332.0010305740205,0.928,13450,13700,250,50,overlapping,RED,"['ACF_dependence_fail', 'coverage_warn']","Independence strongly rejected (min Ljung-Box p=1.14e-78, |ACF lag-1|=0.8212).; Coverage mildly off-target by 0.028 (target=0.900)."
0.0359999999999999,0.8904321032285725,0.0597093333333333,0.8162639473675748,0.213094500637851,0.15,371.141317143242,4.90140361435485e-78,375.2990887873903,1.6878112313312932e-74,428.5404141437996,2.404742328211116e-78,z=Phi^{-1}(u),0.8197368294404656,321.454799360096,0.92,13500,13750,250,50,overlapping,RED,"['ACF_dependence_fail', 'coverage_warn']","Independence strongly rejected (min Ljung-Box p=2.4e-78, |ACF lag-1|=0.8197).; Coverage mildly off-target by 0.020 (target=0.900)."
0.096,0.0186040510745635,0.8562773333333331,0.0053240172840777,0.327342429941126,0.15,323.1836879471946,1.0341223505236812e-67,336.82512241912383,2.4832284528807224e-66,367.8256342725862,9.355940203413393e-66,z=Phi^{-1}(u),0.815576315975331,298.7850063636764,0.936,13550,13800,250,50,overlapping,RED,"['PIT_uniformity_fail', 'ACF_dependence_fail', 'coverage_warn']","Uniformity strongly rejected (min p=0.00532, KS=0.0960).; Independence strongly rejected (min Ljung-Box p=1.03e-67, |ACF lag-1|=0.8156).; Coverage mildly off-target by 0.036 (target=0.900)."
0.074,0.1230243374005586,0.3637613333333334,0.0901883974420848,0.6495337869236266,0.091514964081146,220.9950229970412,9.09525994496337e-46,228.64702193819136,1.6503968554250801e-43,246.9043605189364,4.805151122713728e-41,z=Phi^{-1}(u),0.7721187466534309,254.36977585743625,0.96,13600,13850,250,50,overlapping,RED,"['ACF_dependence_fail', 'overcoverage']","Independence strongly rejected (min Ljung-Box p=9.1e-46, |ACF lag-1|=0.7721).; Coverage off-target by 0.060 (target=0.900)."
0.074,0.1230243374005592,0.3606013333333334,0.0919775507537115,0.6250442699014229,0.1028255214989836,199.76889611763997,3.1831086535118907e-41,208.2245491341804,3.0992381959130016e-39,214.67591622902785,1.3752157265098555e-34,z=Phi^{-1}(u),0.7478748906145964,225.8274005241157,0.96,13650,13900,250,50,overlapping,RED,"['ACF_dependence_fail', 'overcoverage']","Independence strongly rejected (min Ljung-Box p=3.18e-41, |ACF lag-1|=0.7479).; Coverage off-target by 0.060 (target=0.900)."
0.07,0.1645397722936822,0.2863013333333334,0.147792225024957,0.509361054226531,0.15,187.81596426737156,1.1445044362428927e-38,192.6670840117229,5.444925291862861e-36,210.85427119295755,7.920043618585611e-34,z=Phi^{-1}(u),0.7287804268338545,208.95628631547768,0.972,13700,13950,250,50,overlapping,RED,"['ACF_dependence_fail', 'overcoverage']","Independence strongly rejected (min Ljung-Box p=1.14e-38, |ACF lag-1|=0.7288).; Coverage off-target by 0.072 (target=0.900)."
0.086,0.0466490537270688,0.3822093333333174,0.0804733984286014,3.459854893558457,0.01,208.06950782709976,5.32915679919146e-43,241.4558449855057,3.388884840340787e-46,293.70697493594184,1.5552495056929978e-50,z=Phi^{-1}(u),0.7498756627442588,246.6860281148984,0.944,13750,14000,250,50,overlapping,RED,"['PIT_uniformity_warn', 'ACF_dependence_fail', 'coverage_warn']","Uniformity weakly rejected (min p=0.0466).; Independence strongly rejected (min Ljung-Box p=1.56e-50, |ACF lag-1|=0.7499).; Coverage mildly off-target by 0.044 (target=0.900)."
0.094,0.0225406568153295,0.5867653333332694,0.0240548075956935,7.382598346903251,0.01,223.4385268193742,2.7246716485759755e-46,260.0806476945314,4.109290049738973e-50,325.31508054459067,5.308717725564878e-57,z=Phi^{-1}(u),0.765951545241278,279.04697483699755,0.924,13800,14050,250,50,overlapping,RED,"['PIT_uniformity_warn', 'ACF_dependence_fail', 'coverage_warn']","Uniformity weakly rejected (min p=0.0225).; Independence strongly rejected (min Ljung-Box p=5.31e-57, |ACF lag-1|=0.7660).; Coverage mildly off-target by 0.024 (target=0.900)."
0.102,0.0102089770242198,0.5598333333332695,0.0280791166836011,7.591202253622214,0.01,230.5489247031179,8.157168219752658e-48,268.841729913014,5.867250974351419e-52,336.4468529091706,2.7443327534575775e-59,z=Phi^{-1}(u),0.7588698151959339,276.92502356311496,0.928,13850,14100,250,50,overlapping,RED,"['PIT_uniformity_warn', 'ACF_dependence_fail', 'coverage_warn']","Uniformity weakly rejected (min p=0.0102).; Independence strongly rejected (min Ljung-Box p=2.74e-59, |ACF lag-1|=0.7589).; Coverage mildly off-target by 0.028 (target=0.900)."
0.102,0.0102089770242198,0.6212893333332694,0.0197545264538178,7.323884479827598,0.01,239.97278175080712,7.781301043100381e-50,283.0799042661626,5.8296764764962066e-55,369.7229809774719,3.793853918393855e-66,z=Phi^{-1}(u),0.7692547503689503,288.30846720121895,0.924,13900,14150,250,50,overlapping,RED,"['PIT_uniformity_warn', 'ACF_dependence_fail', 'coverage_warn']","Uniformity weakly rejected (min p=0.0102).; Independence strongly rejected (min Ljung-Box p=3.79e-66, |ACF lag-1|=0.7693).; Coverage mildly off-target by 0.024 (target=0.900)."
0.118,0.001723677123827,0.5287613333332334,0.0336086210871804,8.969116738652986,0.01,307.15403596007155,2.90025732948472e-64,307.4937698026717,4.045409065293765e-60,317.5637580885097,2.0631052867521797e-55,z=Phi^{-1}(u),0.8108426330385193,343.011833869501,0.88,13950,14200,250,50,overlapping,RED,"['PIT_uniformity_fail', 'ACF_dependence_fail', 'coverage_warn']","Uniformity strongly rejected (min p=0.00172, KS=0.1180).; Independence strongly rejected (min Ljung-Box p=2.9e-64, |ACF lag-1|=0.8108).; Coverage mildly off-target by 0.020 (target=0.900)."
0.136,0.0001706166522264,0.7767213333332813,0.0082599245817606,6.48278684485291,0.01,310.60516773202875,5.251271713447039e-65,312.0153348406178,4.4700224559889945e-61,328.2282264743387,1.3397720836313405e-57,z=Phi^{-1}(u),0.8063814016401972,303.00199021104527,0.9,14000,14250,250,50,overlapping,RED,"['PIT_uniformity_fail', 'ACF_dependence_fail']","Uniformity strongly rejected (min p=0.000171, KS=0.1360).; Independence strongly rejected (min Ljung-Box p=5.25e-65, |ACF lag-1|=0.8064)."
0.118,0.001723677123827,0.6849813333332813,0.0137833204000354,6.117298903261258,0.01,307.9709523006743,1.9353721325349604e-64,311.64451255051085,5.355257288235512e-61,324.79888873640726,6.775045084524679e-57,z=Phi^{-1}(u),0.7996394352413738,309.7379179870482,0.876,14050,14300,250,50,overlapping,RED,"['PIT_uniformity_fail', 'ACF_dependence_fail', 'coverage_warn']","Uniformity strongly rejected (min p=0.00172, KS=0.1180).; Independence strongly rejected (min Ljung-Box p=1.94e-64, |ACF lag-1|=0.7996).; Coverage mildly off-target by 0.024 (target=0.900)."
0.12,0.0013550102442608,0.6903973333332813,0.0133702994186927,5.430037333666434,0.01,335.3675639358807,2.4708039876449505e-70,337.30018361002453,1.969210554576336e-66,356.7773035138092,1.7851850972813958e-63,z=Phi^{-1}(u),0.821522489578871,359.5413577418112,0.844,14100,14350,250,50,overlapping,RED,"['PIT_uniformity_fail', 'ACF_dependence_fail', 'undercoverage']","Uniformity strongly rejected (min p=0.00136, KS=0.1200).; Independence strongly rejected (min Ljung-Box p=2.47e-70, |ACF lag-1|=0.8215).; Coverage off-target by 0.056 (target=0.900)."
0.1379999999999999,0.0001292813412389,1.095253333333233,0.0014511347105495,8.462176817851741,0.01,349.5448787965395,2.19325542426504e-73,353.3284222681905,7.833930052540089e-70,369.3207641413245,4.5939928806694987e-66,z=Phi^{-1}(u),0.8192351465384542,426.9286773558592,0.824,14150,14400,250,50,overlapping,RED,"['PIT_uniformity_fail', 'ACF_dependence_fail', 'undercoverage']","Uniformity strongly rejected (min p=0.000129, KS=0.1380).; Independence strongly rejected (min Ljung-Box p=2.19e-73, |ACF lag-1|=0.8192).; Coverage off-target by 0.076 (target=0.900)."
0.108,0.0054015033651195,0.8489813333332692,0.0055419371168109,7.392535819752084,0.01,323.0064659013606,1.1290159652419224e-67,364.64248310429946,3.101764888001744e-72,493.2870282703557,7.396430849892171e-92,z=Phi^{-1}(u),0.8056499571331353,431.9567328844204,0.844,14200,14450,250,50,overlapping,RED,"['PIT_uniformity_fail', 'ACF_dependence_fail', 'undercoverage']","Uniformity strongly rejected (min p=0.0054, KS=0.1080).; Independence strongly rejected (min Ljung-Box p=7.4e-92, |ACF lag-1|=0.8056).; Coverage off-target by 0.056 (target=0.900)."
0.108,0.0054015033651195,1.0301213333332533,0.002063202921227,8.560128412429606,0.01,314.44111517193767,7.856770311588425e-66,328.735166683201,1.2875137575066468e-64,388.2175687460872,5.659461483726405e-70,z=Phi^{-1}(u),0.8056361268434772,458.0629462299754,0.836,14250,14500,250,50,overlapping,RED,"['PIT_uniformity_fail', 'ACF_dependence_fail', 'undercoverage']","Uniformity strongly rejected (min p=0.00206, KS=0.1080).; Independence strongly rejected (min Ljung-Box p=5.66e-70, |ACF lag-1|=0.8056).; Coverage off-target by 0.064 (target=0.900)."
0.146,4.090430161748266e-05,0.9725573333333012,0.0028197048181392,7.6447190174179696,0.01,327.4994576822276,1.2189985871533294e-68,339.3356412383151,7.289323632010016e-67,396.3737963450155,1.15481137009073e-71,z=Phi^{-1}(u),0.8015239753882477,399.6834084109282,0.88,14300,14550,250,50,overlapping,RED,"['PIT_uniformity_fail', 'ACF_dependence_fail', 'coverage_warn']","Uniformity strongly rejected (min p=4.09e-05, KS=0.1460).; Independence strongly rejected (min Ljung-Box p=1.15e-71, |ACF lag-1|=0.8015).; Coverage mildly off-target by 0.020 (target=0.900)."
0.138,0.0001292813412389,0.7746533333333012,0.0083552239575211,6.95293460018695,0.01,277.2163258882496,7.888202330016203e-58,283.7034481784547,4.3056483505718525e-55,316.58952000806096,3.2669622375739934e-55,z=Phi^{-1}(u),0.7730436301967785,357.2937329822451,0.916,14350,14600,250,50,overlapping,RED,"['PIT_uniformity_fail', 'ACF_dependence_fail']","Uniformity strongly rejected (min p=0.000129, KS=0.1380).; Independence strongly rejected (min Ljung-Box p=7.89e-58, |ACF lag-1|=0.7730)."
0.17,8.72093384377922e-07,1.3830053333333172,0.0003111668070769,3.117974722971496,0.01,265.3982159331864,2.7231734846070954e-55,272.63162629430883,9.32405980700348e-53,274.8277310181403,1.0804731288767447e-46,z=Phi^{-1}(u),0.7650064538675031,337.3721422069101,0.908,14400,14650,250,50,overlapping,RED,"['PIT_uniformity_fail', 'ACF_dependence_fail']","Uniformity strongly rejected (min p=8.72e-07, KS=0.1700).; Independence strongly rejected (min Ljung-Box p=2.72e-55, |ACF lag-1|=0.7650)."
0.244,1.368365388116308e-13,4.749261333333298,2.194444626013592e-11,3.99634985753778,0.01,184.4068215734911,6.124881251330851e-38,192.7576801883014,5.213474242837733e-36,199.27331894453732,1.5667829247629143e-31,z=Phi^{-1}(u),0.7204315656355628,321.26727276881866,0.896,14450,14700,250,50,overlapping,RED,"['PIT_uniformity_fail', 'ACF_dependence_fail']","Uniformity strongly rejected (min p=1.37e-13, KS=0.2440).; Independence strongly rejected (min Ljung-Box p=6.12e-38, |ACF lag-1|=0.7204)."
0.258,3.6492086518511065e-15,4.623385333333318,2.176481217475157e-11,3.878879776388089,0.01,228.46291197232716,2.28371345043073e-47,246.19120269600967,3.429611348129251e-47,255.90152339031616,7.357282578841869e-43,z=Phi^{-1}(u),0.7300220624744346,304.6488715071088,0.908,14500,14750,250,50,overlapping,RED,"['PIT_uniformity_fail', 'ACF_dependence_fail']","Uniformity strongly rejected (min p=3.65e-15, KS=0.2580).; Independence strongly rejected (min Ljung-Box p=2.28e-47, |ACF lag-1|=0.7300)."
0.2739999999999999,4.4562843484657467e-17,5.105017333333318,7.095135590162727e-11,3.034227424356743,0.01,242.54619002480808,2.183408792069537e-50,258.25269587179133,9.966548790584926e-50,274.16948908806114,1.4697667476516323e-46,z=Phi^{-1}(u),0.7552051677733391,336.97908122848827,0.896,14550,14800,250,50,overlapping,RED,"['PIT_uniformity_fail', 'ACF_dependence_fail']","Uniformity strongly rejected (min p=4.46e-17, KS=0.2740).; Independence strongly rejected (min Ljung-Box p=2.18e-50, |ACF lag-1|=0.7552)."
0.2739999999999999,4.4562843484657467e-17,6.435777333333318,3.5158875810736845e-11,2.09884702184803,0.01,234.96967169384484,9.20139362988012e-49,240.84474607160865,4.5539701515946745e-46,261.26854153994634,6.049921654476758e-44,z=Phi^{-1}(u),0.7485766155507064,346.37068830977825,0.884,14600,14850,250,50,overlapping,RED,"['PIT_uniformity_fail', 'ACF_dependence_fail']","Uniformity strongly rejected (min p=4.46e-17, KS=0.2740).; Independence strongly rejected (min Ljung-Box p=9.2e-49, |ACF lag-1|=0.7486)."
0.1779999999999999,2.117668987962713e-07,3.4022813333333173,8.05672661918777e-09,1.7791649863279986,0.01,198.7579080564578,5.237361574839079e-41,206.51355727307427,7.056665772148236e-39,227.526718690874,3.740275445355261e-37,z=Phi^{-1}(u),0.7240024898820536,285.7018089874842,0.924,14650,14900,250,50,overlapping,RED,"['PIT_uniformity_fail', 'ACF_dependence_fail', 'coverage_warn']","Uniformity strongly rejected (min p=8.06e-09, KS=0.1780).; Independence strongly rejected (min Ljung-Box p=5.24e-41, |ACF lag-1|=0.7240).; Coverage mildly off-target by 0.024 (target=0.900)."
0.094,0.0225406568153296,0.5780413333333293,0.0252881855705695,1.1216094618529553,0.01,129.34522463937162,3.27732227873526e-26,130.54272623878117,3.619966691273489e-23,144.78447056456082,6.232093574195035e-21,z=Phi^{-1}(u),0.6776933280511745,231.65065541969156,0.96,14700,14950,250,50,overlapping,RED,"['PIT_uniformity_warn', 'ACF_dependence_fail', 'overcoverage']","Uniformity weakly rejected (min p=0.0225).; Independence strongly rejected (min Ljung-Box p=3.28e-26, |ACF lag-1|=0.6777).; Coverage off-target by 0.060 (target=0.900)."
0.146,4.090430161748266e-05,1.6155293333333334,9.081167882296626e-05,1.0576266797086191,0.01,234.21147885355612,1.3378441232104375e-48,237.82783766903,1.9579048519067342e-45,243.4368724421036,2.398052292463723e-40,z=Phi^{-1}(u),0.7326353259173932,252.14254024375865,0.944,14750,15000,250,50,overlapping,RED,"['PIT_uniformity_fail', 'ACF_dependence_fail', 'coverage_warn']","Uniformity strongly rejected (min p=4.09e-05, KS=0.1460).; Independence strongly rejected (min Ljung-Box p=1.34e-48, |ACF lag-1|=0.7326).; Coverage mildly off-target by 0.044 (target=0.900)."
0.166,1.7261388018052337e-06,1.9330613333333333,1.7092795341233646e-05,1.9439506568388367,0.01,194.29586185794457,4.714026744341557e-40,201.30373877999637,8.628875717880525e-38,206.4747325051948,5.868599320779763e-33,z=Phi^{-1}(u),0.7017563729897475,236.77927372994384,0.944,14800,15050,250,50,overlapping,RED,"['PIT_uniformity_fail', 'ACF_dependence_fail', 'coverage_warn']","Uniformity strongly rejected (min p=1.73e-06, KS=0.1660).; Independence strongly rejected (min Ljung-Box p=4.71e-40, |ACF lag-1|=0.7018).; Coverage mildly off-target by 0.044 (target=0.900)."
0.1079999999999999,0.0054015033651195,0.5950053333333173,0.0229472005414467,4.767540783152441,0.01,320.61401076469645,3.6931933217142895e-67,335.92340020259,3.856508635193666e-66,365.02783039169225,3.539549346719775e-65,z=Phi^{-1}(u),0.7894841407236494,275.92323388905965,0.912,14850,15100,250,50,overlapping,RED,"['PIT_uniformity_fail', 'ACF_dependence_fail']","Uniformity strongly rejected (min p=0.0054, KS=0.1080).; Independence strongly rejected (min Ljung-Box p=3.69e-67, |ACF lag-1|=0.7895)."
0.0959999999999999,0.0186040510745638,0.5733893333332694,0.0259725857333334,8.518596727811428,0.01,330.2204949034395,3.165883683997836e-69,341.45607923680285,2.588195844479338e-67,352.9125237696795,1.1183760122967648e-62,z=Phi^{-1}(u),0.7944305609497585,303.08031407330395,0.896,14900,15150,250,50,overlapping,RED,"['PIT_uniformity_warn', 'ACF_dependence_fail']","Uniformity weakly rejected (min p=0.0186).; Independence strongly rejected (min Ljung-Box p=3.17e-69, |ACF lag-1|=0.7944)."
0.09,0.032690132515418,0.5516973333332693,0.0294282424749271,7.505425284222781,0.01,304.2158130788956,1.242346372514362e-63,313.77870517133664,1.892890276292659e-61,323.12823344035456,1.491638883059955e-56,z=Phi^{-1}(u),0.771333285339052,314.0952442705265,0.884,14950,15200,250,50,overlapping,RED,"['PIT_uniformity_warn', 'ACF_dependence_fail']","Uniformity weakly rejected (min p=0.0294).; Independence strongly rejected (min Ljung-Box p=1.24e-63, |ACF lag-1|=0.7713)."
0.09,0.0326901325154178,0.3473133333332694,0.0999391504612793,6.837681959698102,0.01,237.90376503085173,2.1614216718558232e-49,239.4458398252881,8.956224231398272e-46,246.3210752344704,6.297969309706623e-41,z=Phi^{-1}(u),0.7416363946946197,309.666094999527,0.892,15000,15250,250,50,overlapping,RED,"['PIT_uniformity_warn', 'ACF_dependence_fail']","Uniformity weakly rejected (min p=0.0327).; Independence strongly rejected (min Ljung-Box p=2.16e-49, |ACF lag-1|=0.7416)."
0.14,9.755941577025083e-05,1.2062573333332691,0.0007991379578546,6.545330427498982,0.01,214.1875957792608,2.61115943812209e-44,216.39755267536995,6.06386462332172e-41,224.48949126629924,1.5149437234580878e-36,z=Phi^{-1}(u),0.7385858912227111,314.35395626996035,0.892,15050,15300,250,50,overlapping,RED,"['PIT_uniformity_fail', 'ACF_dependence_fail']","Uniformity strongly rejected (min p=9.76e-05, KS=0.1400).; Independence strongly rejected (min Ljung-Box p=2.61e-44, |ACF lag-1|=0.7386)."
0.148,3.036436222239841e-05,1.5676613333331892,0.0001169342160434,9.23296340053571,0.01,221.35637010066284,7.610344320753836e-46,221.7087479304856,4.689952714702565e-42,226.66951460936792,5.551722672207764e-37,z=Phi^{-1}(u),0.7429758417475629,379.7127342546213,0.868,15100,15350,250,50,overlapping,RED,"['PIT_uniformity_fail', 'ACF_dependence_fail', 'coverage_warn']","Uniformity strongly rejected (min p=3.04e-05, KS=0.1480).; Independence strongly rejected (min Ljung-Box p=7.61e-46, |ACF lag-1|=0.7430).; Coverage mildly off-target by 0.032 (target=0.900)."
0.17,8.72093384377922e-07,2.313225333333269,2.339948001806036e-06,5.700166500848184,0.01,248.3494917041415,1.2423453219038685e-51,250.6432199335079,3.9753987820850756e-48,256.03053138887606,6.9287902923869944e-43,z=Phi^{-1}(u),0.7452089999240533,426.8323379360051,0.84,15150,15400,250,50,overlapping,RED,"['PIT_uniformity_fail', 'ACF_dependence_fail', 'undercoverage']","Uniformity strongly rejected (min p=8.72e-07, KS=0.1700).; Independence strongly rejected (min Ljung-Box p=1.24e-51, |ACF lag-1|=0.7452).; Coverage off-target by 0.060 (target=0.900)."
0.1699999999999999,8.720933843779303e-07,2.253301333333269,3.1995601917911287e-06,5.120250506321582,0.01,265.676562684181,2.3730715019754807e-55,267.4017634278571,1.1799412412966576e-51,271.9043052179233,4.2359383838544155e-46,z=Phi^{-1}(u),0.7633370112750107,433.4528530014268,0.84,15200,15450,250,50,overlapping,RED,"['PIT_uniformity_fail', 'ACF_dependence_fail', 'undercoverage']","Uniformity strongly rejected (min p=8.72e-07, KS=0.1700).; Independence strongly rejected (min Ljung-Box p=2.37e-55, |ACF lag-1|=0.7633).; Coverage off-target by 0.060 (target=0.900)."
0.132,0.000293531424011,1.5232133333332691,0.0001479204312615,4.978322650462047,0.01,289.639142171019,1.6894859044331655e-60,289.9881819507032,2.028241266354618e-56,295.8521967621826,5.678236287027043e-51,z=Phi^{-1}(u),0.7726682100695925,395.4751666230256,0.86,15250,15500,250,50,overlapping,RED,"['PIT_uniformity_fail', 'ACF_dependence_fail', 'coverage_warn']","Uniformity strongly rejected (min p=0.000148, KS=0.1320).; Independence strongly rejected (min Ljung-Box p=1.69e-60, |ACF lag-1|=0.7727).; Coverage mildly off-target by 0.040 (target=0.900)."
0.124,0.0008271899609853,1.0173333333332693,0.002211207261602,5.2860538477569605,0.01,302.67096776105507,2.6693581795402627e-63,303.42025298081705,2.9410474279021897e-59,307.04198142525127,2.940899256872912e-53,z=Phi^{-1}(u),0.7978597254338001,399.6040243634493,0.856,15300,15550,250,50,overlapping,RED,"['PIT_uniformity_fail', 'ACF_dependence_fail', 'coverage_warn']","Uniformity strongly rejected (min p=0.000827, KS=0.1240).; Independence strongly rejected (min Ljung-Box p=2.67e-63, |ACF lag-1|=0.7979).; Coverage mildly off-target by 0.044 (target=0.900)."
0.072,0.1425669535852258,0.3463493333333293,0.100545566409902,2.169454370720928,0.01,247.95893928247537,1.5067204430298415e-51,251.0287733113413,3.298430913265818e-48,261.10523156491627,6.528116377178291e-44,z=Phi^{-1}(u),0.7112367174376529,286.76305283122605,0.912,15350,15600,250,50,overlapping,RED,['ACF_dependence_fail'],"Independence strongly rejected (min Ljung-Box p=1.51e-51, |ACF lag-1|=0.7112)."
0.084,0.0553890740154738,0.4064093333332694,0.0694143238673964,7.593988654234579,0.01,272.8533906078435,6.825242756729097e-57,275.8607281317612,1.94409614791774e-53,291.906918684255,3.6209348142999226e-50,z=Phi^{-1}(u),0.7074191886728,315.0500330190057,0.916,15400,15650,250,50,overlapping,RED,['ACF_dependence_fail'],"Independence strongly rejected (min Ljung-Box p=6.83e-57, |ACF lag-1|=0.7074)."
0.13,0.0003826527409824,0.7236493333332692,0.0110985075359081,7.801554046277033,0.01,308.7041200721148,1.3461644419580302e-64,312.47359864983383,3.5754606643709886e-61,314.04477553819225,1.0849080622026839e-54,z=Phi^{-1}(u),0.7374293019778009,385.5798554219855,0.896,15450,15700,250,50,overlapping,RED,"['PIT_uniformity_fail', 'ACF_dependence_fail']","Uniformity strongly rejected (min p=0.000383, KS=0.1300).; Independence strongly rejected (min Ljung-Box p=1.35e-64, |ACF lag-1|=0.7374)."
0.1539999999999999,1.2117561490147364e-05,1.279965333333269,0.0005387786499068,8.550801229979527,0.01,299.5238897188807,1.2677169444389842e-62,302.2795468785709,5.125116883773328e-59,305.4099470034509,6.341370718548273e-53,z=Phi^{-1}(u),0.7323523986225414,410.2904321182448,0.888,15500,15750,250,50,overlapping,RED,"['PIT_uniformity_fail', 'ACF_dependence_fail']","Uniformity strongly rejected (min p=1.21e-05, KS=0.1540).; Independence strongly rejected (min Ljung-Box p=1.27e-62, |ACF lag-1|=0.7324)."
0.1899999999999999,2.2355742093543813e-08,2.446041333333269,1.1702383982958864e-06,9.03146340748583,0.01,292.7910845856956,3.5507623858741654e-61,295.31886989750774,1.5170497709643132e-57,303.4922558898019,1.5637013359480925e-52,z=Phi^{-1}(u),0.734541531865939,457.1012709493389,0.888,15550,15800,250,50,overlapping,RED,"['PIT_uniformity_fail', 'ACF_dependence_fail']","Uniformity strongly rejected (min p=2.24e-08, KS=0.1900).; Independence strongly rejected (min Ljung-Box p=3.55e-61, |ACF lag-1|=0.7345)."
0.17,8.72093384377922e-07,2.2416573333332974,3.400189576119317e-06,6.308753341257727,0.01,282.6838740965678,5.276522634027785e-59,284.3349560653063,3.167694900160006e-55,287.5535271777222,2.7915288748992278e-49,z=Phi^{-1}(u),0.7266496392097797,424.9730165468103,0.904,15600,15850,250,50,overlapping,RED,"['PIT_uniformity_fail', 'ACF_dependence_fail']","Uniformity strongly rejected (min p=8.72e-07, KS=0.1700).; Independence strongly rejected (min Ljung-Box p=5.28e-59, |ACF lag-1|=0.7266)."
0.172,6.160263358135895e-07,2.3081853333333333,2.4023270005502084e-06,0.8831716504012661,0.0237804027406235,203.8220549755729,4.321904012130932e-42,206.8393940308429,6.033325292610489e-39,220.2668223799436,1.056395244277462e-35,z=Phi^{-1}(u),0.682855018704099,321.5605665528402,0.944,15650,15900,250,50,overlapping,RED,"['PIT_uniformity_fail', 'ACF_dependence_fail', 'coverage_warn']","Uniformity strongly rejected (min p=6.16e-07, KS=0.1720).; Independence strongly rejected (min Ljung-Box p=4.32e-42, |ACF lag-1|=0.6829).; Coverage mildly off-target by 0.044 (target=0.900)."
0.1100000000000001,0.0043334485784834,0.7825693333333331,0.007996403219759,1.6774345598936975,0.01,186.5196550784488,2.1659256471090221e-38,193.9091076152149,3.0014754240180534e-36,208.4656881939512,2.3622500088358745e-33,z=Phi^{-1}(u),0.6721342255358185,268.85148904166755,0.948,15700,15950,250,50,overlapping,RED,"['PIT_uniformity_fail', 'ACF_dependence_fail', 'coverage_warn']","Uniformity strongly rejected (min p=0.00433, KS=0.1100).; Independence strongly rejected (min Ljung-Box p=2.17e-38, |ACF lag-1|=0.6721).; Coverage mildly off-target by 0.048 (target=0.900)."
0.1099999999999999,0.0043334485784834,0.7075493333333333,0.0121442942087531,1.3080776274982782,0.01,216.29303980599695,9.246032981835293e-45,225.71055960853909,6.8073727276333685e-43,232.65940139888565,3.505448000202896e-38,z=Phi^{-1}(u),0.6936345827250294,284.4154697779815,0.936,15750,16000,250,50,overlapping,RED,"['PIT_uniformity_fail', 'ACF_dependence_fail', 'coverage_warn']","Uniformity strongly rejected (min p=0.00433, KS=0.1100).; Independence strongly rejected (min Ljung-Box p=9.25e-45, |ACF lag-1|=0.6936).; Coverage mildly off-target by 0.036 (target=0.900)."
0.086,0.046649053727069,0.2584373333333333,0.1779144634802286,0.9628617265009324,0.0164016919906544,137.19664064076028,7.053804488613703e-28,154.43051273381155,4.562763781344763e-28,172.7586412128038,2.517753955875624e-26,z=Phi^{-1}(u),0.6160969428576264,205.44309334793425,0.952,15800,16050,250,50,overlapping,RED,"['PIT_uniformity_warn', 'ACF_dependence_fail', 'overcoverage']","Uniformity weakly rejected (min p=0.0466).; Independence strongly rejected (min Ljung-Box p=4.56e-28, |ACF lag-1|=0.6161).; Coverage off-target by 0.052 (target=0.900)."
0.056,0.3985403948382549,0.1743533333333333,0.3233411230311912,0.6496341161195005,0.0914735057357436,150.30635192089304,1.1489845133929411e-30,174.62256590236683,3.05762512184008e-32,197.7839062853172,3.086200150661963e-31,z=Phi^{-1}(u),0.6548679077077516,209.27650785434025,0.952,15850,16100,250,50,overlapping,RED,"['ACF_dependence_fail', 'overcoverage']","Independence strongly rejected (min Ljung-Box p=3.06e-32, |ACF lag-1|=0.6549).; Coverage off-target by 0.052 (target=0.900)."
0.14,9.755941577025083e-05,1.2498133333333332,0.0006329599325196,0.9702684929058024,0.0157158802864997,147.33183137816494,4.936007257856793e-30,166.46474911286424,1.495260780770588e-30,187.18592834836545,3.783508371164087e-29,z=Phi^{-1}(u),0.6379187012495168,198.9989257988443,0.94,15900,16150,250,50,overlapping,RED,"['PIT_uniformity_fail', 'ACF_dependence_fail', 'coverage_warn']","Uniformity strongly rejected (min p=9.76e-05, KS=0.1400).; Independence strongly rejected (min Ljung-Box p=1.5e-30, |ACF lag-1|=0.6379).; Coverage mildly off-target by 0.040 (target=0.900)."
0.1659999999999999,1.7261388018052646e-06,1.4688253333333332,0.0001973016479746,3.968460354640058,0.01,135.39854413200538,1.6998322265338637e-27,147.65599856268048,1.130905021480952e-26,168.62938189408644,1.6007214965034574e-25,z=Phi^{-1}(u),0.604920363491284,157.67756926355062,0.968,15950,16200,250,50,overlapping,RED,"['PIT_uniformity_fail', 'ACF_dependence_fail', 'overcoverage']","Uniformity strongly rejected (min p=1.73e-06, KS=0.1660).; Independence strongly rejected (min Ljung-Box p=1.7e-27, |ACF lag-1|=0.6049).; Coverage off-target by 0.068 (target=0.900)."
0.2519999999999999,1.7707005604051887e-14,3.995637333333333,5.938283198503314e-10,4.278931307421487,0.01,80.95283127061343,5.302437985123681e-16,87.73399494760163,1.505336781824761e-14,95.09220820068678,9.417249436700275e-12,z=Phi^{-1}(u),0.5139368331549111,105.83002069041922,0.976,16000,16250,250,50,overlapping,RED,"['PIT_uniformity_fail', 'ACF_dependence_fail', 'overcoverage']","Uniformity strongly rejected (min p=1.77e-14, KS=0.2520).; Independence strongly rejected (min Ljung-Box p=5.3e-16, |ACF lag-1|=0.5139).; Coverage off-target by 0.076 (target=0.900)."
0.2159999999999999,1.0183309459024968e-10,3.101685333333333,3.8493649490156656e-08,3.1724296864616406,0.01,76.18300694667057,5.268212499982221e-15,89.15956111948032,7.859862084912344e-15,106.6878353934268,7.859563062574396e-14,z=Phi^{-1}(u),0.5107381907197022,98.85759753975849,0.972,16050,16300,250,50,overlapping,RED,"['PIT_uniformity_fail', 'ACF_dependence_fail', 'overcoverage']","Uniformity strongly rejected (min p=1.02e-10, KS=0.2160).; Independence strongly rejected (min Ljung-Box p=5.27e-15, |ACF lag-1|=0.5107).; Coverage off-target by 0.072 (target=0.900)."
0.2239999999999999,1.6776960229707538e-11,3.459313333333333,5.991730667176398e-09,2.316009919343287,0.01,92.26281590929536,2.247948264496065e-18,99.1863061362788,7.928065053795344e-17,111.7586257101318,9.375564454238903e-15,z=Phi^{-1}(u),0.5397317271016352,95.16209154991292,0.968,16100,16350,250,50,overlapping,RED,"['PIT_uniformity_fail', 'ACF_dependence_fail', 'overcoverage']","Uniformity strongly rejected (min p=1.68e-11, KS=0.2240).; Independence strongly rejected (min Ljung-Box p=2.25e-18, |ACF lag-1|=0.5397).; Coverage off-target by 0.068 (target=0.900)."
0.1999999999999999,3.058649177480617e-09,2.4231773333333333,1.318430941421589e-06,3.5184592929039127,0.01,104.19881634829792,6.87971181770457e-21,112.12126188373772,1.991273809509027e-19,121.69611070085958,1.3823131988150228e-16,z=Phi^{-1}(u),0.5668001133217284,88.68191648430717,0.98,16150,16400,250,50,overlapping,RED,"['PIT_uniformity_fail', 'ACF_dependence_fail', 'overcoverage']","Uniformity strongly rejected (min p=3.06e-09, KS=0.2000).; Independence strongly rejected (min Ljung-Box p=6.88e-21, |ACF lag-1|=0.5668).; Coverage off-target by 0.080 (target=0.900)."
0.18,1.471143755962186e-07,2.589081333333333,5.552662944996456e-07,0.869577773206629,0.0250879639152856,134.44626955343657,2.708068460503954e-27,143.03179792937422,1.0070844698226818e-25,153.77574261907293,1.186381795380328e-22,z=Phi^{-1}(u),0.6284985765133088,98.35722885616433,0.94,16200,16450,250,50,overlapping,RED,"['PIT_uniformity_fail', 'ACF_dependence_fail', 'coverage_warn']","Uniformity strongly rejected (min p=1.47e-07, KS=0.1800).; Independence strongly rejected (min Ljung-Box p=2.71e-27, |ACF lag-1|=0.6285).; Coverage mildly off-target by 0.040 (target=0.900)."
0.096,0.0186040510745637,0.7726973333333332,0.0084463970270619,0.4656166408724402,0.15,175.81952985351458,4.1790994502403744e-36,185.64060299171103,1.5773624391516147e-34,191.5912822155684,5.1424769843220735e-30,z=Phi^{-1}(u),0.6788730011529359,93.9828769782156,0.948,16250,16500,250,50,overlapping,RED,"['PIT_uniformity_fail', 'ACF_dependence_fail', 'coverage_warn']","Uniformity strongly rejected (min p=0.00845, KS=0.0960).; Independence strongly rejected (min Ljung-Box p=4.18e-36, |ACF lag-1|=0.6789).; Coverage mildly off-target by 0.048 (target=0.900)."
0.12,0.0013550102442608,0.9607893333333332,0.003006157919507,0.6069381340165023,0.1157584757024983,219.21601448712516,2.1872791151580944e-45,224.46481376958985,1.2415445676233126e-42,232.77537415338583,3.3226945599891475e-38,z=Phi^{-1}(u),0.7333401601727314,99.33835782889793,0.94,16300,16550,250,50,overlapping,RED,"['PIT_uniformity_fail', 'ACF_dependence_fail', 'coverage_warn']","Uniformity strongly rejected (min p=0.00136, KS=0.1200).; Independence strongly rejected (min Ljung-Box p=2.19e-45, |ACF lag-1|=0.7333).; Coverage mildly off-target by 0.040 (target=0.900)."
0.084,0.0553890740154738,0.4149973333333333,0.0658939760376533,0.9522574074631224,0.0173835733830442,231.52362492251967,5.0420899239039575e-48,237.6341960231664,2.1499949105755724e-45,239.56161871681132,1.4427396865438243e-39,z=Phi^{-1}(u),0.7417541017392905,118.22480453656404,0.924,16350,16600,250,50,overlapping,RED,"['ACF_dependence_fail', 'coverage_warn']","Independence strongly rejected (min Ljung-Box p=5.04e-48, |ACF lag-1|=0.7418).; Coverage mildly off-target by 0.024 (target=0.900)."
0.084,0.0553890740154738,0.5271413333333334,0.0339264675491516,1.079210804214938,0.01,177.17119640617392,2.150328641893591e-36,182.5856122565889,6.8046924164931845e-34,188.1832175477017,2.40916565111388e-29,z=Phi^{-1}(u),0.7059967738635416,132.39016983892128,0.896,16400,16650,250,50,overlapping,RED,"['PIT_uniformity_warn', 'ACF_dependence_fail']","Uniformity weakly rejected (min p=0.0339).; Independence strongly rejected (min Ljung-Box p=2.15e-36, |ACF lag-1|=0.7060)."
0.108,0.0054015033651195,0.6531453333333332,0.0164915809752124,2.408324958376,0.01,149.10670490389447,2.0685367389943522e-30,155.933710354838,2.235722910673141e-28,163.6998107997176,1.4464828488178544e-24,z=Phi^{-1}(u),0.6741623795021838,112.1365244627962,0.932,16450,16700,250,50,overlapping,RED,"['PIT_uniformity_fail', 'ACF_dependence_fail', 'coverage_warn']","Uniformity strongly rejected (min p=0.0054, KS=0.1080).; Independence strongly rejected (min Ljung-Box p=2.07e-30, |ACF lag-1|=0.6742).; Coverage mildly off-target by 0.032 (target=0.900)."
0.158,6.434116740158326e-06,1.5141253333332971,0.0001552092479654,7.409215388546613,0.01,219.2494536527769,2.1515004664002882e-45,239.9542042545616,7.0046759162434296e-46,260.49617701708195,8.669385632350633e-44,z=Phi^{-1}(u),0.7621353191198951,130.6627204043478,0.896,16500,16750,250,50,overlapping,RED,"['PIT_uniformity_fail', 'ACF_dependence_fail']","Uniformity strongly rejected (min p=6.43e-06, KS=0.1580).; Independence strongly rejected (min Ljung-Box p=7e-46, |ACF lag-1|=0.7621)."
0.166,1.7261388018052337e-06,1.4834733333332977,0.0001825645721855,7.299325354015536,0.01,213.73856816551705,3.2582476180154744e-44,235.08587840232795,7.365956295833848e-45,269.2250740774255,1.48024468283763e-45,z=Phi^{-1}(u),0.7465444528835222,129.6051427838146,0.884,16550,16800,250,50,overlapping,RED,"['PIT_uniformity_fail', 'ACF_dependence_fail']","Uniformity strongly rejected (min p=1.73e-06, KS=0.1660).; Independence strongly rejected (min Ljung-Box p=1.48e-45, |ACF lag-1|=0.7465)."
0.192,1.514511144371369e-08,2.046797333333297,9.419177234071263e-06,7.396060769557437,0.01,206.5424827353301,1.1310851032156843e-42,227.47804407188173,2.9013751955058068e-43,276.22079912447043,5.632802263556471e-47,z=Phi^{-1}(u),0.7283350402498826,118.9125786918273,0.872,16600,16850,250,50,overlapping,RED,"['PIT_uniformity_fail', 'ACF_dependence_fail', 'coverage_warn']","Uniformity strongly rejected (min p=1.51e-08, KS=0.1920).; Independence strongly rejected (min Ljung-Box p=5.63e-47, |ACF lag-1|=0.7283).; Coverage mildly off-target by 0.028 (target=0.900)."
0.22,4.168813426318746e-11,2.634605333333261,4.379858830061423e-07,9.015076753128255,0.01,255.4809206577001,3.6641154673542552e-53,281.76884632727314,1.1023784465223415e-54,308.3672905193036,1.5754814097306816e-53,z=Phi^{-1}(u),0.7433756748770229,152.15390674913985,0.876,16650,16900,250,50,overlapping,RED,"['PIT_uniformity_fail', 'ACF_dependence_fail', 'coverage_warn']","Uniformity strongly rejected (min p=4.17e-11, KS=0.2200).; Independence strongly rejected (min Ljung-Box p=1.1e-54, |ACF lag-1|=0.7434).; Coverage mildly off-target by 0.024 (target=0.900)."
0.256,6.2050984958413155e-15,4.204505333333234,1.231843516080744e-10,10.538696589049437,0.01,251.44242446907973,2.695374790812637e-52,275.92407081056143,1.8852066412122078e-53,301.6578512960031,3.7064401241777205e-52,z=Phi^{-1}(u),0.7402803215875114,166.02868545933825,0.856,16700,16950,250,50,overlapping,RED,"['PIT_uniformity_fail', 'ACF_dependence_fail', 'coverage_warn']","Uniformity strongly rejected (min p=6.21e-15, KS=0.2560).; Independence strongly rejected (min Ljung-Box p=1.89e-53, |ACF lag-1|=0.7403).; Coverage mildly off-target by 0.044 (target=0.900)."
0.31,7.766587460292046e-22,5.876225333333294,4.707012557503276e-12,8.489563896957407,0.01,190.3903161787119,3.223883182620554e-39,229.27254200742948,1.2202877275423533e-43,270.40371166129887,8.537614470167766e-46,z=Phi^{-1}(u),0.6726624187457995,143.9843239261436,0.888,16750,17000,250,50,overlapping,RED,"['PIT_uniformity_fail', 'ACF_dependence_fail']","Uniformity strongly rejected (min p=7.77e-22, KS=0.3100).; Independence strongly rejected (min Ljung-Box p=8.54e-46, |ACF lag-1|=0.6727)."
0.358,3.4453594461800886e-29,6.823645333333294,1.1707501634816708e-10,11.661621972580916,0.01,232.37480877507912,3.312443173093451e-48,301.3699830912078,7.980187806543927e-59,390.9638762919675,1.5269624835886355e-70,z=Phi^{-1}(u),0.7187262609352258,152.68280439139124,0.872,16800,17050,250,50,overlapping,RED,"['PIT_uniformity_fail', 'ACF_dependence_fail', 'coverage_warn']","Uniformity strongly rejected (min p=3.45e-29, KS=0.3580).; Independence strongly rejected (min Ljung-Box p=1.53e-70, |ACF lag-1|=0.7187).; Coverage mildly off-target by 0.028 (target=0.900)."
0.434,2.4942218844666216e-43,10.287601333333264,2.933309040109577e-09,18.73217132087143,0.01,234.75455559412887,1.0232314138077812e-48,274.0008373541906,4.796480278492488e-53,316.6107112838539,3.2344644387798727e-55,z=Phi^{-1}(u),0.7139005749589954,157.83747154000062,0.876,16850,17100,250,50,overlapping,RED,"['PIT_uniformity_fail', 'ACF_dependence_fail', 'coverage_warn']","Uniformity strongly rejected (min p=2.49e-43, KS=0.4340).; Independence strongly rejected (min Ljung-Box p=3.23e-55, |ACF lag-1|=0.7139).; Coverage mildly off-target by 0.024 (target=0.900)."
0.462,2.3038090766044477e-49,11.715337333333323,7.1392680656146e-10,22.840306265733037,0.01,198.45938275512816,6.066904264238869e-41,230.69690927465567,6.135197766960917e-44,301.9934272002482,3.16521452987323e-52,z=Phi^{-1}(u),0.7094231635410795,125.05972937508874,0.876,16900,17150,250,50,overlapping,RED,"['PIT_uniformity_fail', 'ACF_dependence_fail', 'coverage_warn']","Uniformity strongly rejected (min p=2.3e-49, KS=0.4620).; Independence strongly rejected (min Ljung-Box p=3.17e-52, |ACF lag-1|=0.7094).; Coverage mildly off-target by 0.024 (target=0.900)."
0.438,3.657123373416834e-44,10.383917333333317,7.113265532154854e-11,21.193654668279805,0.01,234.58968648394188,1.1099948143602692e-48,264.4440674815082,4.9538360750345113e-51,336.10019282182384,3.2337665399495627e-59,z=Phi^{-1}(u),0.7505528856878743,146.13218384768842,0.864,16950,17200,250,50,overlapping,RED,"['PIT_uniformity_fail', 'ACF_dependence_fail', 'coverage_warn']","Uniformity strongly rejected (min p=3.66e-44, KS=0.4380).; Independence strongly rejected (min Ljung-Box p=3.23e-59, |ACF lag-1|=0.7506).; Coverage mildly off-target by 0.036 (target=0.900)."
0.414,2.679266882496224e-39,9.327645333333264,5.215382570256111e-10,20.0321760613607,0.01,279.1485283334315,3.033178768267486e-58,306.58386542994907,6.301319984105551e-60,378.2340663799292,6.5975943757049036e-68,z=Phi^{-1}(u),0.7821169503613017,185.5604631533733,0.832,17000,17250,250,50,overlapping,RED,"['PIT_uniformity_fail', 'ACF_dependence_fail', 'undercoverage']","Uniformity strongly rejected (min p=2.68e-39, KS=0.4140).; Independence strongly rejected (min Ljung-Box p=6.6e-68, |ACF lag-1|=0.7821).; Coverage off-target by 0.068 (target=0.900)."
0.4039999999999999,2.2845216534744347e-37,10.396625333333263,7.291778292284333e-11,19.08522929965181,0.01,220.38602188836288,1.228221150196955e-45,235.8798939618225,5.0190068822663054e-45,272.74426523503234,2.8609961683917727e-46,z=Phi^{-1}(u),0.7449435676472282,180.236440600936,0.86,17050,17300,250,50,overlapping,RED,"['PIT_uniformity_fail', 'ACF_dependence_fail', 'coverage_warn']","Uniformity strongly rejected (min p=2.28e-37, KS=0.4040).; Independence strongly rejected (min Ljung-Box p=2.86e-46, |ACF lag-1|=0.7449).; Coverage mildly off-target by 0.040 (target=0.900)."
0.378,1.3217148201158094e-32,9.713229333333269,1.0930769622774503e-09,17.904880677967867,0.01,214.5589942554906,2.1742194168513931e-44,234.67345119088364,8.990061325835353e-45,286.4613382103162,4.658463258388955e-49,z=Phi^{-1}(u),0.7563195735361219,169.67778381986955,0.872,17100,17350,250,50,overlapping,RED,"['PIT_uniformity_fail', 'ACF_dependence_fail', 'coverage_warn']","Uniformity strongly rejected (min p=1.32e-32, KS=0.3780).; Independence strongly rejected (min Ljung-Box p=4.66e-49, |ACF lag-1|=0.7563).; Coverage mildly off-target by 0.028 (target=0.900)."
0.356,7.366296625002524e-29,8.71448133333327,1.4309686768854135e-10,15.183430260754903,0.01,230.64375421717244,7.784182944457186e-48,254.12257117552903,7.372342847383176e-49,311.4139400162423,3.749815416321566e-54,z=Phi^{-1}(u),0.7581879417826202,188.83019587726983,0.864,17150,17400,250,50,overlapping,RED,"['PIT_uniformity_fail', 'ACF_dependence_fail', 'coverage_warn']","Uniformity strongly rejected (min p=7.37e-29, KS=0.3560).; Independence strongly rejected (min Ljung-Box p=3.75e-54, |ACF lag-1|=0.7582).; Coverage mildly off-target by 0.036 (target=0.900)."
0.332,4.632709403389972e-25,8.136861333333318,3.5438540990639915e-11,10.04511132883249,0.01,179.79446642173582,5.920210030072225e-37,187.0228402194139,8.138192329645192e-35,203.39868357184213,2.3902016391505856e-32,z=Phi^{-1}(u),0.7140928720288354,170.2031104239442,0.888,17200,17450,250,50,overlapping,RED,"['PIT_uniformity_fail', 'ACF_dependence_fail']","Uniformity strongly rejected (min p=4.63e-25, KS=0.3320).; Independence strongly rejected (min Ljung-Box p=5.92e-37, |ACF lag-1|=0.7141)."
0.322,1.4509908808024445e-23,7.5912293333333185,8.887099944843158e-10,10.525155573876418,0.01,187.19567213478888,1.5530306144865756e-38,191.4037290466312,9.977435495184735e-36,206.3831529564848,6.119341281465762e-33,z=Phi^{-1}(u),0.7205008186263618,187.2398481732768,0.88,17250,17500,250,50,overlapping,RED,"['PIT_uniformity_fail', 'ACF_dependence_fail', 'coverage_warn']","Uniformity strongly rejected (min p=1.45e-23, KS=0.3220).; Independence strongly rejected (min Ljung-Box p=1.55e-38, |ACF lag-1|=0.7205).; Coverage mildly off-target by 0.020 (target=0.900)."
0.286,1.3586822268128128e-18,5.819377333333318,3.763545031176818e-12,10.517478592428972,0.01,239.0287409807638,1.2402282675785507e-49,254.74225883352975,5.460586611982147e-49,305.0304171199152,7.581761219897208e-53,z=Phi^{-1}(u),0.7596014454144038,192.51630379679585,0.876,17300,17550,250,50,overlapping,RED,"['PIT_uniformity_fail', 'ACF_dependence_fail', 'coverage_warn']","Uniformity strongly rejected (min p=1.36e-18, KS=0.2860).; Independence strongly rejected (min Ljung-Box p=7.58e-53, |ACF lag-1|=0.7596).; Coverage mildly off-target by 0.024 (target=0.900)."
0.262,1.245606618222766e-15,4.70729733333327,2.1001422823019308e-11,12.277490223300331,0.01,271.59733913208424,1.2702302470688344e-56,299.297310997465,2.1886701567970598e-58,338.3638794740634,1.1072105444417338e-59,z=Phi^{-1}(u),0.7839542067795645,244.2480490090076,0.848,17350,17600,250,50,overlapping,RED,"['PIT_uniformity_fail', 'ACF_dependence_fail', 'undercoverage']","Uniformity strongly rejected (min p=1.25e-15, KS=0.2620).; Independence strongly rejected (min Ljung-Box p=1.11e-59, |ACF lag-1|=0.7840).; Coverage off-target by 0.052 (target=0.900)."
0.198,4.591565961933187e-09,3.0743093333332694,4.4388355213698105e-08,9.666797156907364,0.01,269.24978025015497,4.055410520769004e-56,304.8308402287835,1.47979163496264e-59,355.67695040648124,3.01036350478238e-63,z=Phi^{-1}(u),0.7757968575953145,226.83097938951383,0.852,17400,17650,250,50,overlapping,RED,"['PIT_uniformity_fail', 'ACF_dependence_fail', 'coverage_warn']","Uniformity strongly rejected (min p=4.59e-09, KS=0.1980).; Independence strongly rejected (min Ljung-Box p=3.01e-63, |ACF lag-1|=0.7758).; Coverage mildly off-target by 0.048 (target=0.900)."
0.1939999999999999,1.0217160464820098e-08,3.144565333333233,3.0793935845707665e-08,8.782060194131986,0.01,294.60051432719087,1.4500907290918117e-61,317.6785769585813,2.828780502809132e-62,350.3720612691267,3.733971709257463e-62,z=Phi^{-1}(u),0.7972310239659439,268.0582932274741,0.816,17450,17700,250,50,overlapping,RED,"['PIT_uniformity_fail', 'ACF_dependence_fail', 'undercoverage']","Uniformity strongly rejected (min p=1.02e-08, KS=0.1940).; Independence strongly rejected (min Ljung-Box p=2.83e-62, |ACF lag-1|=0.7972).; Coverage off-target by 0.084 (target=0.900)."
0.188,3.2861094253825244e-08,4.059233333333282,2.619053862673581e-10,5.34179075156473,0.01,255.744838346947,3.216084997900132e-53,277.5920232036624,8.386109532872084e-54,297.2991310793608,2.8770696520254444e-51,z=Phi^{-1}(u),0.7751442505648746,244.60985941769587,0.84,17500,17750,250,50,overlapping,RED,"['PIT_uniformity_fail', 'ACF_dependence_fail', 'undercoverage']","Uniformity strongly rejected (min p=2.62e-10, KS=0.1880).; Independence strongly rejected (min Ljung-Box p=8.39e-54, |ACF lag-1|=0.7751).; Coverage off-target by 0.060 (target=0.900)."
0.19,2.23557420935436e-08,3.049517333333261,5.050200724276976e-08,7.636802014912746,0.01,260.1121665454407,3.7146656675738677e-54,265.6174139377873,2.804042819666872e-51,270.9614413430147,6.579880304286211e-46,z=Phi^{-1}(u),0.7625457956670793,291.6499533127503,0.828,17550,17800,250,50,overlapping,RED,"['PIT_uniformity_fail', 'ACF_dependence_fail', 'undercoverage']","Uniformity strongly rejected (min p=2.24e-08, KS=0.1900).; Independence strongly rejected (min Ljung-Box p=3.71e-54, |ACF lag-1|=0.7625).; Coverage off-target by 0.072 (target=0.900)."
0.17,8.720933843779262e-07,2.2360813333332934,3.500681502233149e-06,5.130061582983728,0.01,216.07945776694405,1.02729818434105e-44,217.81255979251944,3.0669076319775596e-41,225.1492870207113,1.1181138951107369e-36,z=Phi^{-1}(u),0.7282954453698736,257.989988568126,0.856,17600,17850,250,50,overlapping,RED,"['PIT_uniformity_fail', 'ACF_dependence_fail', 'coverage_warn']","Uniformity strongly rejected (min p=8.72e-07, KS=0.1700).; Independence strongly rejected (min Ljung-Box p=1.03e-44, |ACF lag-1|=0.7283).; Coverage mildly off-target by 0.044 (target=0.900)."
0.15,2.244766886754376e-05,1.7460933333332291,4.563716215755242e-05,6.596911466428367,0.01,206.4327917024961,1.1939101989924089e-42,207.64824366367512,4.0891271619170476e-39,208.46016376628657,2.36822496416536e-33,z=Phi^{-1}(u),0.7435033923869395,303.23994492050934,0.852,17650,17900,250,50,overlapping,RED,"['PIT_uniformity_fail', 'ACF_dependence_fail', 'coverage_warn']","Uniformity strongly rejected (min p=2.24e-05, KS=0.1500).; Independence strongly rejected (min Ljung-Box p=1.19e-42, |ACF lag-1|=0.7435).; Coverage mildly off-target by 0.048 (target=0.900)."
0.088,0.0391297550232403,0.3942613333333133,0.0747447154906755,2.857534926540552,0.01,185.7519023246001,3.1600987189699484e-38,189.80505647312472,2.1466036390603736e-35,202.2809237756392,3.979622067561017e-32,z=Phi^{-1}(u),0.7195810025289386,280.9992199071806,0.88,17700,17950,250,50,overlapping,RED,"['PIT_uniformity_warn', 'ACF_dependence_fail', 'coverage_warn']","Uniformity weakly rejected (min p=0.0391).; Independence strongly rejected (min Ljung-Box p=3.16e-38, |ACF lag-1|=0.7196).; Coverage mildly off-target by 0.020 (target=0.900)."
0.0739999999999999,0.1230243374005598,0.2101653333333133,0.2486878729414169,2.6183747386656933,0.01,181.74278893128303,2.270953855891497e-37,183.94098520155768,3.5579315709293677e-34,193.88320146031748,1.817394754402892e-30,z=Phi^{-1}(u),0.7040098295828736,285.5341818880914,0.88,17750,18000,250,50,overlapping,RED,"['ACF_dependence_fail', 'coverage_warn']","Independence strongly rejected (min Ljung-Box p=2.27e-37, |ACF lag-1|=0.7040).; Coverage mildly off-target by 0.020 (target=0.900)."
0.0479999999999999,0.5949413009568166,0.0919173333333173,0.6263575326707738,1.5987487453105018,0.01,174.48723765566416,8.044283422637621e-36,177.8178333763021,6.64775456563806e-33,196.71572542527687,5.016956796997247e-31,z=Phi^{-1}(u),0.7129468864924038,263.32974445590787,0.884,17800,18050,250,50,overlapping,RED,['ACF_dependence_fail'],"Independence strongly rejected (min Ljung-Box p=8.04e-36, |ACF lag-1|=0.7129)."
0.0539999999999999,0.4440650591425555,0.1956613333333172,0.2761339355407646,1.5468515975835828,0.01,236.51727158893453,4.285850443533806e-49,247.57682466694,1.754003685773887e-47,266.1832849325016,6.120499767085084e-45,z=Phi^{-1}(u),0.7554505061530483,302.89801806169936,0.86,17850,18100,250,50,overlapping,RED,"['ACF_dependence_fail', 'coverage_warn']","Independence strongly rejected (min Ljung-Box p=4.29e-49, |ACF lag-1|=0.7555).; Coverage mildly off-target by 0.040 (target=0.900)."
0.092,0.0272001300552789,0.5267933333333333,0.0339951557310698,0.8284706588208905,0.0336519460789811,301.9354472066753,3.8419222130993056e-63,325.3720981285338,6.641712513694936e-64,339.39525913044486,6.79347153029294e-60,z=Phi^{-1}(u),0.7353377118252759,258.4730380809752,0.888,17900,18150,250,50,overlapping,RED,"['PIT_uniformity_warn', 'ACF_dependence_fail']","Uniformity weakly rejected (min p=0.0272).; Independence strongly rejected (min Ljung-Box p=6.64e-64, |ACF lag-1|=0.7353)."
0.0839999999999999,0.0553890740154743,0.2618013333333333,0.1739273550371741,1.0530795256531746,0.01,320.77368938249884,3.412326799998852e-67,350.52568280178104,3.08199141048e-69,353.3993973065218,8.876084871015779e-63,z=Phi^{-1}(u),0.711448174775361,258.8525299794545,0.892,17950,18200,250,50,overlapping,RED,['ACF_dependence_fail'],"Independence strongly rejected (min Ljung-Box p=3.08e-69, |ACF lag-1|=0.7114)."
0.096,0.0186040510745637,0.4889093333333333,0.0424207778984569,1.9336277579344028,0.01,248.79826109934183,9.953136646165232e-52,276.643339024268,1.329416793745157e-53,284.67117752078155,1.0780744739704522e-48,z=Phi^{-1}(u),0.6883682511473695,247.0483422774727,0.904,18000,18250,250,50,overlapping,RED,"['PIT_uniformity_warn', 'ACF_dependence_fail']","Uniformity weakly rejected (min p=0.0186).; Independence strongly rejected (min Ljung-Box p=1.33e-53, |ACF lag-1|=0.6884)."
0.1019999999999999,0.0102089770242199,0.3931693333333334,0.0752451079097282,1.487532022518394,0.01,273.464503751217,5.0450253071649485e-57,297.2147969055201,6.030389642405914e-58,312.3668156666444,2.3930789346594182e-54,z=Phi^{-1}(u),0.688965373914793,271.6835234462694,0.892,18050,18300,250,50,overlapping,RED,"['PIT_uniformity_warn', 'ACF_dependence_fail']","Uniformity weakly rejected (min p=0.0102).; Independence strongly rejected (min Ljung-Box p=6.03e-58, |ACF lag-1|=0.6890)."
0.1339999999999999,0.0002242473030294,0.8647813333333334,0.0050810012971574,3.5724357184394364,0.01,184.95658446818845,4.673438302985215e-38,189.28292859361667,2.7567457343069154e-35,202.01981534252425,4.482762714837476e-32,z=Phi^{-1}(u),0.6533639320698982,239.7706952238705,0.916,18100,18350,250,50,overlapping,RED,"['PIT_uniformity_fail', 'ACF_dependence_fail']","Uniformity strongly rejected (min p=0.000224, KS=0.1340).; Independence strongly rejected (min Ljung-Box p=4.67e-38, |ACF lag-1|=0.6534)."
0.1699999999999999,8.720933843779303e-07,1.6907453333333335,6.107769633745264e-05,3.262684685002,0.01,170.28514602950992,6.342533763523343e-35,179.3728472751014,3.161989451606519e-33,190.10357993743293,1.0094798673127556e-29,z=Phi^{-1}(u),0.6669492674156706,257.3826367883749,0.908,18150,18400,250,50,overlapping,RED,"['PIT_uniformity_fail', 'ACF_dependence_fail']","Uniformity strongly rejected (min p=8.72e-07, KS=0.1700).; Independence strongly rejected (min Ljung-Box p=6.34e-35, |ACF lag-1|=0.6669)."
0.1679999999999999,1.2294793527601086e-06,1.2409893333332611,0.0006635448481538,6.689655757982905,0.01,272.8923437490629,6.695019574746397e-57,273.6238184591238,5.759927773472979e-53,280.88534126935184,6.350266013418309e-48,z=Phi^{-1}(u),0.7892708825440538,371.2692884486342,0.864,18200,18450,250,50,overlapping,RED,"['PIT_uniformity_fail', 'ACF_dependence_fail', 'coverage_warn']","Uniformity strongly rejected (min p=1.23e-06, KS=0.1680).; Independence strongly rejected (min Ljung-Box p=6.7e-57, |ACF lag-1|=0.7893).; Coverage mildly off-target by 0.036 (target=0.900)."
0.2439999999999999,1.3683653881163458e-13,3.065061333333262,4.65771687885308e-08,8.454036905231192,0.01,295.7304590819258,8.289107750027269e-62,298.6159831736642,3.0492746845373118e-58,304.3889658313927,1.0253871107343452e-52,z=Phi^{-1}(u),0.8032348617034674,386.33952382933415,0.856,18250,18500,250,50,overlapping,RED,"['PIT_uniformity_fail', 'ACF_dependence_fail', 'coverage_warn']","Uniformity strongly rejected (min p=1.37e-13, KS=0.2440).; Independence strongly rejected (min Ljung-Box p=8.29e-62, |ACF lag-1|=0.8032).; Coverage mildly off-target by 0.044 (target=0.900)."
0.2399999999999999,3.706006465531562e-13,2.7810173333332613,2.0431894010020105e-07,9.893838427967124,0.01,281.0453764902737,1.1868147351514116e-58,283.3010158207662,5.23573121369631e-55,292.6777195452637,2.521603941464774e-50,z=Phi^{-1}(u),0.7947899302110836,334.2323159275384,0.892,18300,18550,250,50,overlapping,RED,"['PIT_uniformity_fail', 'ACF_dependence_fail']","Uniformity strongly rejected (min p=3.71e-13, KS=0.2400).; Independence strongly rejected (min Ljung-Box p=1.19e-58, |ACF lag-1|=0.7948)."
0.2599999999999999,2.13670091119724e-15,3.4892333333332606,5.1309961834888895e-09,10.324154453199924,0.01,274.329847437924,3.288512763417656e-57,275.0793391167901,2.841207002981112e-53,280.5769615900444,7.336590454047182e-48,z=Phi^{-1}(u),0.7911494724149,327.20799152933773,0.908,18350,18600,250,50,overlapping,RED,"['PIT_uniformity_fail', 'ACF_dependence_fail']","Uniformity strongly rejected (min p=2.14e-15, KS=0.2600).; Independence strongly rejected (min Ljung-Box p=3.29e-57, |ACF lag-1|=0.7911)."
0.206,8.815066355557083e-10,1.9670013333332608,1.4306672740493909e-05,10.089697656472085,0.01,299.91041974476434,1.0469426944420799e-62,300.4157718830106,1.2698297211056203e-58,302.48119539892144,2.5162275028722e-52,z=Phi^{-1}(u),0.8036916562711545,311.8202092058521,0.908,18400,18650,250,50,overlapping,RED,"['PIT_uniformity_fail', 'ACF_dependence_fail']","Uniformity strongly rejected (min p=8.82e-10, KS=0.2060).; Independence strongly rejected (min Ljung-Box p=1.05e-62, |ACF lag-1|=0.8037)."
0.1519999999999999,1.6526799810663036e-05,0.7366253333332332,0.0103231458182999,10.131213660736933,0.01,411.44566952214063,1.0119483452686276e-86,418.7252190909797,9.698312402517892e-84,453.69022161284073,1.3858682148240845e-83,z=Phi^{-1}(u),0.8394789178070818,378.9990211066904,0.908,18450,18700,250,50,overlapping,RED,"['PIT_uniformity_fail', 'ACF_dependence_fail']","Uniformity strongly rejected (min p=1.65e-05, KS=0.1520).; Independence strongly rejected (min Ljung-Box p=1.01e-86, |ACF lag-1|=0.8395)."
0.1159999999999999,0.0021837382351525,0.4220293333332334,0.0631543587285032,8.813484390099973,0.01,376.4376623555245,3.5433585737499526e-79,379.2173047727725,2.4799331250206623e-75,410.3969998390512,1.421040408811625e-74,z=Phi^{-1}(u),0.8344376768089665,379.2662952737386,0.9,18500,18750,250,50,overlapping,RED,"['PIT_uniformity_fail', 'ACF_dependence_fail']","Uniformity strongly rejected (min p=0.00218, KS=0.1160).; Independence strongly rejected (min Ljung-Box p=3.54e-79, |ACF lag-1|=0.8344)."
0.088,0.0391297550232401,0.6837933333332333,0.0138756588433918,7.196460198958107,0.01,416.5660415662429,7.967130031946416e-88,420.67573571596864,3.72547288398812e-84,465.2498349298664,5.363936768713212e-86,z=Phi^{-1}(u),0.8628884268667962,420.3397744307092,0.892,18550,18800,250,50,overlapping,RED,"['PIT_uniformity_warn', 'ACF_dependence_fail']","Uniformity weakly rejected (min p=0.0139).; Independence strongly rejected (min Ljung-Box p=7.97e-88, |ACF lag-1|=0.8629)."
0.146,4.090430161748266e-05,1.3506493333332332,0.0003696175536733,7.583755483445543,0.01,428.13821163513165,2.5480207327277524e-90,434.606211017752,4.004458539079076e-87,482.9872694637061,1.055499750172884e-89,z=Phi^{-1}(u),0.8665099793109192,403.7831870330844,0.892,18600,18850,250,50,overlapping,RED,"['PIT_uniformity_fail', 'ACF_dependence_fail']","Uniformity strongly rejected (min p=4.09e-05, KS=0.1460).; Independence strongly rejected (min Ljung-Box p=2.55e-90, |ACF lag-1|=0.8665)."
0.1079999999999999,0.0054015033651195,0.6799973333332332,0.0141749965933856,7.061494703569963,0.01,423.2750341730445,2.849846057011226e-89,430.7912871021223,2.604350181433293e-86,480.6757522941137,3.211638296203009e-89,z=Phi^{-1}(u),0.8608424441036773,399.4447989237871,0.896,18650,18900,250,50,overlapping,RED,"['PIT_uniformity_fail', 'ACF_dependence_fail']","Uniformity strongly rejected (min p=0.0054, KS=0.1080).; Independence strongly rejected (min Ljung-Box p=2.85e-89, |ACF lag-1|=0.8608)."
0.042,0.7535349147957915,0.0641493333333333,0.7883433989190096,0.5469451021444627,0.15,346.7807907507339,8.632986507159874e-73,351.3349700889526,2.0752956414003112e-69,364.6428693092895,4.2505041093099336e-65,z=Phi^{-1}(u),0.8159517588820642,260.19701009920107,0.924,18700,18950,250,50,overlapping,RED,"['ACF_dependence_fail', 'coverage_warn']","Independence strongly rejected (min Ljung-Box p=8.63e-73, |ACF lag-1|=0.8160).; Coverage mildly off-target by 0.024 (target=0.900)."
0.058,0.35594570590954,0.1616253333333173,0.35619148057476,2.2875646000408665,0.01,369.16321181076495,1.3073684729176415e-77,378.3628642588531,3.7677467684511553e-75,394.5548940063582,2.7516765093497387e-71,z=Phi^{-1}(u),0.8139580285052203,323.0416988314734,0.924,18750,19000,250,50,overlapping,RED,"['ACF_dependence_fail', 'coverage_warn']","Independence strongly rejected (min Ljung-Box p=1.31e-77, |ACF lag-1|=0.8140).; Coverage mildly off-target by 0.024 (target=0.900)."
0.1099999999999999,0.0043334485784834,0.8129093333333174,0.0067608230168042,2.419855271563563,0.01,358.1124470692078,3.135820454042596e-75,367.10965994430745,9.279352873994676e-73,403.1078973367136,4.6315425107094574e-73,z=Phi^{-1}(u),0.8034746591639196,313.2750536987085,0.92,18800,19050,250,50,overlapping,RED,"['PIT_uniformity_fail', 'ACF_dependence_fail', 'coverage_warn']","Uniformity strongly rejected (min p=0.00433, KS=0.1100).; Independence strongly rejected (min Ljung-Box p=3.14e-75, |ACF lag-1|=0.8035).; Coverage mildly off-target by 0.020 (target=0.900)."
0.154,1.211756149014716e-05,2.1444853333333174,5.649994222034493e-06,2.528093587478338,0.01,348.8994051075134,3.020333131013251e-73,360.340418800449,2.542659042564556e-71,408.4419071918587,3.618918756069577e-74,z=Phi^{-1}(u),0.7936505133796681,331.9497655578772,0.92,18850,19100,250,50,overlapping,RED,"['PIT_uniformity_fail', 'ACF_dependence_fail', 'coverage_warn']","Uniformity strongly rejected (min p=5.65e-06, KS=0.1540).; Independence strongly rejected (min Ljung-Box p=3.62e-74, |ACF lag-1|=0.7937).; Coverage mildly off-target by 0.020 (target=0.900)."
0.1899999999999999,2.2355742093543813e-08,3.2338053333333177,1.935347282433497e-08,2.742517682097514,0.01,403.062975988193,6.487739877544919e-85,427.88611093594153,1.0835544723473244e-85,502.2109796902884,1.0023044919342763e-93,z=Phi^{-1}(u),0.8209083654846184,421.35583791989575,0.868,18900,19150,250,50,overlapping,RED,"['PIT_uniformity_fail', 'ACF_dependence_fail', 'coverage_warn']","Uniformity strongly rejected (min p=1.94e-08, KS=0.1900).; Independence strongly rejected (min Ljung-Box p=1e-93, |ACF lag-1|=0.8209).; Coverage mildly off-target by 0.032 (target=0.900)."
0.174,4.333396074387789e-07,2.497341333333317,8.956102491852747e-07,2.6709248681808617,0.01,392.2364581726333,1.3976340575883173e-82,409.484224004806,9.011021637074331e-82,477.9984544010472,1.165082774542874e-88,z=Phi^{-1}(u),0.8253646400197984,417.1005706082448,0.868,18950,19200,250,50,overlapping,RED,"['PIT_uniformity_fail', 'ACF_dependence_fail', 'coverage_warn']","Uniformity strongly rejected (min p=4.33e-07, KS=0.1740).; Independence strongly rejected (min Ljung-Box p=1.17e-88, |ACF lag-1|=0.8254).; Coverage mildly off-target by 0.032 (target=0.900)."
0.1559999999999999,8.848081887923778e-06,1.6288333333333334,8.465440764249266e-05,3.0571067412113564,0.01,375.9520938634561,4.508359920693622e-79,387.2454680814819,4.867963713628259e-77,430.05896752811066,1.1616580810883848e-78,z=Phi^{-1}(u),0.8215554206834573,353.9675534169999,0.892,19000,19250,250,50,overlapping,RED,"['PIT_uniformity_fail', 'ACF_dependence_fail']","Uniformity strongly rejected (min p=8.85e-06, KS=0.1560).; Independence strongly rejected (min Ljung-Box p=4.51e-79, |ACF lag-1|=0.8216)."
0.202,2.0289194101948806e-09,3.2844333333332694,1.4870987219417486e-08,5.443761862691275,0.01,376.0077554786018,4.385587138641087e-79,397.0494517373164,3.99621249253177e-79,484.8415628339382,4.3223222876178776e-90,z=Phi^{-1}(u),0.7864413742173959,502.0809883604784,0.84,19050,19300,250,50,overlapping,RED,"['PIT_uniformity_fail', 'ACF_dependence_fail', 'undercoverage']","Uniformity strongly rejected (min p=2.03e-09, KS=0.2020).; Independence strongly rejected (min Ljung-Box p=4.32e-90, |ACF lag-1|=0.7864).; Coverage off-target by 0.060 (target=0.900)."
0.192,1.514511144371352e-08,2.8384853333332694,1.5148451382174247e-07,6.15880906336065,0.01,389.2211070447712,6.2397466628221e-82,414.8264458046754,6.563447698297914e-83,526.6984851793736,7.39510690637753e-99,z=Phi^{-1}(u),0.7966920640706684,570.9629090965869,0.816,19100,19350,250,50,overlapping,RED,"['PIT_uniformity_fail', 'ACF_dependence_fail', 'undercoverage']","Uniformity strongly rejected (min p=1.51e-08, KS=0.1920).; Independence strongly rejected (min Ljung-Box p=7.4e-99, |ACF lag-1|=0.7967).; Coverage off-target by 0.084 (target=0.900)."
0.134,0.0002242473030294,1.1559573333332531,0.0010467034382424,6.216524804158325,0.01,395.8256332063689,2.35460418403672e-83,408.1742652172178,1.7127313388852706e-81,456.3278157156458,3.90418726075167e-84,z=Phi^{-1}(u),0.7950702653226943,540.8625191216966,0.836,19150,19400,250,50,overlapping,RED,"['PIT_uniformity_fail', 'ACF_dependence_fail', 'undercoverage']","Uniformity strongly rejected (min p=0.000224, KS=0.1340).; Independence strongly rejected (min Ljung-Box p=3.9e-84, |ACF lag-1|=0.7951).; Coverage off-target by 0.064 (target=0.900)."
0.15,2.244766886754376e-05,1.4289093333332534,0.0002438290145313,5.540459087492337,0.01,385.04997123654687,4.942365104028202e-81,397.2897381649006,3.5523576217016665e-79,468.7175143236087,1.0124722157256224e-86,z=Phi^{-1}(u),0.7837279195544606,576.7525119639513,0.852,19200,19450,250,50,overlapping,RED,"['PIT_uniformity_fail', 'ACF_dependence_fail', 'coverage_warn']","Uniformity strongly rejected (min p=2.24e-05, KS=0.1500).; Independence strongly rejected (min Ljung-Box p=1.01e-86, |ACF lag-1|=0.7837).; Coverage mildly off-target by 0.048 (target=0.900)."
0.18,1.471143755962186e-07,2.421961333333253,1.326818929614504e-06,4.386757256929343,0.01,432.0840778668335,3.591845728335042e-91,452.9672709224648,4.864597638070332e-91,534.1538350255772,2.017258805716404e-100,z=Phi^{-1}(u),0.8031586153640343,709.3170465250761,0.804,19250,19500,250,50,overlapping,RED,"['PIT_uniformity_fail', 'ACF_dependence_fail', 'undercoverage']","Uniformity strongly rejected (min p=1.47e-07, KS=0.1800).; Independence strongly rejected (min Ljung-Box p=2.02e-100, |ACF lag-1|=0.8032).; Coverage off-target by 0.096 (target=0.900)."
0.118,0.001723677123827,0.8628693333333173,0.0051346366049122,1.761978191444996,0.01,386.5123247828182,2.3924639120165867e-81,401.7656315460403,3.9623435451978235e-80,455.4754090768229,5.87967587396206e-84,z=Phi^{-1}(u),0.805701338703058,579.1817018112274,0.868,19300,19550,250,50,overlapping,RED,"['PIT_uniformity_fail', 'ACF_dependence_fail', 'coverage_warn']","Uniformity strongly rejected (min p=0.00172, KS=0.1180).; Independence strongly rejected (min Ljung-Box p=5.88e-84, |ACF lag-1|=0.8057).; Coverage mildly off-target by 0.032 (target=0.900)."
0.0919999999999999,0.0272001300552793,0.5299973333333173,0.033368214876906,1.203330142659837,0.01,377.2215548701483,2.4018339709077348e-79,387.5424772437896,4.2089865106880256e-77,423.1118922045308,3.2379492651752568e-77,z=Phi^{-1}(u),0.8086716614179652,579.6908922340778,0.864,19350,19600,250,50,overlapping,RED,"['PIT_uniformity_warn', 'ACF_dependence_fail', 'coverage_warn']","Uniformity weakly rejected (min p=0.0272).; Independence strongly rejected (min Ljung-Box p=2.4e-79, |ACF lag-1|=0.8087).; Coverage mildly off-target by 0.036 (target=0.900)."
0.1019999999999999,0.0102089770242199,0.8275573333333333,0.0062358879544015,1.7778996467102957,0.01,347.0970621763429,7.380300397323382e-73,383.6552545838628,2.8239456920948715e-76,463.3909679178188,1.3108500045824588e-85,z=Phi^{-1}(u),0.8008545203002779,561.9200875444529,0.904,19400,19650,250,50,overlapping,RED,"['PIT_uniformity_fail', 'ACF_dependence_fail']","Uniformity strongly rejected (min p=0.00624, KS=0.1020).; Independence strongly rejected (min Ljung-Box p=1.31e-85, |ACF lag-1|=0.8009)."
0.122,0.0010608632709633,0.7882853333333333,0.0077471329850806,3.039989937583812,0.01,355.1566785317393,1.357748146851374e-74,413.2271797850833,1.4379067871278788e-82,523.5025018580759,3.461359577503545e-98,z=Phi^{-1}(u),0.80945258964574,561.5036355831857,0.904,19450,19700,250,50,overlapping,RED,"['PIT_uniformity_fail', 'ACF_dependence_fail']","Uniformity strongly rejected (min p=0.00106, KS=0.1220).; Independence strongly rejected (min Ljung-Box p=3.46e-98, |ACF lag-1|=0.8095)."
0.174,4.333396074387833e-07,0.8851773333333333,0.0045431384975875,3.27467830700877,0.01,302.16699951830884,3.42581353734023e-63,356.23789211662285,1.8895625902495645e-70,460.6100913773006,4.988737157784358e-85,z=Phi^{-1}(u),0.7675775236528094,477.0979350801006,0.924,19500,19750,250,50,overlapping,RED,"['PIT_uniformity_fail', 'ACF_dependence_fail', 'coverage_warn']","Uniformity strongly rejected (min p=4.33e-07, KS=0.1740).; Independence strongly rejected (min Ljung-Box p=4.99e-85, |ACF lag-1|=0.7676).; Coverage mildly off-target by 0.024 (target=0.900)."
0.1,0.0125203447299346,0.3139813333333293,0.1234771591607876,1.4895799840637949,0.01,303.6063229637593,1.679940510773664e-63,333.7090630685045,1.1366111910258837e-65,393.6462714217224,4.24558976569706e-71,z=Phi^{-1}(u),0.7455817229644207,513.6786788877604,0.904,19550,19800,250,50,overlapping,RED,"['PIT_uniformity_warn', 'ACF_dependence_fail']","Uniformity weakly rejected (min p=0.0125).; Independence strongly rejected (min Ljung-Box p=4.25e-71, |ACF lag-1|=0.7456)."
0.09,0.032690132515418,0.3769813333333295,0.0831052081331331,1.3608484470344138,0.01,305.7074398482248,5.936159560933391e-64,335.6753546679446,4.3529255605798644e-66,411.9670469685007,6.706942961761553e-75,z=Phi^{-1}(u),0.7303100114804647,496.7006553389704,0.92,19600,19850,250,50,overlapping,RED,"['PIT_uniformity_warn', 'ACF_dependence_fail', 'coverage_warn']","Uniformity weakly rejected (min p=0.0327).; Independence strongly rejected (min Ljung-Box p=6.71e-75, |ACF lag-1|=0.7303).; Coverage mildly off-target by 0.020 (target=0.900)."
0.084,0.0553890740154738,0.2572693333333293,0.1793233950294641,1.662198474640519,0.01,360.55396814873137,9.345087030273337e-76,379.16222602849297,2.547705239156069e-75,397.6260117040922,6.351265198084315e-72,z=Phi^{-1}(u),0.7461725820327478,506.6902735852091,0.876,19650,19900,250,50,overlapping,RED,"['ACF_dependence_fail', 'coverage_warn']","Independence strongly rejected (min Ljung-Box p=9.35e-76, |ACF lag-1|=0.7462).; Coverage mildly off-target by 0.024 (target=0.900)."
0.1039999999999999,0.008290637497102,0.8307973333333293,0.0061255064525527,4.269385972617727,0.01,304.64259571847816,1.0057158788103208e-63,332.5512971547651,1.999939504271753e-65,336.5568266036305,2.6051082326422687e-59,z=Phi^{-1}(u),0.7237376007926669,443.51986373632695,0.884,19700,19950,250,50,overlapping,RED,"['PIT_uniformity_fail', 'ACF_dependence_fail']","Uniformity strongly rejected (min p=0.00613, KS=0.1040).; Independence strongly rejected (min Ljung-Box p=2e-65, |ACF lag-1|=0.7237)."
0.136,0.0001706166522264,1.1105133333333297,0.0013365716252045,5.385973333893531,0.01,297.1515043642676,4.102357831959143e-62,316.92901006925905,4.076505983188979e-62,321.19623997398054,3.7145199198487553e-56,z=Phi^{-1}(u),0.7104523994232144,403.85258125113353,0.908,19750,20000,250,50,overlapping,RED,"['PIT_uniformity_fail', 'ACF_dependence_fail']","Uniformity strongly rejected (min p=0.000171, KS=0.1360).; Independence strongly rejected (min Ljung-Box p=4.08e-62, |ACF lag-1|=0.7105)."
0.096,0.0186040510745635,0.7817413333333334,0.0080331856030834,3.7435591585837074,0.01,300.30698666930704,8.603290787934335e-63,317.69612865629136,2.804679961865693e-62,326.2234601642454,3.455943047044675e-57,z=Phi^{-1}(u),0.7348932489794324,367.9365294497784,0.916,19800,20050,250,50,overlapping,RED,"['PIT_uniformity_fail', 'ACF_dependence_fail']","Uniformity strongly rejected (min p=0.00803, KS=0.0960).; Independence strongly rejected (min Ljung-Box p=8.6e-63, |ACF lag-1|=0.7349)."
0.104,0.0082906374971019,0.7420053333332972,0.0100181699300642,8.343425509664485,0.01,298.69451648808905,1.9112791205506275e-62,303.9911660064408,2.2272739712329705e-59,327.77417959565184,1.6605414022764378e-57,z=Phi^{-1}(u),0.7727958335574496,362.4719047736144,0.912,19850,20100,250,50,overlapping,RED,"['PIT_uniformity_fail', 'ACF_dependence_fail']","Uniformity strongly rejected (min p=0.00829, KS=0.1040).; Independence strongly rejected (min Ljung-Box p=1.91e-62, |ACF lag-1|=0.7728)."
0.088,0.0391297550232403,0.5600853333332974,0.0280383745190163,7.991035432041656,0.01,305.418181351159,6.850221140064802e-64,308.8771988844286,2.0620609271610068e-60,334.5385214311069,6.772217177912974e-59,z=Phi^{-1}(u),0.7897337961038235,397.12581085717727,0.912,19900,20150,250,50,overlapping,RED,"['PIT_uniformity_warn', 'ACF_dependence_fail']","Uniformity weakly rejected (min p=0.028).; Independence strongly rejected (min Ljung-Box p=6.85e-64, |ACF lag-1|=0.7897)."
0.132,0.000293531424011,0.8382933333332975,0.0058777042600044,7.563641139298284,0.01,365.20211534795015,9.322870537954974e-77,371.36036828629256,1.159785223762089e-73,376.3936265548802,1.5851542027627412e-67,z=Phi^{-1}(u),0.8176009898788839,453.1222429320678,0.9,19950,20200,250,50,overlapping,RED,"['PIT_uniformity_fail', 'ACF_dependence_fail']","Uniformity strongly rejected (min p=0.000294, KS=0.1320).; Independence strongly rejected (min Ljung-Box p=9.32e-77, |ACF lag-1|=0.8176)."
0.078,0.090497873806594,0.2203333333332693,0.2313696011441135,7.010835937349611,0.01,359.8483911087776,1.3259539816432343e-75,365.0370441456308,2.5574038719235487e-72,368.3878277583116,7.160518777333382e-66,z=Phi^{-1}(u),0.7952058094421968,496.3487145700571,0.868,20000,20250,250,50,overlapping,RED,"['ACF_dependence_fail', 'coverage_warn']","Independence strongly rejected (min Ljung-Box p=1.33e-75, |ACF lag-1|=0.7952).; Coverage mildly off-target by 0.032 (target=0.900)."
0.092,0.0272001300552791,0.2208053333332693,0.2306009446441296,6.273261693813595,0.01,295.01213836740766,1.1828116107239669e-61,298.3454292502206,3.478424933001211e-58,301.984324636728,3.178796674987866e-52,z=Phi^{-1}(u),0.8173180049387184,524.1291857345558,0.864,20050,20300,250,50,overlapping,RED,"['PIT_uniformity_warn', 'ACF_dependence_fail', 'coverage_warn']","Uniformity weakly rejected (min p=0.0272).; Independence strongly rejected (min Ljung-Box p=1.18e-61, |ACF lag-1|=0.8173).; Coverage mildly off-target by 0.036 (target=0.900)."
0.062,0.280026003861503,0.2258933333333293,0.2225033327731924,1.4461822054899187,0.01,373.0593117503387,1.8930980154029672e-78,381.2234280114217,9.288227968051947e-76,387.8520768591848,6.737189502059707e-70,z=Phi^{-1}(u),0.7950496010428689,522.0461160759185,0.86,20100,20350,250,50,overlapping,RED,"['ACF_dependence_fail', 'coverage_warn']","Independence strongly rejected (min Ljung-Box p=1.89e-78, |ACF lag-1|=0.7950).; Coverage mildly off-target by 0.040 (target=0.900)."
0.094,0.0225406568153296,0.6166053333333292,0.0202878307496653,0.9984966689682152,0.0131021602807208,290.48406325925845,1.1121588920741331e-60,293.8546682099738,3.092944898596243e-57,300.1903878394663,7.390685612175967e-52,z=Phi^{-1}(u),0.7580320726930694,467.8708037336344,0.888,20150,20400,250,50,overlapping,RED,"['PIT_uniformity_warn', 'ACF_dependence_fail']","Uniformity weakly rejected (min p=0.0203).; Independence strongly rejected (min Ljung-Box p=1.11e-60, |ACF lag-1|=0.7580)."
0.156,8.848081887923624e-06,2.684937333333329,3.3697754020511894e-07,0.9063496967406764,0.0216342873388262,259.6112872268572,4.7581516153628584e-54,261.2185368436892,2.36702065469808e-50,271.4599610501856,5.213082520605533e-46,z=Phi^{-1}(u),0.7212563212736536,417.98591537727054,0.896,20200,20450,250,50,overlapping,RED,"['PIT_uniformity_fail', 'ACF_dependence_fail']","Uniformity strongly rejected (min p=3.37e-07, KS=0.1560).; Independence strongly rejected (min Ljung-Box p=4.76e-54, |ACF lag-1|=0.7213)."
0.1159999999999999,0.0021837382351525,1.2375493333333294,0.0006758683926565,0.8197518964136918,0.0354683549138142,203.43988923470863,5.217358792191475e-42,203.75375544936375,2.659153393492877e-38,204.6998007199648,1.3199644850144582e-32,z=Phi^{-1}(u),0.7245319699667199,409.636045611185,0.904,20250,20500,250,50,overlapping,RED,"['PIT_uniformity_fail', 'ACF_dependence_fail']","Uniformity strongly rejected (min p=0.000676, KS=0.1160).; Independence strongly rejected (min Ljung-Box p=5.22e-42, |ACF lag-1|=0.7245)."
0.124,0.0008271899609853,1.796453333333329,3.5017933793568545e-05,0.8409079968511435,0.0310608339893451,174.57087898057398,7.720288341783698e-36,181.53951691875048,1.1222658269172347e-33,185.77321147602711,7.167932920980782e-29,z=Phi^{-1}(u),0.7022241978781038,366.99167792755946,0.92,20300,20550,250,50,overlapping,RED,"['PIT_uniformity_fail', 'ACF_dependence_fail', 'coverage_warn']","Uniformity strongly rejected (min p=3.5e-05, KS=0.1240).; Independence strongly rejected (min Ljung-Box p=7.72e-36, |ACF lag-1|=0.7022).; Coverage mildly off-target by 0.020 (target=0.900)."
0.132,0.000293531424011,1.323697333333325,0.0004266765056848,1.3871968770222054,0.01,175.80525380909458,4.208529839377607e-36,196.8984349994123,7.153347005173381e-37,200.18159238626112,1.0360090867825496e-31,z=Phi^{-1}(u),0.692086514753877,434.4548364153725,0.88,20350,20600,250,50,overlapping,RED,"['PIT_uniformity_fail', 'ACF_dependence_fail', 'coverage_warn']","Uniformity strongly rejected (min p=0.000294, KS=0.1320).; Independence strongly rejected (min Ljung-Box p=7.15e-37, |ACF lag-1|=0.6921).; Coverage mildly off-target by 0.020 (target=0.900)."
0.142,7.331959943971247e-05,1.4022013333333132,0.0002809853050358,1.948356587199413,0.01,186.79790863731503,1.8887840717326567e-38,194.87406449949228,1.8894259778131146e-36,215.3094468732068,1.0285012113639075e-34,z=Phi^{-1}(u),0.7132974275255677,498.127824454425,0.856,20400,20650,250,50,overlapping,RED,"['PIT_uniformity_fail', 'ACF_dependence_fail', 'coverage_warn']","Uniformity strongly rejected (min p=7.33e-05, KS=0.1420).; Independence strongly rejected (min Ljung-Box p=1.89e-38, |ACF lag-1|=0.7133).; Coverage mildly off-target by 0.044 (target=0.900)."
0.084,0.0553890740154738,0.3571413333333134,0.0939812904205902,2.3348826951531123,0.01,215.25921852298515,1.5394106756752402e-44,217.28803266943132,3.9486721413778626e-41,226.422640172203,6.220374178576278e-37,z=Phi^{-1}(u),0.7368310219466889,523.3586438042731,0.864,20450,20700,250,50,overlapping,RED,"['ACF_dependence_fail', 'coverage_warn']","Independence strongly rejected (min Ljung-Box p=1.54e-44, |ACF lag-1|=0.7368).; Coverage mildly off-target by 0.036 (target=0.900)."
0.1019999999999999,0.0102089770242199,0.6435933333333254,0.0174069499763214,1.4687153686947454,0.01,292.8913985669268,3.3787833208371145e-61,294.4320588693213,2.335500159704463e-57,301.2660429734052,4.456483999061351e-52,z=Phi^{-1}(u),0.7884345085388733,559.2969345859676,0.868,20500,20750,250,50,overlapping,RED,"['PIT_uniformity_warn', 'ACF_dependence_fail', 'coverage_warn']","Uniformity weakly rejected (min p=0.0102).; Independence strongly rejected (min Ljung-Box p=3.38e-61, |ACF lag-1|=0.7884).; Coverage mildly off-target by 0.032 (target=0.900)."
0.138,0.0001292813412389,1.4840453333333254,0.0001820121148817,1.6409352216078048,0.01,324.0178577009628,6.840741641796249e-68,329.3118025985928,9.717684007695791e-65,341.93890001189817,2.0358849481760512e-60,z=Phi^{-1}(u),0.7952244966338758,598.7916378891964,0.856,20550,20800,250,50,overlapping,RED,"['PIT_uniformity_fail', 'ACF_dependence_fail', 'coverage_warn']","Uniformity strongly rejected (min p=0.000129, KS=0.1380).; Independence strongly rejected (min Ljung-Box p=6.84e-68, |ACF lag-1|=0.7952).; Coverage mildly off-target by 0.044 (target=0.900)."
0.182,1.0177424069145845e-07,3.1133013333333293,3.623537214725303e-08,1.9177675994737344,0.01,430.2380976484143,8.982371154877752e-91,459.9908216668844,1.543524378029991e-92,505.9241800257407,1.672492158854578e-94,z=Phi^{-1}(u),0.8262969937762806,532.4665010388552,0.916,20600,20850,250,50,overlapping,RED,"['PIT_uniformity_fail', 'ACF_dependence_fail']","Uniformity strongly rejected (min p=3.62e-08, KS=0.1820).; Independence strongly rejected (min Ljung-Box p=1.67e-94, |ACF lag-1|=0.8263)."
0.262,1.2456066182227849e-15,8.001593333333334,2.4827695455087447e-11,1.4832564551805376,0.01,401.38971498321166,1.4884727221662715e-84,582.2467314169329,1.1189568392803296e-118,1055.088861662781,6.892736416198881e-211,z=Phi^{-1}(u),0.8366740289102997,529.8546527598772,0.928,20650,20900,250,50,overlapping,RED,"['PIT_uniformity_fail', 'ACF_dependence_fail', 'coverage_warn']","Uniformity strongly rejected (min p=1.25e-15, KS=0.2620).; Independence strongly rejected (min Ljung-Box p=6.89e-211, |ACF lag-1|=0.8367).; Coverage mildly off-target by 0.028 (target=0.900)."
0.208,5.773604210119882e-10,4.992665333333333,4.590006152938031e-11,0.510139960312614,0.15,397.5493164726666,1.0010165423735614e-83,467.29807442560144,4.25621829894336e-94,709.8971962111375,1.7808611594089203e-137,z=Phi^{-1}(u),0.8267681705496115,489.6341085312628,0.928,20700,20950,250,50,overlapping,RED,"['PIT_uniformity_fail', 'ACF_dependence_fail', 'coverage_warn']","Uniformity strongly rejected (min p=4.59e-11, KS=0.2080).; Independence strongly rejected (min Ljung-Box p=1.78e-137, |ACF lag-1|=0.8268).; Coverage mildly off-target by 0.028 (target=0.900)."
0.1539999999999999,1.2117561490147267e-05,2.2931293333333174,2.5987697185314573e-06,4.752767793128612,0.01,401.3074281660524,1.550516302922334e-84,412.9234938140533,1.6688004330375298e-82,422.8369254205453,3.6935995414965935e-77,z=Phi^{-1}(u),0.8318762606637038,493.29919422733576,0.92,20750,21000,250,50,overlapping,RED,"['PIT_uniformity_fail', 'ACF_dependence_fail', 'coverage_warn']","Uniformity strongly rejected (min p=2.6e-06, KS=0.1540).; Independence strongly rejected (min Ljung-Box p=1.55e-84, |ACF lag-1|=0.8319).; Coverage mildly off-target by 0.020 (target=0.900)."
0.126,0.0006423606286764,1.4361533333333134,0.0002346324604207,4.6567396920439705,0.01,384.4534658519328,6.6444584050031555e-81,391.788224787723,5.260842450785951e-78,397.1241042952204,8.071178466942576e-72,z=Phi^{-1}(u),0.8086427957025729,510.9463655070597,0.9,20800,21050,250,50,overlapping,RED,"['PIT_uniformity_fail', 'ACF_dependence_fail']","Uniformity strongly rejected (min p=0.000235, KS=0.1260).; Independence strongly rejected (min Ljung-Box p=6.64e-81, |ACF lag-1|=0.8086)."
0.0759999999999999,0.1057293785294719,0.3025333333333133,0.1329405548516952,4.94461310330604,0.01,378.76854211105086,1.1149900842870211e-79,385.9729048989454,9.078052704546499e-77,389.2315844117561,3.489201159640405e-70,z=Phi^{-1}(u),0.8085528362428366,476.6901313663023,0.896,20850,21100,250,50,overlapping,RED,['ACF_dependence_fail'],"Independence strongly rejected (min Ljung-Box p=1.11e-79, |ACF lag-1|=0.8086)."
0.0999999999999999,0.0125203447299346,0.6091413333333133,0.0211686703381471,4.76606085805787,0.01,347.0449857731364,7.573298977490966e-73,351.79574583890826,1.6568664655689659e-69,359.8235136689414,4.199959281859971e-64,z=Phi^{-1}(u),0.7991695936941094,450.9259357071632,0.892,20900,21150,250,50,overlapping,RED,"['PIT_uniformity_warn', 'ACF_dependence_fail']","Uniformity weakly rejected (min p=0.0125).; Independence strongly rejected (min Ljung-Box p=7.57e-73, |ACF lag-1|=0.7992)."
0.052,0.492263234686526,0.0871973333332533,0.651725742259702,7.564413800849934,0.01,379.69249853368456,7.050424089464629e-80,385.5085292010843,1.1395942428832638e-76,389.5088093490638,3.0570000762363304e-70,z=Phi^{-1}(u),0.8320092441071297,555.5337185928838,0.86,20950,21200,250,50,overlapping,RED,"['ACF_dependence_fail', 'coverage_warn']","Independence strongly rejected (min Ljung-Box p=7.05e-80, |ACF lag-1|=0.8320).; Coverage mildly off-target by 0.040 (target=0.900)."
0.074,0.1230243374005586,0.2854773333332693,0.148594843341551,5.447901390619677,0.01,382.6946608526184,1.5900387494473651e-80,387.735100581582,3.8300869819327315e-77,427.0030635793126,5.022508818591637e-78,z=Phi^{-1}(u),0.8353574166813003,525.7988849868975,0.876,21000,21250,250,50,overlapping,RED,"['ACF_dependence_fail', 'coverage_warn']","Independence strongly rejected (min Ljung-Box p=1.59e-80, |ACF lag-1|=0.8354).; Coverage mildly off-target by 0.024 (target=0.900)."
0.102,0.0102089770242198,0.6995613333332972,0.0127002095650584,4.482152537514992,0.01,380.9482506828657,3.78156696245543e-80,387.2315324465184,4.9012993369035484e-77,434.9029749333268,1.1396871473725884e-79,z=Phi^{-1}(u),0.8515930526659211,457.4465981154576,0.908,21050,21300,250,50,overlapping,RED,"['PIT_uniformity_warn', 'ACF_dependence_fail']","Uniformity weakly rejected (min p=0.0102).; Independence strongly rejected (min Ljung-Box p=3.78e-80, |ACF lag-1|=0.8516)."
0.104,0.008290637497102,0.8168333333332972,0.0066159270453746,3.202670604566549,0.01,382.6876689295295,1.5955636915637079e-80,387.18900631366,5.0044443703730396e-77,415.6130474934346,1.1723942624398095e-75,z=Phi^{-1}(u),0.8528177002559628,503.2041847298907,0.888,21100,21350,250,50,overlapping,RED,"['PIT_uniformity_fail', 'ACF_dependence_fail']","Uniformity strongly rejected (min p=0.00662, KS=0.1040).; Independence strongly rejected (min Ljung-Box p=1.6e-80, |ACF lag-1|=0.8528)."
0.166,1.7261388018052337e-06,2.367281333333297,1.7647748470350777e-06,2.963963987928338,0.01,444.97829710223147,5.94897602080816e-94,469.8469752556279,1.216035378221211e-94,554.8136727557816,9.25343267960909e-105,z=Phi^{-1}(u),0.8645407044850439,568.7694334673963,0.86,21150,21400,250,50,overlapping,RED,"['PIT_uniformity_fail', 'ACF_dependence_fail', 'coverage_warn']","Uniformity strongly rejected (min p=1.73e-06, KS=0.1660).; Independence strongly rejected (min Ljung-Box p=9.25e-105, |ACF lag-1|=0.8645).; Coverage mildly off-target by 0.040 (target=0.900)."
0.276,2.5186708265858825e-17,8.098461333333335,3.2072233757673985e-11,1.0136106153560718,0.0117027208003637,355.9140389730543,9.326966228134382e-75,360.8671845216514,1.9652862876776253e-71,393.9081602069048,3.746756218876383e-71,z=Phi^{-1}(u),0.8260652189085722,535.1076840071978,0.868,21200,21450,250,50,overlapping,RED,"['PIT_uniformity_fail', 'ACF_dependence_fail', 'coverage_warn']","Uniformity strongly rejected (min p=2.52e-17, KS=0.2760).; Independence strongly rejected (min Ljung-Box p=9.33e-75, |ACF lag-1|=0.8261).; Coverage mildly off-target by 0.032 (target=0.900)."
0.18,1.4711437559622018e-07,4.094493333333333,2.1795809601599103e-10,1.3854860277136822,0.01,444.6780090450989,6.905754713251335e-94,490.546527950511,4.620361069798393e-99,593.3638761019687,7.192170561473333e-113,z=Phi^{-1}(u),0.8439160730868167,478.0396706224678,0.888,21250,21500,250,50,overlapping,RED,"['PIT_uniformity_fail', 'ACF_dependence_fail']","Uniformity strongly rejected (min p=2.18e-10, KS=0.1800).; Independence strongly rejected (min Ljung-Box p=7.19e-113, |ACF lag-1|=0.8439)."
0.22,4.168813426318746e-11,4.852773333333333,2.8015367803391197e-11,0.5628696094184704,0.1472359932725211,390.7771088126455,2.883176769420692e-82,410.8241627743556,4.671510191908416e-82,522.8276731878352,4.7947056046275686e-98,z=Phi^{-1}(u),0.8451718095776879,524.8078075589185,0.872,21300,21550,250,50,overlapping,RED,"['PIT_uniformity_fail', 'ACF_dependence_fail', 'coverage_warn']","Uniformity strongly rejected (min p=2.8e-11, KS=0.2200).; Independence strongly rejected (min Ljung-Box p=4.79e-98, |ACF lag-1|=0.8452).; Coverage mildly off-target by 0.028 (target=0.900)."
0.2559999999999999,6.205098495841496e-15,6.139229333333335,1.2656431458424322e-11,0.7837065802445409,0.0429777957823873,401.47953223602434,1.423581518480858e-84,410.9441799039836,4.4045428452561726e-82,519.1914718626633,2.7744791552601283e-97,z=Phi^{-1}(u),0.8548260879747517,526.7328060868662,0.88,21350,21600,250,50,overlapping,RED,"['PIT_uniformity_fail', 'ACF_dependence_fail', 'coverage_warn']","Uniformity strongly rejected (min p=6.21e-15, KS=0.2560).; Independence strongly rejected (min Ljung-Box p=2.77e-97, |ACF lag-1|=0.8548).; Coverage mildly off-target by 0.020 (target=0.900)."
0.172,6.160263358135957e-07,2.1428653333333334,5.698057064740247e-06,0.9995508368440936,0.0130045521440653,354.45143072450185,1.9260796136261e-74,355.49134208633296,2.721754405794632e-70,401.4189096989764,1.0379055780388437e-72,z=Phi^{-1}(u),0.8385750070481339,439.918204921762,0.936,21400,21650,250,50,overlapping,RED,"['PIT_uniformity_fail', 'ACF_dependence_fail', 'coverage_warn']","Uniformity strongly rejected (min p=6.16e-07, KS=0.1720).; Independence strongly rejected (min Ljung-Box p=1.93e-74, |ACF lag-1|=0.8386).; Coverage mildly off-target by 0.036 (target=0.900)."
0.184,7.011396336604567e-08,2.262761333333333,3.045325536299437e-06,1.8554757414693768,0.01,321.8677848301929,1.9846101306178102e-67,323.09323741967074,2.0183425130239295e-63,371.61135118758096,1.5446402498577962e-66,z=Phi^{-1}(u),0.8104573067416073,384.5575972360352,0.964,21450,21700,250,50,overlapping,RED,"['PIT_uniformity_fail', 'ACF_dependence_fail', 'overcoverage']","Uniformity strongly rejected (min p=7.01e-08, KS=0.1840).; Independence strongly rejected (min Ljung-Box p=1.98e-67, |ACF lag-1|=0.8105).; Coverage off-target by 0.064 (target=0.900)."
0.302,1.0063208777436312e-20,7.712585333333234,1.1790193266136841e-09,9.101349158278085,0.01,424.0218656194502,1.966944033573427e-89,427.6979502985724,1.1883622160860758e-85,435.372454141626,9.099900442703124e-80,z=Phi^{-1}(u),0.8616359291183789,546.026579688129,0.908,21500,21750,250,50,overlapping,RED,"['PIT_uniformity_fail', 'ACF_dependence_fail']","Uniformity strongly rejected (min p=1.01e-20, KS=0.3020).; Independence strongly rejected (min Ljung-Box p=1.97e-89, |ACF lag-1|=0.8616)."
0.2619999999999999,1.2456066182228017e-15,4.710113333333234,2.1037838138227016e-11,8.225491477445189,0.01,498.1462324403669,2.0062587559600024e-105,517.4121398462875,8.377942747960792e-105,540.1541302952007,1.10996510982031e-101,z=Phi^{-1}(u),0.8785277407695424,532.1243046875669,0.904,21550,21800,250,50,overlapping,RED,"['PIT_uniformity_fail', 'ACF_dependence_fail']","Uniformity strongly rejected (min p=1.25e-15, KS=0.2620).; Independence strongly rejected (min Ljung-Box p=2.01e-105, |ACF lag-1|=0.8785)."
0.2619999999999999,1.2456066182228017e-15,4.865605333333233,2.9158120362637874e-11,8.899677876076737,0.01,518.1603562867782,9.592578185081669e-110,547.2661741720933,3.447427337444342e-111,558.9249669303528,1.2656032528191196e-105,z=Phi^{-1}(u),0.8761599679965096,529.3865898349056,0.9,21600,21850,250,50,overlapping,RED,"['PIT_uniformity_fail', 'ACF_dependence_fail']","Uniformity strongly rejected (min p=1.25e-15, KS=0.2620).; Independence strongly rejected (min Ljung-Box p=3.45e-111, |ACF lag-1|=0.8762)."
0.226,1.0574852054710824e-11,3.4928293333332334,5.0363356818294855e-09,7.709655042758584,0.01,551.4149993466623,6.3263263606086405e-117,599.5778334273774,2.1686663491350063e-122,623.3088432816868,3.5171015820733065e-119,z=Phi^{-1}(u),0.8859071637814884,576.5169507162201,0.876,21650,21900,250,50,overlapping,RED,"['PIT_uniformity_fail', 'ACF_dependence_fail', 'coverage_warn']","Uniformity strongly rejected (min p=1.06e-11, KS=0.2260).; Independence strongly rejected (min Ljung-Box p=2.17e-122, |ACF lag-1|=0.8859).; Coverage mildly off-target by 0.024 (target=0.900)."
0.126,0.0006423606286764,0.6527613333332334,0.0165274038697367,6.470722995495635,0.01,518.2759785510772,9.05676457216143e-110,562.4289164098612,1.959978184482147e-114,581.2825814610474,2.5127893525106866e-110,z=Phi^{-1}(u),0.8837239605081275,581.5634932249881,0.86,21700,21950,250,50,overlapping,RED,"['PIT_uniformity_fail', 'ACF_dependence_fail', 'coverage_warn']","Uniformity strongly rejected (min p=0.000642, KS=0.1260).; Independence strongly rejected (min Ljung-Box p=1.96e-114, |ACF lag-1|=0.8837).; Coverage mildly off-target by 0.040 (target=0.900)."
0.074,0.1230243374005592,0.4500493333333333,0.0533902258803177,1.146889849385559,0.01,451.9617751032909,1.853951686149549e-95,491.2915010872138,3.202819089211092e-99,492.8052776918032,9.328887292494416e-92,z=Phi^{-1}(u),0.8410569880269527,457.59533739629313,0.9,21750,22000,250,50,overlapping,RED,['ACF_dependence_fail'],"Independence strongly rejected (min Ljung-Box p=3.2e-99, |ACF lag-1|=0.8411)."
0.0539999999999999,0.4440650591425568,0.1730533333333333,0.3265236215791179,0.4361661180216742,0.15,504.1613493842144,1.0092733406657964e-106,576.0239927455979,2.406926514103135e-117,581.6966096281818,2.0560052194739746e-110,z=Phi^{-1}(u),0.8486331118960848,452.23162094887545,0.912,21800,22050,250,50,overlapping,RED,['ACF_dependence_fail'],"Independence strongly rejected (min Ljung-Box p=2.41e-117, |ACF lag-1|=0.8486)."
0.108,0.0054015033651195,0.9806213333333332,0.0026987538116539,0.244816015477852,0.15,377.9504951744704,1.6730410240290092e-79,392.8882196041474,3.06930388019216e-78,403.2492463652856,4.329077737390829e-73,z=Phi^{-1}(u),0.8254925607155102,421.961548714338,0.928,21850,22100,250,50,overlapping,RED,"['PIT_uniformity_fail', 'ACF_dependence_fail', 'coverage_warn']","Uniformity strongly rejected (min p=0.0027, KS=0.1080).; Independence strongly rejected (min Ljung-Box p=1.67e-79, |ACF lag-1|=0.8255).; Coverage mildly off-target by 0.028 (target=0.900)."
0.104,0.008290637497102,0.7483013333333335,0.0096729647673378,0.3672443648786725,0.15,309.7196149546392,8.141638916341343e-65,322.6152184280865,2.5482347332733694e-63,330.6762408786459,4.210279412430198e-58,z=Phi^{-1}(u),0.7831857926969508,346.7612529895943,0.952,21900,22150,250,50,overlapping,RED,"['PIT_uniformity_fail', 'ACF_dependence_fail', 'overcoverage']","Uniformity strongly rejected (min p=0.00829, KS=0.1040).; Independence strongly rejected (min Ljung-Box p=8.14e-65, |ACF lag-1|=0.7832).; Coverage off-target by 0.052 (target=0.900)."
0.084,0.0553890740154738,0.2965213333333334,0.1382352633265857,0.6739306400571934,0.0814336198110771,329.7617878573757,3.973762007661539e-69,348.9854782349147,6.541493065648734e-69,359.671840545932,4.513797613658151e-64,z=Phi^{-1}(u),0.7891244457574393,319.3318868673707,0.968,21950,22200,250,50,overlapping,RED,"['ACF_dependence_fail', 'overcoverage']","Independence strongly rejected (min Ljung-Box p=3.97e-69, |ACF lag-1|=0.7891).; Coverage off-target by 0.068 (target=0.900)."
0.072,0.1425669535852253,0.3297053333333334,0.1116835930772603,1.5819796614062795,0.01,330.8815684480284,2.2816006260365384e-69,342.6145651765567,1.469887831893504e-67,346.8785169239066,1.9581679363366224e-61,z=Phi^{-1}(u),0.785231156088824,299.32125369437944,0.984,22000,22250,250,50,overlapping,RED,"['ACF_dependence_fail', 'overcoverage']","Independence strongly rejected (min Ljung-Box p=2.28e-69, |ACF lag-1|=0.7852).; Coverage off-target by 0.084 (target=0.900)."
0.1139999999999999,0.0027553557925281,0.9639813333333294,0.0029543801771624,1.8748352183343968,0.01,278.49779471534663,4.184981188494537e-58,288.0192412931247,5.2834485974934e-56,310.4200850661078,5.989805613000061e-54,z=Phi^{-1}(u),0.7321136897422281,346.399865907582,0.964,22050,22300,250,50,overlapping,RED,"['PIT_uniformity_fail', 'ACF_dependence_fail', 'overcoverage']","Uniformity strongly rejected (min p=0.00276, KS=0.1140).; Independence strongly rejected (min Ljung-Box p=4.18e-58, |ACF lag-1|=0.7321).; Coverage off-target by 0.064 (target=0.900)."
0.144,5.487659392626315e-05,1.8840373333333296,2.2105765337121497e-05,2.377404817431227,0.01,329.46737225247745,4.597852490013028e-69,356.96195905245884,1.3262928773707886e-70,454.62141516870327,8.86122275076465e-84,z=Phi^{-1}(u),0.7413545046086314,364.3358066101277,0.96,22100,22350,250,50,overlapping,RED,"['PIT_uniformity_fail', 'ACF_dependence_fail', 'overcoverage']","Uniformity strongly rejected (min p=2.21e-05, KS=0.1440).; Independence strongly rejected (min Ljung-Box p=8.86e-84, |ACF lag-1|=0.7414).; Coverage off-target by 0.060 (target=0.900)."
0.186,4.810089914305226e-08,3.401613333333297,8.084742320058071e-09,5.781488579990082,0.01,280.2456342723451,1.7627939191374433e-58,345.1246638082252,4.313494967234171e-68,517.2908703551333,6.944069402402671e-97,z=Phi^{-1}(u),0.7457072672258268,464.0461154560092,0.932,22150,22400,250,50,overlapping,RED,"['PIT_uniformity_fail', 'ACF_dependence_fail', 'coverage_warn']","Uniformity strongly rejected (min p=8.08e-09, KS=0.1860).; Independence strongly rejected (min Ljung-Box p=6.94e-97, |ACF lag-1|=0.7457).; Coverage mildly off-target by 0.032 (target=0.900)."
0.2059999999999999,8.81506635555718e-10,4.439649333333298,3.886491128923808e-11,5.662697921257347,0.01,287.0275317615019,6.151751859074741e-60,359.957265590313,3.066556895048382e-71,561.3892857435283,3.839813092983968e-106,z=Phi^{-1}(u),0.7554904990265744,538.2555841091597,0.916,22200,22450,250,50,overlapping,RED,"['PIT_uniformity_fail', 'ACF_dependence_fail']","Uniformity strongly rejected (min p=3.89e-11, KS=0.2060).; Independence strongly rejected (min Ljung-Box p=3.84e-106, |ACF lag-1|=0.7555)."
0.132,0.000293531424011,1.2881733333332974,0.0005156805012292,4.279002343839892,0.01,355.5095354905392,1.1398312906941511e-74,366.2403096004495,1.4197070782408642e-72,403.7403417537291,3.4236408167202093e-73,z=Phi^{-1}(u),0.7904295748307557,565.9029237085564,0.872,22250,22500,250,50,overlapping,RED,"['PIT_uniformity_fail', 'ACF_dependence_fail', 'coverage_warn']","Uniformity strongly rejected (min p=0.000294, KS=0.1320).; Independence strongly rejected (min Ljung-Box p=1.14e-74, |ACF lag-1|=0.7904).; Coverage mildly off-target by 0.028 (target=0.900)."
0.1039999999999999,0.008290637497102,0.6165013333333174,0.0202998395684905,2.728967420970406,0.01,344.7189503497113,2.3989522965237656e-72,352.48121967353705,1.1852253453682848e-69,394.4795794971096,2.8523936534341017e-71,z=Phi^{-1}(u),0.805493721151512,477.121984093533,0.9,22300,22550,250,50,overlapping,RED,"['PIT_uniformity_fail', 'ACF_dependence_fail']","Uniformity strongly rejected (min p=0.00829, KS=0.1040).; Independence strongly rejected (min Ljung-Box p=2.4e-72, |ACF lag-1|=0.8055)."
0.0839999999999999,0.0553890740154743,0.3165813333333173,0.1214346512236463,2.428943861942571,0.01,321.95329537026765,1.9022990880649228e-67,326.96008665907806,3.060962291653023e-64,349.9452061488045,4.572197595255096e-62,z=Phi^{-1}(u),0.8016519368636851,455.6257998788944,0.908,22350,22600,250,50,overlapping,RED,['ACF_dependence_fail'],"Independence strongly rejected (min Ljung-Box p=1.9e-67, |ACF lag-1|=0.8017)."
0.0719999999999999,0.1425669535852263,0.2106813333333333,0.2477728160921862,0.6381631037275497,0.0962135935010125,314.10958069271385,9.258763620562577e-66,322.5215593744538,2.667325428449736e-63,348.6667005416167,8.385482396213436e-62,z=Phi^{-1}(u),0.8046040861980988,354.4085342377465,0.94,22400,22650,250,50,overlapping,RED,"['ACF_dependence_fail', 'coverage_warn']","Independence strongly rejected (min Ljung-Box p=9.26e-66, |ACF lag-1|=0.8046).; Coverage mildly off-target by 0.040 (target=0.900)."
0.0759999999999999,0.1057293785294719,0.3006493333333334,0.1345747707628131,1.1453111767072528,0.01,267.429156553329,9.976797341758267e-56,285.87414686902656,1.4990775792584923e-55,297.4665922889291,2.659329433449736e-51,z=Phi^{-1}(u),0.7631381556946947,282.01750273004825,0.952,22450,22700,250,50,overlapping,RED,"['ACF_dependence_fail', 'overcoverage']","Independence strongly rejected (min Ljung-Box p=9.98e-56, |ACF lag-1|=0.7631).; Coverage off-target by 0.052 (target=0.900)."
0.068,0.1891189832154274,0.3672533333333332,0.0882554544432964,1.350564981940238,0.01,180.6090809611663,3.966050197454573e-37,192.9883559245993,4.667585778319324e-36,204.71320375510345,1.3119130477109883e-32,z=Phi^{-1}(u),0.6913216498851782,238.51751809851413,0.976,22500,22750,250,50,overlapping,RED,"['ACF_dependence_fail', 'overcoverage']","Independence strongly rejected (min Ljung-Box p=3.97e-37, |ACF lag-1|=0.6913).; Coverage off-target by 0.076 (target=0.900)."
0.0939999999999999,0.0225406568153297,0.6847413333333333,0.0138019235306194,2.8204728367245764,0.01,222.4459790394974,4.445993620600645e-46,228.60084468321915,1.6875937177753329e-43,240.1885628889053,1.0793795851446537e-39,z=Phi^{-1}(u),0.7426972833643183,276.2024936958471,0.944,22550,22800,250,50,overlapping,RED,"['PIT_uniformity_warn', 'ACF_dependence_fail', 'coverage_warn']","Uniformity weakly rejected (min p=0.0138).; Independence strongly rejected (min Ljung-Box p=4.45e-46, |ACF lag-1|=0.7427).; Coverage mildly off-target by 0.044 (target=0.900)."
0.098,0.015292943042403,0.7138853333333334,0.0117211605804565,2.7390563103177783,0.01,235.1020861510912,8.619142787442093e-49,241.0546657198803,4.114408404116553e-46,248.97689817970888,1.8367702549398568e-41,z=Phi^{-1}(u),0.7570599819181102,290.5052243260599,0.924,22600,22850,250,50,overlapping,RED,"['PIT_uniformity_warn', 'ACF_dependence_fail', 'coverage_warn']","Uniformity weakly rejected (min p=0.0117).; Independence strongly rejected (min Ljung-Box p=8.62e-49, |ACF lag-1|=0.7571).; Coverage mildly off-target by 0.024 (target=0.900)."
0.132,0.000293531424011,1.1370253333332974,0.0011588297721526,6.031431260288287,0.01,285.53991081782846,1.2843105576464269e-59,295.3504291893032,1.4939331901414563e-57,314.6502755425165,8.154344842391765e-55,z=Phi^{-1}(u),0.8027787314655496,383.06935704891856,0.872,22650,22900,250,50,overlapping,RED,"['PIT_uniformity_fail', 'ACF_dependence_fail', 'coverage_warn']","Uniformity strongly rejected (min p=0.000294, KS=0.1320).; Independence strongly rejected (min Ljung-Box p=1.28e-59, |ACF lag-1|=0.8028).; Coverage mildly off-target by 0.028 (target=0.900)."
0.142,7.331959943971247e-05,1.0593053333332971,0.0017618904405704,7.3584630113342655,0.01,306.7003885466097,3.630682070860688e-64,310.10540280290843,1.1335722594134332e-60,330.4711962303569,4.639024755991584e-58,z=Phi^{-1}(u),0.8154687035961068,426.3441612383416,0.852,22700,22950,250,50,overlapping,RED,"['PIT_uniformity_fail', 'ACF_dependence_fail', 'coverage_warn']","Uniformity strongly rejected (min p=7.33e-05, KS=0.1420).; Independence strongly rejected (min Ljung-Box p=3.63e-64, |ACF lag-1|=0.8155).; Coverage mildly off-target by 0.048 (target=0.900)."
0.126,0.0006423606286764,0.7723573333332971,0.0084623486331429,7.576989851888982,0.01,348.3342313445844,3.996968271667568e-73,349.807489174751,4.377667849363156e-69,387.5084970132263,7.936713202851693e-70,z=Phi^{-1}(u),0.8355007401414075,455.3705744651508,0.856,22750,23000,250,50,overlapping,RED,"['PIT_uniformity_fail', 'ACF_dependence_fail', 'coverage_warn']","Uniformity strongly rejected (min p=0.000642, KS=0.1260).; Independence strongly rejected (min Ljung-Box p=4e-73, |ACF lag-1|=0.8355).; Coverage mildly off-target by 0.044 (target=0.900)."
0.0979999999999999,0.0152929430424032,0.4204333333332973,0.0637652401240447,5.4949903209932245,0.01,324.36274071034205,5.766357380062365e-68,324.930048916537,8.239916617594823e-64,358.6893495687675,7.198758433705516e-64,z=Phi^{-1}(u),0.8249972251007941,459.7147096475512,0.868,22800,23050,250,50,overlapping,RED,"['PIT_uniformity_warn', 'ACF_dependence_fail', 'coverage_warn']","Uniformity weakly rejected (min p=0.0153).; Independence strongly rejected (min Ljung-Box p=5.77e-68, |ACF lag-1|=0.8250).; Coverage mildly off-target by 0.032 (target=0.900)."
0.074,0.1230243374005586,0.2873293333332973,0.1467977940063961,5.205356365159048,0.01,277.4313131167381,7.092437879164887e-58,278.1198339008737,6.489686509937886e-54,282.5159345157928,2.959164219460006e-48,z=Phi^{-1}(u),0.7953376424114558,439.0931121388125,0.872,22850,23100,250,50,overlapping,RED,"['ACF_dependence_fail', 'coverage_warn']","Independence strongly rejected (min Ljung-Box p=7.09e-58, |ACF lag-1|=0.7953).; Coverage mildly off-target by 0.028 (target=0.900)."
0.05,0.5427406465653746,0.1070893333333293,0.5515655807389017,1.2578343144875817,0.01,232.14237056937017,3.715141806843068e-48,232.8321186988476,2.1879516160169285e-44,251.1294413031992,6.760806069311071e-42,z=Phi^{-1}(u),0.7268086879815708,408.1381130082671,0.896,22900,23150,250,50,overlapping,RED,['ACF_dependence_fail'],"Independence strongly rejected (min Ljung-Box p=3.72e-48, |ACF lag-1|=0.7268)."
0.076,0.1057293785294717,0.2059653333333294,0.2562872426509164,1.2016000376200395,0.01,210.5435863178312,1.5741507475209765e-43,210.9686952629624,8.277408830440945e-40,242.15989608532036,4.33284128760628e-40,z=Phi^{-1}(u),0.7103722976582071,368.74742625600334,0.92,22950,23200,250,50,overlapping,RED,"['ACF_dependence_fail', 'coverage_warn']","Independence strongly rejected (min Ljung-Box p=1.57e-43, |ACF lag-1|=0.7104).; Coverage mildly off-target by 0.020 (target=0.900)."
0.138,0.0001292813412389,1.2864533333333297,0.0005204366070301,1.0902937001102373,0.01,183.8010089363637,8.25140183761147e-38,185.5516661506273,1.6459650084951954e-34,223.1606068584444,2.7923807070911432e-36,z=Phi^{-1}(u),0.6890976366299024,343.1063623028382,0.928,23000,23250,250,50,overlapping,RED,"['PIT_uniformity_fail', 'ACF_dependence_fail', 'coverage_warn']","Uniformity strongly rejected (min p=0.000129, KS=0.1380).; Independence strongly rejected (min Ljung-Box p=8.25e-38, |ACF lag-1|=0.6891).; Coverage mildly off-target by 0.028 (target=0.900)."
0.096,0.0186040510745637,0.6221893333333294,0.0196537286164592,0.8984386163111822,0.0223667947860016,222.59431164194683,4.132274731727937e-46,224.6636993628632,1.1279749260855413e-42,248.79437073354677,1.9991621820547688e-41,z=Phi^{-1}(u),0.7015816976571807,320.52314519436635,0.94,23050,23300,250,50,overlapping,RED,"['PIT_uniformity_warn', 'ACF_dependence_fail', 'coverage_warn']","Uniformity weakly rejected (min p=0.0186).; Independence strongly rejected (min Ljung-Box p=4.13e-46, |ACF lag-1|=0.7016).; Coverage mildly off-target by 0.040 (target=0.900)."
0.14,9.755941577025083e-05,1.1729453333333293,0.0009554444860647,1.0501162886353086,0.01,225.0717259525399,1.2172273134787442e-46,225.69075721681293,6.8727179929978014e-43,231.3436488167521,6.434153911853132e-38,z=Phi^{-1}(u),0.7162884276330813,327.3044729194474,0.936,23100,23350,250,50,overlapping,RED,"['PIT_uniformity_fail', 'ACF_dependence_fail', 'coverage_warn']","Uniformity strongly rejected (min p=9.76e-05, KS=0.1400).; Independence strongly rejected (min Ljung-Box p=1.22e-46, |ACF lag-1|=0.7163).; Coverage mildly off-target by 0.036 (target=0.900)."
0.148,3.036436222239841e-05,1.4917293333333332,0.0001747516350455,1.6265443616409243,0.01,176.4518289296507,3.062618347420635e-36,179.80666045877211,2.5698490412104215e-33,190.12050142106867,1.0017680272052003e-29,z=Phi^{-1}(u),0.7097349775811954,266.2510732648004,0.956,23150,23400,250,50,overlapping,RED,"['PIT_uniformity_fail', 'ACF_dependence_fail', 'overcoverage']","Uniformity strongly rejected (min p=3.04e-05, KS=0.1480).; Independence strongly rejected (min Ljung-Box p=3.06e-36, |ACF lag-1|=0.7097).; Coverage off-target by 0.056 (target=0.900)."
0.172,6.160263358135895e-07,2.216257333333333,3.882666986254613e-06,1.2872183099494237,0.01,160.39072512729282,8.171124089509481e-33,163.26555182623258,6.856803355754793e-30,178.0439790098943,2.342329807970016e-27,z=Phi^{-1}(u),0.6869450386959708,268.3450893074225,0.948,23200,23450,250,50,overlapping,RED,"['PIT_uniformity_fail', 'ACF_dependence_fail', 'coverage_warn']","Uniformity strongly rejected (min p=6.16e-07, KS=0.1720).; Independence strongly rejected (min Ljung-Box p=8.17e-33, |ACF lag-1|=0.6869).; Coverage mildly off-target by 0.048 (target=0.900)."
0.134,0.0002242473030294,1.179609333333333,0.0009218794131129,1.1710279751831931,0.01,151.61680576480006,6.044123588826617e-31,154.51744233836956,4.378406415629438e-28,167.88714434036402,2.23085492461314e-25,z=Phi^{-1}(u),0.6823317747039221,255.1433015249834,0.944,23250,23500,250,50,overlapping,RED,"['PIT_uniformity_fail', 'ACF_dependence_fail', 'coverage_warn']","Uniformity strongly rejected (min p=0.000224, KS=0.1340).; Independence strongly rejected (min Ljung-Box p=6.04e-31, |ACF lag-1|=0.6823).; Coverage mildly off-target by 0.044 (target=0.900)."
0.138,0.0001292813412389,0.9844533333333292,0.0026431361962756,2.4763941522368498,0.01,175.0062966729973,6.232870785911528e-36,179.38196007587013,3.148247334795567e-33,190.0578560584524,1.0306160678992976e-29,z=Phi^{-1}(u),0.6936540073844795,315.9553792257489,0.904,23300,23550,250,50,overlapping,RED,"['PIT_uniformity_fail', 'ACF_dependence_fail']","Uniformity strongly rejected (min p=0.000129, KS=0.1380).; Independence strongly rejected (min Ljung-Box p=6.23e-36, |ACF lag-1|=0.6937)."
0.072,0.1425669535852258,0.3552573333333294,0.0950924466682853,2.625175108236334,0.01,194.6540528636841,3.951840681934353e-40,196.97586399884383,6.892419828818441e-37,205.48970037118903,9.203100906226124e-33,z=Phi^{-1}(u),0.7133731548225253,314.3055127107853,0.912,23350,23600,250,50,overlapping,RED,['ACF_dependence_fail'],"Independence strongly rejected (min Ljung-Box p=3.95e-40, |ACF lag-1|=0.7134)."
0.106,0.0067055190786269,1.2854013333333294,0.0005233673472634,2.107156800602098,0.01,234.06951975330563,1.4349604556689435e-48,235.94304935364735,4.868159732197207e-45,263.79807892943865,1.8613390753291285e-44,z=Phi^{-1}(u),0.7374779509531021,339.0629753886767,0.904,23400,23650,250,50,overlapping,RED,"['PIT_uniformity_fail', 'ACF_dependence_fail']","Uniformity strongly rejected (min p=0.000523, KS=0.1060).; Independence strongly rejected (min Ljung-Box p=1.43e-48, |ACF lag-1|=0.7375)."
0.14,9.755941577025083e-05,2.05987333333333,8.796015121270706e-06,2.0846439656074267,0.01,261.84711780825927,1.5757143476577795e-54,268.51266861460994,6.883001885742123e-52,303.6058416361277,1.4823182927494186e-52,z=Phi^{-1}(u),0.7490127419394528,354.79512385742123,0.888,23450,23700,250,50,overlapping,RED,"['PIT_uniformity_fail', 'ACF_dependence_fail']","Uniformity strongly rejected (min p=8.8e-06, KS=0.1400).; Independence strongly rejected (min Ljung-Box p=1.58e-54, |ACF lag-1|=0.7490)."
0.148,3.036436222239841e-05,2.476325333333329,9.993076707237591e-07,1.7062494848271967,0.01,286.21860663054844,9.179708985278227e-60,292.83511516287814,5.078895461459514e-57,331.5630461203035,2.7678706395755855e-58,z=Phi^{-1}(u),0.7702332367231892,369.5237027596196,0.888,23500,23750,250,50,overlapping,RED,"['PIT_uniformity_fail', 'ACF_dependence_fail']","Uniformity strongly rejected (min p=9.99e-07, KS=0.1480).; Independence strongly rejected (min Ljung-Box p=9.18e-60, |ACF lag-1|=0.7702)."
0.122,0.0010608632709633,1.3866493333333332,0.0003051964553256,1.299064888952728,0.01,315.5889807773374,4.449866067550312e-66,318.7014687297478,1.718027569839079e-62,336.6813205722975,2.4560027827302096e-59,z=Phi^{-1}(u),0.8061941106717437,304.7125024250265,0.92,23550,23800,250,50,overlapping,RED,"['PIT_uniformity_fail', 'ACF_dependence_fail', 'coverage_warn']","Uniformity strongly rejected (min p=0.000305, KS=0.1220).; Independence strongly rejected (min Ljung-Box p=4.45e-66, |ACF lag-1|=0.8062).; Coverage mildly off-target by 0.020 (target=0.900)."
0.104,0.0082906374971019,0.8865613333333331,0.0045088120074379,0.6973512525677847,0.0717556807571137,268.7217425419654,5.265351903288181e-56,270.0577919814044,3.252005090542334e-52,273.568344615943,1.9465776245503268e-46,z=Phi^{-1}(u),0.7898657377051973,278.7081159110392,0.932,23600,23850,250,50,overlapping,RED,"['PIT_uniformity_fail', 'ACF_dependence_fail', 'coverage_warn']","Uniformity strongly rejected (min p=0.00451, KS=0.1040).; Independence strongly rejected (min Ljung-Box p=5.27e-56, |ACF lag-1|=0.7899).; Coverage mildly off-target by 0.032 (target=0.900)."
0.08,0.0771476533902124,0.3475733333333333,0.0997762852736001,0.6562241301361951,0.0887503594478532,227.9572001549518,2.9310588629234444e-47,229.78678552182748,9.52035624345124e-44,241.1337540811908,6.9685818428434065e-40,z=Phi^{-1}(u),0.7695193625199569,276.19348241211287,0.916,23650,23900,250,50,overlapping,RED,['ACF_dependence_fail'],"Independence strongly rejected (min Ljung-Box p=2.93e-47, |ACF lag-1|=0.7695)."
0.0679999999999999,0.1891189832154289,0.2082253333332973,0.2521642967948597,4.621986466877644,0.01,235.3907820884944,7.474243376223619e-49,236.89287248188768,3.0763273096363254e-45,240.7433449606535,8.349163454776821e-40,z=Phi^{-1}(u),0.7885835275410057,279.2357594263799,0.92,23700,23950,250,50,overlapping,RED,"['ACF_dependence_fail', 'coverage_warn']","Independence strongly rejected (min Ljung-Box p=7.47e-49, |ACF lag-1|=0.7886).; Coverage mildly off-target by 0.020 (target=0.900)."
0.086,0.0466490537270688,0.4610453333332934,0.0500100451496832,5.793548268896529,0.01,255.8596260651447,3.0387273228661293e-53,255.9398435465096,3.0568201911783164e-49,262.2722702674104,3.790175018327469e-44,z=Phi^{-1}(u),0.7807292446755479,332.46606339341963,0.88,23750,24000,250,50,overlapping,RED,"['PIT_uniformity_warn', 'ACF_dependence_fail', 'coverage_warn']","Uniformity weakly rejected (min p=0.0466).; Independence strongly rejected (min Ljung-Box p=3.04e-53, |ACF lag-1|=0.7807).; Coverage mildly off-target by 0.020 (target=0.900)."
0.076,0.1057293785294718,0.4848013333332934,0.0434584459950548,5.262645695144471,0.01,286.61456621595687,7.546432780557919e-60,286.8861932088396,9.165509987602378e-56,293.4407276237892,1.762363360568322e-50,z=Phi^{-1}(u),0.7976365452047386,383.81630026196046,0.844,23800,24050,250,50,overlapping,RED,"['PIT_uniformity_warn', 'ACF_dependence_fail', 'undercoverage']","Uniformity weakly rejected (min p=0.0435).; Independence strongly rejected (min Ljung-Box p=7.55e-60, |ACF lag-1|=0.7976).; Coverage off-target by 0.056 (target=0.900)."
0.08,0.0771476533902126,0.2171373333332933,0.2366546678937721,5.203966642335359,0.01,284.2207090306476,2.466809048841244e-59,285.52954512619766,1.7724458899833626e-55,288.43849497083795,1.8433037562932644e-49,z=Phi^{-1}(u),0.7964306591719014,395.2059257151528,0.836,23850,24100,250,50,overlapping,RED,"['ACF_dependence_fail', 'undercoverage']","Independence strongly rejected (min Ljung-Box p=2.47e-59, |ACF lag-1|=0.7964).; Coverage off-target by 0.064 (target=0.900)."
0.0699999999999999,0.1645397722936834,0.1869733333332932,0.2943094979833954,4.8492591663259645,0.01,269.2717161971184,4.011660493704895e-56,272.3157126306496,1.0869403146281956e-52,274.75581640163546,1.117416170428128e-46,z=Phi^{-1}(u),0.7865973667910992,385.00544644801886,0.848,23900,24150,250,50,overlapping,RED,"['ACF_dependence_fail', 'undercoverage']","Independence strongly rejected (min Ljung-Box p=4.01e-56, |ACF lag-1|=0.7866).; Coverage off-target by 0.052 (target=0.900)."
0.0779999999999999,0.0904978738065944,0.4356533333333292,0.0581878611435751,1.8256351134938316,0.01,282.4208495294235,6.009809727557808e-59,287.1684210741298,7.990384831381831e-56,300.88124759257755,5.340584927382984e-52,z=Phi^{-1}(u),0.7700296221012966,371.0218827177358,0.852,23950,24200,250,50,overlapping,RED,"['ACF_dependence_fail', 'coverage_warn']","Independence strongly rejected (min Ljung-Box p=6.01e-59, |ACF lag-1|=0.7700).; Coverage mildly off-target by 0.048 (target=0.900)."
0.1119999999999999,0.0034624885629555,1.1814573333333331,0.0009127841373106,0.3853644596358663,0.15,242.18901545588773,2.6046081369134854e-50,243.9737251075968,1.0027126643282396e-46,254.6522694086536,1.3152853828171989e-42,z=Phi^{-1}(u),0.7846167456645687,329.93773280940167,0.884,24000,24250,250,50,overlapping,RED,"['PIT_uniformity_fail', 'ACF_dependence_fail']","Uniformity strongly rejected (min p=0.000913, KS=0.1120).; Independence strongly rejected (min Ljung-Box p=2.6e-50, |ACF lag-1|=0.7846)."
0.158,6.434116740158326e-06,2.219417333333333,3.819090911849621e-06,0.7797397984175518,0.04380420866301,159.03634579195395,1.5882760439893258e-32,160.00092021522974,3.2387984539744e-29,172.57566080277462,2.733108984138495e-26,z=Phi^{-1}(u),0.7063536391841406,274.7401577772697,0.928,24050,24300,250,50,overlapping,RED,"['PIT_uniformity_fail', 'ACF_dependence_fail', 'coverage_warn']","Uniformity strongly rejected (min p=3.82e-06, KS=0.1580).; Independence strongly rejected (min Ljung-Box p=1.59e-32, |ACF lag-1|=0.7064).; Coverage mildly off-target by 0.028 (target=0.900)."
0.17,8.72093384377922e-07,2.201825333333333,4.186776689896199e-06,1.3580271949027465,0.01,144.57474424870884,1.9051575034927457e-29,146.0057240566837,2.4690331995889686e-26,164.36162607958195,1.0768681768620404e-24,z=Phi^{-1}(u),0.6828292976194095,266.13556556588554,0.936,24100,24350,250,50,overlapping,RED,"['PIT_uniformity_fail', 'ACF_dependence_fail', 'coverage_warn']","Uniformity strongly rejected (min p=8.72e-07, KS=0.1700).; Independence strongly rejected (min Ljung-Box p=1.91e-29, |ACF lag-1|=0.6828).; Coverage mildly off-target by 0.036 (target=0.900)."
0.196,6.8637322522079354e-09,2.561469333333333,6.411742489165206e-07,1.5708327357582164,0.01,130.39578807223677,1.961468911087306e-26,132.74174342469536,1.2875358892597024e-23,141.41202793060032,2.730561178669301e-20,z=Phi^{-1}(u),0.6593250943265261,260.9470917939315,0.94,24150,24400,250,50,overlapping,RED,"['PIT_uniformity_fail', 'ACF_dependence_fail', 'coverage_warn']","Uniformity strongly rejected (min p=6.86e-09, KS=0.1960).; Independence strongly rejected (min Ljung-Box p=1.96e-26, |ACF lag-1|=0.6593).; Coverage mildly off-target by 0.040 (target=0.900)."
0.164,2.4133932149658096e-06,1.0818573333333332,0.0015598705537827,2.947461208682796,0.01,172.63271185152527,2.001296371948869e-35,174.3891655965795,3.4179856827554145e-32,176.37081326833598,4.97184298120719e-27,z=Phi^{-1}(u),0.7086227140084453,287.9412507133685,0.928,24200,24450,250,50,overlapping,RED,"['PIT_uniformity_fail', 'ACF_dependence_fail', 'coverage_warn']","Uniformity strongly rejected (min p=2.41e-06, KS=0.1640).; Independence strongly rejected (min Ljung-Box p=2e-35, |ACF lag-1|=0.7086).; Coverage mildly off-target by 0.028 (target=0.900)."
0.168,1.2294793527600963e-06,1.1042093333333172,0.0013827462046648,5.808913060719732,0.01,212.30970392049304,6.590665462496497e-44,219.55912363329568,1.3218563702214588e-41,234.22897036110652,1.6980746602688183e-38,z=Phi^{-1}(u),0.7456326363840876,313.3256672621312,0.924,24250,24500,250,50,overlapping,RED,"['PIT_uniformity_fail', 'ACF_dependence_fail', 'coverage_warn']","Uniformity strongly rejected (min p=1.23e-06, KS=0.1680).; Independence strongly rejected (min Ljung-Box p=6.59e-44, |ACF lag-1|=0.7456).; Coverage mildly off-target by 0.024 (target=0.900)."
0.18,1.471143755962186e-07,1.249569333333317,0.0006337862361157,5.744577881045842,0.01,235.61850195579004,6.679486490366673e-49,243.34123546277297,1.361595488236258e-46,254.73789437995347,1.2639500019217364e-42,z=Phi^{-1}(u),0.7541001746878687,312.9090291726039,0.912,24300,24550,250,50,overlapping,RED,"['PIT_uniformity_fail', 'ACF_dependence_fail']","Uniformity strongly rejected (min p=1.47e-07, KS=0.1800).; Independence strongly rejected (min Ljung-Box p=6.68e-49, |ACF lag-1|=0.7541)."
0.178,2.117668987962672e-07,1.428525333333317,0.0002443265223737,6.276137718927373,0.01,252.33090264362056,1.7376737267788356e-52,259.6470802296646,5.070362894391915e-50,270.5373927098624,8.020932891917662e-46,z=Phi^{-1}(u),0.7688393417638314,300.4162204832174,0.912,24350,24600,250,50,overlapping,RED,"['PIT_uniformity_fail', 'ACF_dependence_fail']","Uniformity strongly rejected (min p=2.12e-07, KS=0.1780).; Independence strongly rejected (min Ljung-Box p=1.74e-52, |ACF lag-1|=0.7688)."
0.138,0.0001292813412389,0.9131573333333172,0.0038980614595903,6.49948365179489,0.01,296.06999820850086,7.006809025097574e-62,312.7802610742003,3.0791730727511507e-61,344.2999060824151,6.649660572869112e-61,z=Phi^{-1}(u),0.791473582642889,279.5494062549923,0.928,24400,24650,250,50,overlapping,RED,"['PIT_uniformity_fail', 'ACF_dependence_fail', 'coverage_warn']","Uniformity strongly rejected (min p=0.000129, KS=0.1380).; Independence strongly rejected (min Ljung-Box p=7.01e-62, |ACF lag-1|=0.7915).; Coverage mildly off-target by 0.028 (target=0.900)."
0.206,8.815066355556984e-10,2.2628533333333176,3.043862746188175e-06,7.531053975515647,0.01,249.9634637680257,5.597046308777969e-52,255.2811933721196,4.205844527583069e-49,269.253752536024,1.4605591117457652e-45,z=Phi^{-1}(u),0.7622718404338328,216.09832079894463,0.956,24450,24700,250,50,overlapping,RED,"['PIT_uniformity_fail', 'ACF_dependence_fail', 'overcoverage']","Uniformity strongly rejected (min p=8.82e-10, KS=0.2060).; Independence strongly rejected (min Ljung-Box p=5.6e-52, |ACF lag-1|=0.7623).; Coverage off-target by 0.056 (target=0.900)."
0.2359999999999999,9.86481495088898e-13,3.8474653333333295,8.984739618966842e-10,3.497521355184148,0.01,115.39482574290696,2.962587700147866e-23,119.71663571824313,5.776304083576112e-21,125.40074423938856,2.8264210621767306e-17,z=Phi^{-1}(u),0.6067320398197673,166.79067303084736,0.96,24500,24750,250,50,overlapping,RED,"['PIT_uniformity_fail', 'ACF_dependence_fail', 'overcoverage']","Uniformity strongly rejected (min p=9.86e-13, KS=0.2360).; Independence strongly rejected (min Ljung-Box p=2.96e-23, |ACF lag-1|=0.6067).; Coverage off-target by 0.060 (target=0.900)."
0.176,3.035628155315092e-07,2.051029333333329,9.212794119362044e-06,3.111242811079024,0.01,112.27680458072052,1.352717783543157e-22,117.81625249462832,1.4028117974944188e-20,128.28284100869894,8.177994788523686e-18,z=Phi^{-1}(u),0.6018447023084992,148.75980286599605,0.972,24550,24800,250,50,overlapping,RED,"['PIT_uniformity_fail', 'ACF_dependence_fail', 'overcoverage']","Uniformity strongly rejected (min p=3.04e-07, KS=0.1760).; Independence strongly rejected (min Ljung-Box p=1.35e-22, |ACF lag-1|=0.6018).; Coverage off-target by 0.072 (target=0.900)."
0.154,1.211756149014716e-05,1.536441333333329,0.0001379217575639,2.515674926432212,0.01,120.8124457304997,2.1117187418048633e-24,124.6526358098843,5.738692584461831e-22,136.41576613569853,2.4144771487354173e-19,z=Phi^{-1}(u),0.6168220903676662,157.51126666841014,0.96,24600,24850,250,50,overlapping,RED,"['PIT_uniformity_fail', 'ACF_dependence_fail', 'overcoverage']","Uniformity strongly rejected (min p=1.21e-05, KS=0.1540).; Independence strongly rejected (min Ljung-Box p=2.11e-24, |ACF lag-1|=0.6168).; Coverage off-target by 0.060 (target=0.900)."
0.146,4.090430161748266e-05,1.4302893333333295,0.0002420494974882,2.118149266084316,0.01,114.36585003432198,4.890757959700364e-23,119.07459993354682,7.796262971189352e-21,137.185065558792,1.7274112372302032e-19,z=Phi^{-1}(u),0.608424562476159,157.34767011899729,0.952,24650,24900,250,50,overlapping,RED,"['PIT_uniformity_fail', 'ACF_dependence_fail', 'overcoverage']","Uniformity strongly rejected (min p=4.09e-05, KS=0.1460).; Independence strongly rejected (min Ljung-Box p=4.89e-23, |ACF lag-1|=0.6084).; Coverage off-target by 0.052 (target=0.900)."
0.1019999999999999,0.0102089770242199,0.4330933333333294,0.0590881928742476,2.1193884753978978,0.01,173.53314610572497,1.285685318763944e-35,175.9093932400011,1.654089727428495e-32,191.74124017591987,4.8043333692654095e-30,z=Phi^{-1}(u),0.687415089998977,215.29708980704024,0.92,24700,24950,250,50,overlapping,RED,"['PIT_uniformity_warn', 'ACF_dependence_fail', 'coverage_warn']","Uniformity weakly rejected (min p=0.0102).; Independence strongly rejected (min Ljung-Box p=1.29e-35, |ACF lag-1|=0.6874).; Coverage mildly off-target by 0.020 (target=0.900)."
0.0699999999999999,0.1645397722936834,0.2630133333333333,0.1725161580405007,2.155312334221549,0.01,234.6369318949257,1.0844057463041636e-48,291.0977757779977,1.1823945927697336e-56,386.6348873297752,1.203838352656369e-69,z=Phi^{-1}(u),0.7424534253459726,211.27340997842492,0.928,24750,25000,250,50,overlapping,RED,"['ACF_dependence_fail', 'coverage_warn']","Independence strongly rejected (min Ljung-Box p=1.2e-69, |ACF lag-1|=0.7425).; Coverage mildly off-target by 0.028 (target=0.900)."
0.0859999999999999,0.046649053727069,0.4468373333333332,0.0544228601379205,3.882543975260262,0.01,255.82177645098653,3.096100467038683e-53,319.42030664638827,1.210111669419251e-62,415.2493957930081,1.395195968732155e-75,z=Phi^{-1}(u),0.7610642958217351,204.71547874351572,0.936,24800,25050,250,50,overlapping,RED,"['PIT_uniformity_warn', 'ACF_dependence_fail', 'coverage_warn']","Uniformity weakly rejected (min p=0.0466).; Independence strongly rejected (min Ljung-Box p=1.4e-75, |ACF lag-1|=0.7611).; Coverage mildly off-target by 0.036 (target=0.900)."
0.1119999999999999,0.0034624885629555,0.7838613333333333,0.00793935211202,4.956846665317414,0.01,242.9293692162597,1.8069605089980721e-50,295.19153745882704,1.6140079912788866e-57,379.8935642472032,2.992596584782575e-68,z=Phi^{-1}(u),0.756214070773409,192.67811138378184,0.94,24850,25100,250,50,overlapping,RED,"['PIT_uniformity_fail', 'ACF_dependence_fail', 'coverage_warn']","Uniformity strongly rejected (min p=0.00346, KS=0.1120).; Independence strongly rejected (min Ljung-Box p=2.99e-68, |ACF lag-1|=0.7562).; Coverage mildly off-target by 0.040 (target=0.900)."
0.176,3.03562815531506e-07,1.785089333333333,3.717379688028544e-05,8.951798157428982,0.01,269.5895259959744,3.4282728810103196e-56,355.3912920779309,2.858171716905749e-70,491.89441966427,1.4468359386313346e-91,z=Phi^{-1}(u),0.7915015431990134,212.739218186656,0.928,24900,25150,250,50,overlapping,RED,"['PIT_uniformity_fail', 'ACF_dependence_fail', 'coverage_warn']","Uniformity strongly rejected (min p=3.04e-07, KS=0.1760).; Independence strongly rejected (min Ljung-Box p=1.45e-91, |ACF lag-1|=0.7915).; Coverage mildly off-target by 0.028 (target=0.900)."
0.224,1.677696022970731e-11,2.541989333333297,7.096740721745931e-07,11.350323125567911,0.01,303.2647925299212,1.9894264328181294e-63,369.9329271953173,2.331786021103153e-73,477.2308261766248,1.6857384454107817e-88,z=Phi^{-1}(u),0.8193800120200189,240.76897189289608,0.916,24950,25200,250,50,overlapping,RED,"['PIT_uniformity_fail', 'ACF_dependence_fail']","Uniformity strongly rejected (min p=1.68e-11, KS=0.2240).; Independence strongly rejected (min Ljung-Box p=1.69e-88, |ACF lag-1|=0.8194)."
0.218,6.529461679456593e-11,2.7032013333332974,3.064010425379849e-07,12.248265735709992,0.01,337.9130264852661,6.9983355793323945e-71,428.7336146642528,7.148893645692644e-86,590.8582236092044,2.423663642772562e-112,z=Phi^{-1}(u),0.8395849972756134,282.2253448252376,0.9,25000,25250,250,50,overlapping,RED,"['PIT_uniformity_fail', 'ACF_dependence_fail']","Uniformity strongly rejected (min p=6.53e-11, KS=0.2180).; Independence strongly rejected (min Ljung-Box p=2.42e-112, |ACF lag-1|=0.8396)."
0.242,2.2568131237879775e-13,3.231569333333297,1.957999651303055e-08,13.458694679497684,0.01,354.2479678746069,2.130510540020889e-74,460.8166865715205,1.0286832703230732e-92,674.0573979648889,6.780374089671623e-130,z=Phi^{-1}(u),0.8555031442636788,318.9452341830962,0.892,25050,25300,250,50,overlapping,RED,"['PIT_uniformity_fail', 'ACF_dependence_fail']","Uniformity strongly rejected (min p=2.26e-13, KS=0.2420).; Independence strongly rejected (min Ljung-Box p=6.78e-130, |ACF lag-1|=0.8555)."
0.238,6.059494887663968e-13,3.378893333333233,9.098151343422956e-09,15.76279306202207,0.01,342.15336781051354,8.556428579885629e-72,464.7492192160967,1.4895003343693358e-93,680.2868986461799,3.268762695891748e-131,z=Phi^{-1}(u),0.8534432676355977,386.9442542924873,0.876,25100,25350,250,50,overlapping,RED,"['PIT_uniformity_fail', 'ACF_dependence_fail', 'coverage_warn']","Uniformity strongly rejected (min p=6.06e-13, KS=0.2380).; Independence strongly rejected (min Ljung-Box p=3.27e-131, |ACF lag-1|=0.8534).; Coverage mildly off-target by 0.024 (target=0.900)."
0.242,2.2568131237880093e-13,3.069121333333229,4.56032627216274e-08,13.524397588816328,0.01,297.187357978658,4.030195330724112e-62,350.76061075721645,2.7477337451438794e-69,439.3869029960581,1.3274438836933543e-80,z=Phi^{-1}(u),0.8081398049728288,368.9023856843508,0.876,25150,25400,250,50,overlapping,RED,"['PIT_uniformity_fail', 'ACF_dependence_fail', 'coverage_warn']","Uniformity strongly rejected (min p=2.26e-13, KS=0.2420).; Independence strongly rejected (min Ljung-Box p=1.33e-80, |ACF lag-1|=0.8081).; Coverage mildly off-target by 0.024 (target=0.900)."
0.274,4.456284348465677e-17,4.2025253333333135,1.2444945074463476e-10,8.144202245464953,0.01,275.2059013857,2.132204188117357e-57,285.0134290558505,2.277852439859549e-55,310.4593955396256,5.87987612599548e-54,z=Phi^{-1}(u),0.7681465636054186,299.23462026925523,0.88,25200,25450,250,50,overlapping,RED,"['PIT_uniformity_fail', 'ACF_dependence_fail', 'coverage_warn']","Uniformity strongly rejected (min p=4.46e-17, KS=0.2740).; Independence strongly rejected (min Ljung-Box p=2.13e-57, |ACF lag-1|=0.7681).; Coverage mildly off-target by 0.020 (target=0.900)."
0.318,5.570166771421543e-23,7.099237333333173,2.5413826598708056e-10,10.436454058183813,0.01,216.16969043994675,9.825897250536889e-45,219.0689626246699,1.6740748694368135e-41,226.86942191011337,5.063277719916135e-37,z=Phi^{-1}(u),0.7291186398510757,277.4359177825901,0.868,25250,25500,250,50,overlapping,RED,"['PIT_uniformity_fail', 'ACF_dependence_fail', 'coverage_warn']","Uniformity strongly rejected (min p=5.57e-23, KS=0.3180).; Independence strongly rejected (min Ljung-Box p=9.83e-45, |ACF lag-1|=0.7291).; Coverage mildly off-target by 0.032 (target=0.900)."
0.2799999999999999,7.93905600217711e-18,7.638585333333061,9.934045808179803e-10,10.765172968965487,0.01,176.44851466732436,3.0676122595463624e-36,179.4838401204822,2.9986169274236368e-33,182.6358739642003,2.957098117008343e-28,z=Phi^{-1}(u),0.6991150898938345,289.11366324702664,0.84,25300,25550,250,50,overlapping,RED,"['PIT_uniformity_fail', 'ACF_dependence_fail', 'undercoverage']","Uniformity strongly rejected (min p=7.94e-18, KS=0.2800).; Independence strongly rejected (min Ljung-Box p=3.07e-36, |ACF lag-1|=0.6991).; Coverage off-target by 0.060 (target=0.900)."
0.24,3.706006465531515e-13,6.8262373333330775,1.1796585930312628e-10,9.023659332187265,0.01,129.33629035989588,3.2916594395202633e-26,133.2914203964243,9.941824479329997e-24,142.2691938631393,1.8766065707649997e-20,z=Phi^{-1}(u),0.6410053621206413,220.4355702632461,0.86,25350,25600,250,50,overlapping,RED,"['PIT_uniformity_fail', 'ACF_dependence_fail', 'coverage_warn']","Uniformity strongly rejected (min p=3.71e-13, KS=0.2400).; Independence strongly rejected (min Ljung-Box p=3.29e-26, |ACF lag-1|=0.6410).; Coverage mildly off-target by 0.040 (target=0.900)."
0.206,8.815066355556984e-10,4.229101333333137,1.0853751231110208e-10,7.465809094750966,0.01,164.1513034704084,1.2900165819145085e-33,177.77849584282612,6.77387355713844e-33,191.6185928895317,5.079170394409111e-30,z=Phi^{-1}(u),0.6887265238251226,232.6267407904518,0.86,25400,25650,250,50,overlapping,RED,"['PIT_uniformity_fail', 'ACF_dependence_fail', 'coverage_warn']","Uniformity strongly rejected (min p=1.09e-10, KS=0.2060).; Independence strongly rejected (min Ljung-Box p=1.29e-33, |ACF lag-1|=0.6887).; Coverage mildly off-target by 0.040 (target=0.900)."
0.122,0.0010608632709633,0.9835093333331372,0.0026567285450829,9.929438301806158,0.01,203.83878328707328,4.2864281869005306e-42,236.00893784534767,4.7156133110310163e-45,291.3263112673275,4.755234237581964e-50,z=Phi^{-1}(u),0.7182928905476538,252.5300558044777,0.876,25450,25700,250,50,overlapping,RED,"['PIT_uniformity_fail', 'ACF_dependence_fail', 'coverage_warn']","Uniformity strongly rejected (min p=0.00106, KS=0.1220).; Independence strongly rejected (min Ljung-Box p=4.76e-50, |ACF lag-1|=0.7183).; Coverage mildly off-target by 0.024 (target=0.900)."
0.178,2.117668987962672e-07,1.809953333333317,3.261930651288214e-05,9.529237464760117,0.01,203.6645340406557,4.670696209832676e-42,235.36486880017333,6.437092041875099e-45,286.667646480921,4.22899092027254e-49,z=Phi^{-1}(u),0.7136154449963361,211.4474680692794,0.916,25500,25750,250,50,overlapping,RED,"['PIT_uniformity_fail', 'ACF_dependence_fail']","Uniformity strongly rejected (min p=2.12e-07, KS=0.1780).; Independence strongly rejected (min Ljung-Box p=4.23e-49, |ACF lag-1|=0.7136)."
0.29,4.0952542143721287e-19,5.122241333333334,7.586931083380932e-11,11.229403521969177,0.01,154.0362655963206,1.8455834677819862e-31,179.9638370328728,2.3838437363099147e-33,218.81344129578864,2.0596798980424567e-35,z=Phi^{-1}(u),0.6516235222021863,165.33319854765898,0.952,25550,25800,250,50,overlapping,RED,"['PIT_uniformity_fail', 'ACF_dependence_fail', 'overcoverage']","Uniformity strongly rejected (min p=4.1e-19, KS=0.2900).; Independence strongly rejected (min Ljung-Box p=2.06e-35, |ACF lag-1|=0.6516).; Coverage off-target by 0.052 (target=0.900)."
0.34,2.7075012002619804e-26,6.740149333333334,9.142497869873978e-11,14.947855463608503,0.01,184.86782105235997,4.882046331054112e-38,208.2087501123989,3.1228789242155465e-39,225.56860492371163,9.217991318189494e-37,z=Phi^{-1}(u),0.691761997042425,160.60718554875226,0.952,25600,25850,250,50,overlapping,RED,"['PIT_uniformity_fail', 'ACF_dependence_fail', 'overcoverage']","Uniformity strongly rejected (min p=2.71e-26, KS=0.3400).; Independence strongly rejected (min Ljung-Box p=3.12e-39, |ACF lag-1|=0.6918).; Coverage off-target by 0.052 (target=0.900)."
0.368,7.172375439665594e-31,8.027329333333334,2.6591062685099587e-11,21.879434906273676,0.01,165.29535175232516,7.3559408375763995e-34,166.50005982665684,1.4703246569326654e-30,172.4607632138135,2.8776384996488835e-26,z=Phi^{-1}(u),0.6839588026112534,130.59387054962932,0.964,25650,25900,250,50,overlapping,RED,"['PIT_uniformity_fail', 'ACF_dependence_fail', 'overcoverage']","Uniformity strongly rejected (min p=7.17e-31, KS=0.3680).; Independence strongly rejected (min Ljung-Box p=7.36e-34, |ACF lag-1|=0.6840).; Coverage off-target by 0.064 (target=0.900)."
0.3399999999999999,2.707501200262034e-26,6.431425333333334,3.4659164427353055e-11,20.83283552697065,0.01,129.94589778986472,2.443749578135693e-26,131.76273213077403,2.040278710656556e-23,134.73005657764958,5.024187570294405e-19,z=Phi^{-1}(u),0.6482334740761782,106.3267147524814,0.968,25700,25950,250,50,overlapping,RED,"['PIT_uniformity_fail', 'ACF_dependence_fail', 'overcoverage']","Uniformity strongly rejected (min p=2.71e-26, KS=0.3400).; Independence strongly rejected (min Ljung-Box p=2.44e-26, |ACF lag-1|=0.6482).; Coverage off-target by 0.068 (target=0.900)."
0.312,4.047022864305581e-22,5.119425333333333,7.504341592579067e-11,15.00404520665063,0.01,133.90388898640978,3.5305444829139785e-27,135.50861647824348,3.5012890639213934e-24,138.34668070973186,1.0413121817754861e-19,z=Phi^{-1}(u),0.6525870752680939,114.75442051889335,0.944,25750,26000,250,50,overlapping,RED,"['PIT_uniformity_fail', 'ACF_dependence_fail', 'coverage_warn']","Uniformity strongly rejected (min p=4.05e-22, KS=0.3120).; Independence strongly rejected (min Ljung-Box p=3.53e-27, |ACF lag-1|=0.6526).; Coverage mildly off-target by 0.044 (target=0.900)."
0.2139999999999999,1.5814280556184449e-10,2.6210573333333334,4.700149252023778e-07,9.725094801943271,0.01,133.29003189761275,4.7663974257267214e-27,139.6963519691232,4.8635657030522905e-25,144.90436800261512,5.912685005764341e-21,z=Phi^{-1}(u),0.6592026009377848,137.9788535660291,0.912,25800,26050,250,50,overlapping,RED,"['PIT_uniformity_fail', 'ACF_dependence_fail']","Uniformity strongly rejected (min p=1.58e-10, KS=0.2140).; Independence strongly rejected (min Ljung-Box p=4.77e-27, |ACF lag-1|=0.6592)."
0.184,7.011396336604489e-08,1.6553053333333174,7.362198236859907e-05,5.688223306302632,0.01,169.50241209473214,9.31676406330635e-35,181.13963609529864,1.3587551037435076e-33,199.1679181048323,1.6438064736160726e-31,z=Phi^{-1}(u),0.7570736912177981,191.32069259616745,0.872,25850,26100,250,50,overlapping,RED,"['PIT_uniformity_fail', 'ACF_dependence_fail', 'coverage_warn']","Uniformity strongly rejected (min p=7.01e-08, KS=0.1840).; Independence strongly rejected (min Ljung-Box p=9.32e-35, |ACF lag-1|=0.7571).; Coverage mildly off-target by 0.028 (target=0.900)."
0.1240000000000001,0.0008271899609853,1.2174333333332972,0.0007527011627764,4.37471587982057,0.01,275.2477291036608,2.0885472497648308e-57,318.91129255635235,1.550970484760495e-62,394.6824525845346,2.5891380033100067e-71,z=Phi^{-1}(u),0.7962060224602031,237.05215256150245,0.848,25900,26150,250,50,overlapping,RED,"['PIT_uniformity_fail', 'ACF_dependence_fail', 'undercoverage']","Uniformity strongly rejected (min p=0.000753, KS=0.1240).; Independence strongly rejected (min Ljung-Box p=2.59e-71, |ACF lag-1|=0.7962).; Coverage off-target by 0.052 (target=0.900)."
0.132,0.000293531424011,1.1370973333332972,0.0011583811268924,4.85500634789318,0.01,302.30948170555666,3.1924873627467907e-63,349.72410064409814,4.559724744102422e-69,446.0535625963525,5.419435836511539e-82,z=Phi^{-1}(u),0.814463970913589,259.4086554672683,0.848,25950,26200,250,50,overlapping,RED,"['PIT_uniformity_fail', 'ACF_dependence_fail', 'undercoverage']","Uniformity strongly rejected (min p=0.000294, KS=0.1320).; Independence strongly rejected (min Ljung-Box p=5.42e-82, |ACF lag-1|=0.8145).; Coverage off-target by 0.052 (target=0.900)."
0.148,3.036436222239841e-05,1.6112133333331893,9.290434417275062e-05,9.882646003706668,0.01,331.25985636614314,1.891626184091897e-69,413.55384859662377,1.2250718122681922e-82,567.986458027926,1.5748937680140896e-107,z=Phi^{-1}(u),0.8394360424375025,317.71057356954094,0.848,26000,26250,250,50,overlapping,RED,"['PIT_uniformity_fail', 'ACF_dependence_fail', 'undercoverage']","Uniformity strongly rejected (min p=3.04e-05, KS=0.1480).; Independence strongly rejected (min Ljung-Box p=1.57e-107, |ACF lag-1|=0.8394).; Coverage off-target by 0.052 (target=0.900)."
0.136,0.0001706166522264,1.6913173333331892,6.089390877783707e-05,10.23049873373128,0.01,360.8109592631769,8.226972266209015e-76,434.3733918678557,4.489244958747579e-87,580.3692723267628,3.911598188240109e-110,z=Phi^{-1}(u),0.8543130400128368,297.36056587262806,0.868,26050,26300,250,50,overlapping,RED,"['PIT_uniformity_fail', 'ACF_dependence_fail', 'coverage_warn']","Uniformity strongly rejected (min p=6.09e-05, KS=0.1360).; Independence strongly rejected (min Ljung-Box p=3.91e-110, |ACF lag-1|=0.8543).; Coverage mildly off-target by 0.032 (target=0.900)."
0.22,4.168813426318746e-11,2.475569333333269,1.0032540733728723e-06,9.51325394013304,0.01,336.01690024067585,1.7909741561045192e-70,384.9669688265838,1.4856595629134228e-76,533.5133817737872,2.748925751767872e-100,z=Phi^{-1}(u),0.8428242706918496,277.2114072926895,0.88,26100,26350,250,50,overlapping,RED,"['PIT_uniformity_fail', 'ACF_dependence_fail', 'coverage_warn']","Uniformity strongly rejected (min p=4.17e-11, KS=0.2200).; Independence strongly rejected (min Ljung-Box p=2.75e-100, |ACF lag-1|=0.8428).; Coverage mildly off-target by 0.020 (target=0.900)."
0.272,7.849561393665856e-17,4.789377333333298,2.365374562884881e-11,9.865547507832162,0.01,376.7118110975572,3.0928310880387976e-79,389.8581671799863,1.3540271106536016e-77,450.21612122174827,7.34860697329976e-83,z=Phi^{-1}(u),0.8370302477348979,250.2493029224785,0.888,26150,26400,250,50,overlapping,RED,"['PIT_uniformity_fail', 'ACF_dependence_fail']","Uniformity strongly rejected (min p=7.85e-17, KS=0.2720).; Independence strongly rejected (min Ljung-Box p=7.35e-83, |ACF lag-1|=0.8370)."
0.288,7.476102377504537e-19,5.753725333333298,7.172478166950214e-10,8.766168351894407,0.01,345.78626391815243,1.413382309965243e-72,352.88828450104046,9.714075157590242e-70,381.59350866039534,1.331270136332961e-68,z=Phi^{-1}(u),0.8179516082179925,223.00024922241005,0.88,26200,26450,250,50,overlapping,RED,"['PIT_uniformity_fail', 'ACF_dependence_fail', 'coverage_warn']","Uniformity strongly rejected (min p=7.48e-19, KS=0.2880).; Independence strongly rejected (min Ljung-Box p=1.41e-72, |ACF lag-1|=0.8180).; Coverage mildly off-target by 0.020 (target=0.900)."
0.314,2.0991639065297321e-22,9.28119333333333,4.756869342870117e-10,4.22300694286966,0.01,250.4591898797927,4.381206507134774e-52,255.65208200074852,3.514129575130853e-49,289.35149437006527,1.2011697610850109e-49,z=Phi^{-1}(u),0.7260559046950175,217.6456733172161,0.868,26250,26500,250,50,overlapping,RED,"['PIT_uniformity_fail', 'ACF_dependence_fail', 'coverage_warn']","Uniformity strongly rejected (min p=2.1e-22, KS=0.3140).; Independence strongly rejected (min Ljung-Box p=4.38e-52, |ACF lag-1|=0.7261).; Coverage mildly off-target by 0.032 (target=0.900)."
0.2159999999999999,1.0183309459024968e-10,4.889165333333329,3.1498581520850166e-11,1.6561455651959704,0.01,301.2288925030456,5.45078238624716e-63,322.2711005353424,3.0138481800460075e-63,327.42133339797186,1.9619422614596335e-57,z=Phi^{-1}(u),0.7566241515258568,271.76913036066213,0.848,26300,26550,250,50,overlapping,RED,"['PIT_uniformity_fail', 'ACF_dependence_fail', 'undercoverage']","Uniformity strongly rejected (min p=3.15e-11, KS=0.2160).; Independence strongly rejected (min Ljung-Box p=3.01e-63, |ACF lag-1|=0.7566).; Coverage off-target by 0.052 (target=0.900)."
0.184,7.011396336604567e-08,2.660953333333329,3.8181572503681593e-07,1.001711363967388,0.0128045033363529,279.6917975938815,2.318388077332059e-58,312.116557324833,4.254899825834616e-61,335.09666352177493,5.20004380964148e-59,z=Phi^{-1}(u),0.7372438038139023,257.2934419997114,0.864,26350,26600,250,50,overlapping,RED,"['PIT_uniformity_fail', 'ACF_dependence_fail', 'coverage_warn']","Uniformity strongly rejected (min p=7.01e-08, KS=0.1840).; Independence strongly rejected (min Ljung-Box p=4.25e-61, |ACF lag-1|=0.7372).; Coverage mildly off-target by 0.036 (target=0.900)."
0.16,4.659433156552614e-06,1.6501453333333171,7.565278322574365e-05,4.003479982095712,0.01,250.6587567126627,3.969840668553752e-52,262.99220076971443,1.001659854028084e-50,266.57005644034103,5.110116982765404e-45,z=Phi^{-1}(u),0.7143692504139664,295.14145921135884,0.856,26400,26650,250,50,overlapping,RED,"['PIT_uniformity_fail', 'ACF_dependence_fail', 'coverage_warn']","Uniformity strongly rejected (min p=4.66e-06, KS=0.1600).; Independence strongly rejected (min Ljung-Box p=3.97e-52, |ACF lag-1|=0.7144).; Coverage mildly off-target by 0.044 (target=0.900)."
0.112,0.0034624885629555,0.7022133333333013,0.0125128042821126,6.596809475391069,0.01,256.4384928471599,2.2827226038453867e-53,270.22364409053745,3.000512304562748e-52,278.9720409227977,1.5550522909182306e-47,z=Phi^{-1}(u),0.7615172094839515,363.1951672112689,0.848,26450,26700,250,50,overlapping,RED,"['PIT_uniformity_fail', 'ACF_dependence_fail', 'undercoverage']","Uniformity strongly rejected (min p=0.00346, KS=0.1120).; Independence strongly rejected (min Ljung-Box p=2.28e-53, |ACF lag-1|=0.7615).; Coverage off-target by 0.052 (target=0.900)."
0.146,4.090430161748266e-05,0.8978293333332654,0.0042389773048505,7.752809444111733,0.01,313.02190512615806,1.5866949233481877e-65,314.4192157745328,1.3853513837298108e-61,325.03659148204457,6.055315777232731e-57,z=Phi^{-1}(u),0.7687036321852432,477.6141096643152,0.84,26500,26750,250,50,overlapping,RED,"['PIT_uniformity_fail', 'ACF_dependence_fail', 'undercoverage']","Uniformity strongly rejected (min p=4.09e-05, KS=0.1460).; Independence strongly rejected (min Ljung-Box p=1.59e-65, |ACF lag-1|=0.7687).; Coverage off-target by 0.060 (target=0.900)."
0.104,0.008290637497102,0.6261853333332653,0.01921257207902,7.147445934775533,0.01,349.09399757374644,2.742589334039119e-73,355.4329359811606,2.8005791219373597e-70,370.0437223803677,3.25688790177747e-66,z=Phi^{-1}(u),0.7768501116930508,449.0308260194348,0.836,26550,26800,250,50,overlapping,RED,"['PIT_uniformity_fail', 'ACF_dependence_fail', 'undercoverage']","Uniformity strongly rejected (min p=0.00829, KS=0.1040).; Independence strongly rejected (min Ljung-Box p=2.74e-73, |ACF lag-1|=0.7769).; Coverage off-target by 0.064 (target=0.900)."
0.152,1.652679981066289e-05,1.6199293333332652,8.8727033282332e-05,7.530136966704276,0.01,380.1431934679111,5.6378929406686364e-80,389.8547391215632,1.3563024846275111e-77,416.69957864485554,6.970929736369643e-76,z=Phi^{-1}(u),0.7900155670651172,475.2336994290403,0.82,26600,26850,250,50,overlapping,RED,"['PIT_uniformity_fail', 'ACF_dependence_fail', 'undercoverage']","Uniformity strongly rejected (min p=1.65e-05, KS=0.1520).; Independence strongly rejected (min Ljung-Box p=5.64e-80, |ACF lag-1|=0.7900).; Coverage off-target by 0.080 (target=0.900)."
0.22,4.1688134263187735e-11,3.283373333333233,1.4953236426862304e-08,10.260462241610014,0.01,435.8380141615112,5.5689089949185875e-92,450.77296126556377,1.4293448375041841e-90,500.91959074018433,1.868094399112165e-93,z=Phi^{-1}(u),0.8328059478961451,526.5048671488813,0.8,26650,26900,250,50,overlapping,RED,"['PIT_uniformity_fail', 'ACF_dependence_fail', 'undercoverage']","Uniformity strongly rejected (min p=4.17e-11, KS=0.2200).; Independence strongly rejected (min Ljung-Box p=1.87e-93, |ACF lag-1|=0.8328).; Coverage off-target by 0.100 (target=0.900)."
0.29,4.095254214372065e-19,5.304401333333282,1.51937462611329e-10,9.55722072290007,0.01,323.0227501421876,1.1199448678247408e-67,326.20109174322704,4.432608130475059e-64,383.3543495916992,5.751770719182147e-69,z=Phi^{-1}(u),0.7957909568961171,461.2379086039793,0.836,26700,26950,250,50,overlapping,RED,"['PIT_uniformity_fail', 'ACF_dependence_fail', 'undercoverage']","Uniformity strongly rejected (min p=4.1e-19, KS=0.2900).; Independence strongly rejected (min Ljung-Box p=5.75e-69, |ACF lag-1|=0.7958).; Coverage off-target by 0.064 (target=0.900)."
0.31,7.766587460292046e-22,6.499749333333299,4.329925307189342e-11,6.285202762705296,0.01,330.47321212924487,2.793273460207843e-69,335.5640201114162,4.5960467303947925e-66,377.96180932728834,7.511149898754302e-68,z=Phi^{-1}(u),0.7975439911086346,323.6889990982189,0.86,26750,27000,250,50,overlapping,RED,"['PIT_uniformity_fail', 'ACF_dependence_fail', 'coverage_warn']","Uniformity strongly rejected (min p=7.77e-22, KS=0.3100).; Independence strongly rejected (min Ljung-Box p=2.79e-69, |ACF lag-1|=0.7975).; Coverage mildly off-target by 0.040 (target=0.900)."
0.274,4.456284348465677e-17,5.261901333333299,1.2960688078322846e-10,5.851411076244517,0.01,339.85714988643304,2.6702317528903823e-71,344.43728135761904,6.034613286721241e-68,393.8800134838934,3.797428339299382e-71,z=Phi^{-1}(u),0.8039249704319952,340.59346038637494,0.872,26800,27050,250,50,overlapping,RED,"['PIT_uniformity_fail', 'ACF_dependence_fail', 'coverage_warn']","Uniformity strongly rejected (min p=4.46e-17, KS=0.2740).; Independence strongly rejected (min Ljung-Box p=2.67e-71, |ACF lag-1|=0.8039).; Coverage mildly off-target by 0.028 (target=0.900)."
0.178,2.1176689879626938e-07,2.0900893333332973,7.509521340209879e-06,3.964587270402831,0.01,350.49101959503884,1.3721078277752726e-73,354.1404029634673,5.267749741817577e-70,393.5336593351684,4.480010138983925e-71,z=Phi^{-1}(u),0.8126763420917175,332.7394087616624,0.896,26850,27100,250,50,overlapping,RED,"['PIT_uniformity_fail', 'ACF_dependence_fail']","Uniformity strongly rejected (min p=2.12e-07, KS=0.1780).; Independence strongly rejected (min Ljung-Box p=1.37e-73, |ACF lag-1|=0.8127)."
0.06,0.3164237517245051,0.1700573333333332,0.3340031195601822,0.598847309614996,0.1215376359892886,390.67270008303245,3.036478073628849e-82,414.33630205631033,8.346830512415755e-83,531.0311986130683,9.120214194932324e-100,z=Phi^{-1}(u),0.8125151712657239,386.5671879649887,0.896,26900,27150,250,50,overlapping,RED,['ACF_dependence_fail'],"Independence strongly rejected (min Ljung-Box p=9.12e-100, |ACF lag-1|=0.8125)."
0.0919999999999999,0.0272001300552793,0.7577173333333332,0.0091792753582516,0.3626256979828781,0.15,415.2509956649524,1.5304198997139942e-87,445.8586142271032,1.597043857303424e-89,539.3413204425107,1.644163738485377e-101,z=Phi^{-1}(u),0.8270598843848687,408.4974407851506,0.892,26950,27200,250,50,overlapping,RED,"['PIT_uniformity_fail', 'ACF_dependence_fail']","Uniformity strongly rejected (min p=0.00918, KS=0.0920).; Independence strongly rejected (min Ljung-Box p=1.64e-101, |ACF lag-1|=0.8271)."
0.152,1.652679981066289e-05,1.6295373333333332,8.434053086747717e-05,1.45810579993082,0.01,452.8671813646077,1.1824693848403116e-95,485.8042883082306,4.760301103023066e-98,562.0608993274849,2.774132979448051e-106,z=Phi^{-1}(u),0.8293737421797647,400.75299217992335,0.908,27000,27250,250,50,overlapping,RED,"['PIT_uniformity_fail', 'ACF_dependence_fail']","Uniformity strongly rejected (min p=1.65e-05, KS=0.1520).; Independence strongly rejected (min Ljung-Box p=2.77e-106, |ACF lag-1|=0.8294)."
0.214,1.5814280556184262e-10,3.399901333333333,8.156990305430156e-09,2.8136819174787604,0.01,412.32844812347633,6.529122990536178e-87,417.0531810289247,2.202203672965273e-83,426.8214201596793,5.479097992452618e-78,z=Phi^{-1}(u),0.8255163456198181,397.9808975842007,0.912,27050,27300,250,50,overlapping,RED,"['PIT_uniformity_fail', 'ACF_dependence_fail']","Uniformity strongly rejected (min p=1.58e-10, KS=0.2140).; Independence strongly rejected (min Ljung-Box p=6.53e-87, |ACF lag-1|=0.8255)."
0.208,5.773604210119882e-10,3.2117973333333176,2.170206991891632e-08,5.247551527755576,0.01,329.26896266292994,5.072815644632967e-69,332.7735515403279,1.794355513661077e-65,336.5796397642713,2.577123609934944e-59,z=Phi^{-1}(u),0.8123118365802562,438.9320009064432,0.888,27100,27350,250,50,overlapping,RED,"['PIT_uniformity_fail', 'ACF_dependence_fail']","Uniformity strongly rejected (min p=5.77e-10, KS=0.2080).; Independence strongly rejected (min Ljung-Box p=5.07e-69, |ACF lag-1|=0.8123)."
0.162,3.360315096730175e-06,1.5506573333333171,0.0001279323311117,6.94937521242997,0.01,272.8608699295629,6.800043877669119e-57,298.26714765282634,3.613503625446845e-58,322.31899440045527,2.1859997643388024e-56,z=Phi^{-1}(u),0.7823601591554431,323.5814397151985,0.932,27150,27400,250,50,overlapping,RED,"['PIT_uniformity_fail', 'ACF_dependence_fail', 'coverage_warn']","Uniformity strongly rejected (min p=3.36e-06, KS=0.1620).; Independence strongly rejected (min Ljung-Box p=3.61e-58, |ACF lag-1|=0.7824).; Coverage mildly off-target by 0.032 (target=0.900)."
0.1359999999999999,0.0001706166522264,1.2160733333331373,0.0007582032316661,12.426216030984849,0.01,336.2941140050071,1.5610871388288738e-70,357.6482377951545,9.482735343855974e-71,386.9298654792681,1.0458741192977672e-69,z=Phi^{-1}(u),0.7940011230666983,511.2535929150321,0.876,27200,27450,250,50,overlapping,RED,"['PIT_uniformity_fail', 'ACF_dependence_fail', 'coverage_warn']","Uniformity strongly rejected (min p=0.000171, KS=0.1360).; Independence strongly rejected (min Ljung-Box p=9.48e-71, |ACF lag-1|=0.7940).; Coverage mildly off-target by 0.024 (target=0.900)."
0.1180000000000001,0.001723677123827,1.3090333333331372,0.0004613695617065,11.539726101165456,0.01,336.25530185512616,1.5914036681828136e-70,367.9137542006549,6.261678694169554e-73,409.824941071454,1.8681115201505077e-74,z=Phi^{-1}(u),0.8011556063212512,590.3310383498713,0.848,27250,27500,250,50,overlapping,RED,"['PIT_uniformity_fail', 'ACF_dependence_fail', 'undercoverage']","Uniformity strongly rejected (min p=0.000461, KS=0.1180).; Independence strongly rejected (min Ljung-Box p=1.87e-74, |ACF lag-1|=0.8012).; Coverage off-target by 0.052 (target=0.900)."
0.1119999999999999,0.0034624885629555,1.0500053333331372,0.0018527330465051,10.527680454741471,0.01,344.13262962713003,3.208019514731516e-72,364.2428585057447,3.771307488117912e-72,398.166756586861,4.905951144837963e-72,z=Phi^{-1}(u),0.8005434341091532,638.4134554361987,0.828,27300,27550,250,50,overlapping,RED,"['PIT_uniformity_fail', 'ACF_dependence_fail', 'undercoverage']","Uniformity strongly rejected (min p=0.00185, KS=0.1120).; Independence strongly rejected (min Ljung-Box p=3.21e-72, |ACF lag-1|=0.8005).; Coverage off-target by 0.072 (target=0.900)."
0.0979999999999999,0.0152929430424032,0.6017213333332332,0.0220836570559264,6.360880687660597,0.01,419.6761530239409,1.7012663187605843e-88,430.0339148056384,3.77674972547305e-86,463.0030732580844,1.5795180981933286e-85,z=Phi^{-1}(u),0.8128748478018067,649.3999688782543,0.832,27350,27600,250,50,overlapping,RED,"['PIT_uniformity_warn', 'ACF_dependence_fail', 'undercoverage']","Uniformity weakly rejected (min p=0.0153).; Independence strongly rejected (min Ljung-Box p=1.7e-88, |ACF lag-1|=0.8129).; Coverage off-target by 0.068 (target=0.900)."
0.0779999999999999,0.0904978738065944,0.2838173333332332,0.1502268561244581,5.598989956828234,0.01,420.5056020751418,1.1270413822588667e-88,425.36152595591096,3.739608314170868e-85,441.3123828349452,5.27126007149885e-81,z=Phi^{-1}(u),0.8153705562999475,663.6507690752916,0.816,27400,27650,250,50,overlapping,RED,"['ACF_dependence_fail', 'undercoverage']","Independence strongly rejected (min Ljung-Box p=1.13e-88, |ACF lag-1|=0.8154).; Coverage off-target by 0.084 (target=0.900)."
0.066,0.2164684877017028,0.2233813333333332,0.2264585928086098,0.9847296926660648,0.0143768803086977,392.9388437577111,9.863520854335937e-83,396.9290644636507,4.239027339789559e-79,426.0965438056766,7.753582579287082e-78,z=Phi^{-1}(u),0.8259666043907822,573.8312498855736,0.852,27450,27700,250,50,overlapping,RED,"['ACF_dependence_fail', 'coverage_warn']","Independence strongly rejected (min Ljung-Box p=9.86e-83, |ACF lag-1|=0.8260).; Coverage mildly off-target by 0.048 (target=0.900)."
0.062,0.2800260038615019,0.2203133333333332,0.2314022380538455,0.7342470216151185,0.0565094952003642,391.17059171860063,2.371809585566743e-82,396.79997316887625,4.5158119294242566e-79,421.8986678564724,5.7882807491160646e-77,z=Phi^{-1}(u),0.8028432132575168,575.4043348759532,0.86,27500,27750,250,50,overlapping,RED,"['ACF_dependence_fail', 'coverage_warn']","Independence strongly rejected (min Ljung-Box p=2.37e-82, |ACF lag-1|=0.8028).; Coverage mildly off-target by 0.040 (target=0.900)."
0.08,0.0771476533902124,0.2616853333333333,0.1740631157076468,0.6120582275167123,0.1121012660594912,376.23995162212793,3.908472140804957e-79,382.23656525127245,5.656126216054916e-76,411.2658908242028,9.37894810787959e-75,z=Phi^{-1}(u),0.8030674650029854,574.9350595202714,0.872,27550,27800,250,50,overlapping,RED,"['ACF_dependence_fail', 'coverage_warn']","Independence strongly rejected (min Ljung-Box p=3.91e-79, |ACF lag-1|=0.8031).; Coverage mildly off-target by 0.028 (target=0.900)."
0.088,0.0391297550232401,0.3383813333333333,0.105716325532809,0.88698370310928,0.0234274348972888,363.72325691553874,1.941113040799133e-76,374.2926914056139,2.761981664987288e-74,407.3014616730754,6.242376549373429e-74,z=Phi^{-1}(u),0.81593417433014,573.4473250498006,0.876,27600,27850,250,50,overlapping,RED,"['PIT_uniformity_warn', 'ACF_dependence_fail', 'coverage_warn']","Uniformity weakly rejected (min p=0.0391).; Independence strongly rejected (min Ljung-Box p=1.94e-76, |ACF lag-1|=0.8159).; Coverage mildly off-target by 0.024 (target=0.900)."
0.122,0.0010608632709633,1.1536213333333332,0.0010599232078682,0.692627382740568,0.0737076930824099,453.1032764475168,1.0516241331749616e-95,464.8713939550556,1.4027017240781448e-93,493.13528910085387,7.957459603171445e-92,z=Phi^{-1}(u),0.849369660234445,726.3014693774275,0.848,27650,27900,250,50,overlapping,RED,"['PIT_uniformity_fail', 'ACF_dependence_fail', 'undercoverage']","Uniformity strongly rejected (min p=0.00106, KS=0.1220).; Independence strongly rejected (min Ljung-Box p=1.05e-95, |ACF lag-1|=0.8494).; Coverage off-target by 0.052 (target=0.900)."
0.174,4.333396074387833e-07,2.139657333333317,5.794445879336863e-06,2.157218990176972,0.01,438.7552317706158,1.3080680473619236e-92,447.5985238386217,6.795722632561575e-90,470.9191104338794,3.5119510082578903e-87,z=Phi^{-1}(u),0.8392331255774883,848.1378957896922,0.832,27700,27950,250,50,overlapping,RED,"['PIT_uniformity_fail', 'ACF_dependence_fail', 'undercoverage']","Uniformity strongly rejected (min p=4.33e-07, KS=0.1740).; Independence strongly rejected (min Ljung-Box p=1.31e-92, |ACF lag-1|=0.8392).; Coverage off-target by 0.068 (target=0.900)."
0.1619999999999999,3.360315096730206e-06,1.3299053333333013,0.000412792838671,5.235267500161172,0.01,473.40394965131,4.385855722753073e-100,498.6727527778567,8.482307291442379e-101,509.0469351976036,3.708689582905583e-95,z=Phi^{-1}(u),0.8572236716168679,879.3928315475735,0.828,27750,28000,250,50,overlapping,RED,"['PIT_uniformity_fail', 'ACF_dependence_fail', 'undercoverage']","Uniformity strongly rejected (min p=3.36e-06, KS=0.1620).; Independence strongly rejected (min Ljung-Box p=8.48e-101, |ACF lag-1|=0.8572).; Coverage off-target by 0.072 (target=0.900)."
0.186,4.8100899143052806e-08,1.483793333333301,0.0001822552976018,6.449520341871448,0.01,436.184818273764,4.6879001315405245e-92,458.87300714052384,2.673226594720996e-92,473.1688316437396,1.1900760343477337e-87,z=Phi^{-1}(u),0.843439049207971,815.0256863956338,0.856,27800,28050,250,50,overlapping,RED,"['PIT_uniformity_fail', 'ACF_dependence_fail', 'coverage_warn']","Uniformity strongly rejected (min p=4.81e-08, KS=0.1860).; Independence strongly rejected (min Ljung-Box p=2.67e-92, |ACF lag-1|=0.8434).; Coverage mildly off-target by 0.044 (target=0.900)."
0.192,1.514511144371369e-08,2.059133333333301,8.830151339678238e-06,6.284154108491805,0.01,415.1183324192906,1.6345977925013792e-87,438.7349318254908,5.276582044872646e-88,441.9709466205893,3.8433537305196493e-81,z=Phi^{-1}(u),0.8335462485183509,837.7107640220567,0.868,27850,28100,250,50,overlapping,RED,"['PIT_uniformity_fail', 'ACF_dependence_fail', 'coverage_warn']","Uniformity strongly rejected (min p=1.51e-08, KS=0.1920).; Independence strongly rejected (min Ljung-Box p=5.28e-88, |ACF lag-1|=0.8335).; Coverage mildly off-target by 0.032 (target=0.900)."
0.0979999999999999,0.0152929430424032,0.4681613333333014,0.0479442729574414,5.920659898572865,0.01,360.8899362382298,7.91101466895588e-76,379.13333773235,2.5839882780939515e-75,384.9029154879299,2.749203561910736e-69,z=Phi^{-1}(u),0.8181711890214766,665.3568995219813,0.92,27900,28150,250,50,overlapping,RED,"['PIT_uniformity_warn', 'ACF_dependence_fail', 'coverage_warn']","Uniformity weakly rejected (min p=0.0153).; Independence strongly rejected (min Ljung-Box p=7.91e-76, |ACF lag-1|=0.8182).; Coverage mildly off-target by 0.020 (target=0.900)."
0.126,0.0006423606286764,1.4700293333333174,0.0001960464365227,2.6293711843929657,0.01,408.8300732547869,3.706752382187485e-86,448.84448293729855,3.6854142310322073e-90,452.3302820321582,2.662862237718172e-83,z=Phi^{-1}(u),0.8068755398673587,480.2136429051285,0.948,27950,28200,250,50,overlapping,RED,"['PIT_uniformity_fail', 'ACF_dependence_fail', 'coverage_warn']","Uniformity strongly rejected (min p=0.000196, KS=0.1260).; Independence strongly rejected (min Ljung-Box p=3.69e-90, |ACF lag-1|=0.8069).; Coverage mildly off-target by 0.048 (target=0.900)."
0.168,1.2294793527600963e-06,2.9913133333333333,6.837145083427032e-08,1.4633934933137027,0.01,439.5012709173367,9.030913998004244e-93,529.455568810675,2.2271924094433486e-107,649.4849042634246,1.052932895884071e-124,z=Phi^{-1}(u),0.7951009323809345,426.5594943157658,0.948,28000,28250,250,50,overlapping,RED,"['PIT_uniformity_fail', 'ACF_dependence_fail', 'coverage_warn']","Uniformity strongly rejected (min p=6.84e-08, KS=0.1680).; Independence strongly rejected (min Ljung-Box p=1.05e-124, |ACF lag-1|=0.7951).; Coverage mildly off-target by 0.048 (target=0.900)."
0.2159999999999999,1.0183309459024968e-10,3.985477333333334,6.025665522102486e-10,1.8340242449687596,0.01,426.0575120631964,7.159163975509699e-90,507.87031796799664,9.181416551488824e-103,597.6379937493822,9.051165757981316e-114,z=Phi^{-1}(u),0.7816461295010367,426.61868700730986,0.948,28050,28300,250,50,overlapping,RED,"['PIT_uniformity_fail', 'ACF_dependence_fail', 'coverage_warn']","Uniformity strongly rejected (min p=1.02e-10, KS=0.2160).; Independence strongly rejected (min Ljung-Box p=9.05e-114, |ACF lag-1|=0.7816).; Coverage mildly off-target by 0.048 (target=0.900)."
0.3199999999999999,2.849519146078292e-23,8.276589333333334,5.056344232201582e-11,3.4935616698369074,0.01,245.78478883145115,4.4101421620132065e-51,268.79266953397854,6.008600676446657e-52,286.88422828791624,3.820647017791297e-49,z=Phi^{-1}(u),0.7205020582014058,355.5085946821947,0.96,28100,28350,250,50,overlapping,RED,"['PIT_uniformity_fail', 'ACF_dependence_fail', 'overcoverage']","Uniformity strongly rejected (min p=2.85e-23, KS=0.3200).; Independence strongly rejected (min Ljung-Box p=6.01e-52, |ACF lag-1|=0.7205).; Coverage off-target by 0.060 (target=0.900)."
0.346,3.0625802848085595e-27,9.432985333333336,6.404223817924047e-10,2.6870456856075293,0.01,218.80987643448583,2.672384284731549e-45,219.0766055816349,1.6679202172640418e-41,222.1396789057616,4.4659650493854166e-36,z=Phi^{-1}(u),0.7421586657939376,453.7975720178733,0.928,28150,28400,250,50,overlapping,RED,"['PIT_uniformity_fail', 'ACF_dependence_fail', 'coverage_warn']","Uniformity strongly rejected (min p=3.06e-27, KS=0.3460).; Independence strongly rejected (min Ljung-Box p=2.67e-45, |ACF lag-1|=0.7422).; Coverage mildly off-target by 0.028 (target=0.900)."
0.254,1.0505011839469013e-14,3.7747173333333337,1.2285025219327395e-09,3.141466636011671,0.01,253.2990842339508,1.076974410259877e-52,257.6633284977063,1.3261313374791928e-49,261.64991539638635,5.065131650484276e-44,z=Phi^{-1}(u),0.7738592277426808,515.2666700566353,0.912,28200,28450,250,50,overlapping,RED,"['PIT_uniformity_fail', 'ACF_dependence_fail']","Uniformity strongly rejected (min p=1.05e-14, KS=0.2540).; Independence strongly rejected (min Ljung-Box p=1.08e-52, |ACF lag-1|=0.7739)."
0.192,1.514511144371369e-08,1.9639933333333333,1.4534014952438667e-05,2.191314882875417,0.01,300.2166132327455,8.996926526815357e-63,304.3506407367771,1.8696230308686242e-59,307.43400497901894,2.445156204212699e-53,z=Phi^{-1}(u),0.7946600447090848,580.0735039385219,0.904,28250,28500,250,50,overlapping,RED,"['PIT_uniformity_fail', 'ACF_dependence_fail']","Uniformity strongly rejected (min p=1.51e-08, KS=0.1920).; Independence strongly rejected (min Ljung-Box p=9e-63, |ACF lag-1|=0.7947)."
0.1559999999999999,8.848081887923706e-06,1.0692533333333334,0.0016697006693765,2.228566720971997,0.01,366.6533028778487,4.539391913107604e-77,376.98418407554703,7.398620353345723e-75,380.76103226770925,1.979457914919898e-68,z=Phi^{-1}(u),0.8378438085520654,634.5546193404898,0.896,28300,28550,250,50,overlapping,RED,"['PIT_uniformity_fail', 'ACF_dependence_fail']","Uniformity strongly rejected (min p=8.85e-06, KS=0.1560).; Independence strongly rejected (min Ljung-Box p=4.54e-77, |ACF lag-1|=0.8378)."
0.0959999999999999,0.0186040510745638,0.5328253333333333,0.0328249088405816,2.139121866503558,0.01,429.8105486575716,1.1106760150764274e-90,444.57222775232856,3.003692946039246e-89,455.6315458442949,5.45484362846291e-84,z=Phi^{-1}(u),0.855752982232784,672.1188423326275,0.892,28350,28600,250,50,overlapping,RED,"['PIT_uniformity_warn', 'ACF_dependence_fail']","Uniformity weakly rejected (min p=0.0186).; Independence strongly rejected (min Ljung-Box p=1.11e-90, |ACF lag-1|=0.8558)."
0.124,0.0008271899609853,1.048353333333333,0.001869359143175,2.6990435785077693,0.01,363.3119286651688,2.3803265752122443e-76,369.8613876112977,2.4148445355577653e-73,410.6196624897615,1.2775127344289669e-74,z=Phi^{-1}(u),0.8336248694794905,618.2533638591037,0.904,28400,28650,250,50,overlapping,RED,"['PIT_uniformity_fail', 'ACF_dependence_fail']","Uniformity strongly rejected (min p=0.000827, KS=0.1240).; Independence strongly rejected (min Ljung-Box p=2.38e-76, |ACF lag-1|=0.8336)."
0.06,0.3164237517245051,0.2563973333333333,0.1803836715305096,1.3472777500127506,0.01,402.80273989634895,7.382174800237199e-85,412.9550765605397,1.6431549218144708e-82,423.9120138648348,2.207365310708732e-77,z=Phi^{-1}(u),0.8488551347619628,544.3321837073357,0.916,28450,28700,250,50,overlapping,RED,['ACF_dependence_fail'],"Independence strongly rejected (min Ljung-Box p=7.38e-85, |ACF lag-1|=0.8489)."
0.128,0.0004967972491749,1.1874573333333334,0.0008838740043637,1.49662801137913,0.01,440.2908120881692,6.101673250169709e-93,455.19600409723824,1.627692084438642e-91,480.45850373569147,3.5656782595419435e-89,z=Phi^{-1}(u),0.8561354556253752,536.6505191830197,0.916,28500,28750,250,50,overlapping,RED,"['PIT_uniformity_fail', 'ACF_dependence_fail']","Uniformity strongly rejected (min p=0.000497, KS=0.1280).; Independence strongly rejected (min Ljung-Box p=6.1e-93, |ACF lag-1|=0.8561)."
0.102,0.0102089770242198,0.7484693333333333,0.0096639222323908,0.9869124755391568,0.0141747707834114,459.4001965452734,4.6073727851808713e-97,481.785816061666,3.434514794196221e-97,511.8808952810763,9.45031576859888e-96,z=Phi^{-1}(u),0.8574285941297538,532.714595084107,0.908,28550,28800,250,50,overlapping,RED,"['PIT_uniformity_fail', 'ACF_dependence_fail']","Uniformity strongly rejected (min p=0.00966, KS=0.1020).; Independence strongly rejected (min Ljung-Box p=3.43e-97, |ACF lag-1|=0.8574)."
0.042,0.7535349147957915,0.1009853333333333,0.5804258911927742,0.6175925603077985,0.1081481712087153,378.3594356318661,1.3658627397437635e-79,396.2048595747225,6.044620792909091e-79,408.2203109752061,4.023346331283477e-74,z=Phi^{-1}(u),0.8317737480588417,486.9546335473158,0.912,28600,28850,250,50,overlapping,RED,['ACF_dependence_fail'],"Independence strongly rejected (min Ljung-Box p=1.37e-79, |ACF lag-1|=0.8318)."
0.0559999999999999,0.3985403948382553,0.0948053333333333,0.6113282212963713,0.4656443815676425,0.15,425.8163820760324,8.069673374964567e-90,463.5085979047658,2.740405206602192e-93,477.63600863609247,1.387103200333564e-88,z=Phi^{-1}(u),0.8441556637835731,486.154988096011,0.908,28650,28900,250,50,overlapping,RED,['ACF_dependence_fail'],"Independence strongly rejected (min Ljung-Box p=2.74e-93, |ACF lag-1|=0.8442)."
0.14,9.755941577025083e-05,1.1088813333333332,0.0013483737346864,0.6523537678139917,0.090349682721491,403.3540977991181,5.614940427860525e-85,438.1820343772792,6.922011984217389e-88,468.7347277599695,1.004125909983313e-86,z=Phi^{-1}(u),0.8441513564033983,525.3129165918498,0.912,28700,28950,250,50,overlapping,RED,"['PIT_uniformity_fail', 'ACF_dependence_fail']","Uniformity strongly rejected (min p=9.76e-05, KS=0.1400).; Independence strongly rejected (min Ljung-Box p=6.92e-88, |ACF lag-1|=0.8442)."
0.088,0.0391297550232403,0.3781933333333332,0.0824868464593565,1.5475278887047352,0.01,270.63454420596173,2.0448162731935503e-56,278.247079464471,6.100725912471247e-54,286.3969367738881,4.801256238556731e-49,z=Phi^{-1}(u),0.8011291051028768,456.54905517514993,0.928,28750,29000,250,50,overlapping,RED,"['PIT_uniformity_warn', 'ACF_dependence_fail', 'coverage_warn']","Uniformity weakly rejected (min p=0.0391).; Independence strongly rejected (min Ljung-Box p=2.04e-56, |ACF lag-1|=0.8011).; Coverage mildly off-target by 0.028 (target=0.900)."
0.09,0.032690132515418,0.6698133333333333,0.0150113554858226,1.9450892001236184,0.01,330.00502829200263,3.5225754420818987e-69,350.39748128530385,3.2812417159510543e-69,377.4531405959797,9.57034267087886e-68,z=Phi^{-1}(u),0.8212184983855538,514.3907815585824,0.904,28800,29050,250,50,overlapping,RED,"['PIT_uniformity_warn', 'ACF_dependence_fail']","Uniformity weakly rejected (min p=0.015).; Independence strongly rejected (min Ljung-Box p=3.28e-69, |ACF lag-1|=0.8212)."
0.136,0.0001706166522264,1.9794253333333331,1.340484564582578e-05,1.3399386164887233,0.01,385.3842227636373,4.1871194864978974e-81,399.8779722715606,9.99337423418236e-80,431.1252998009923,6.968836362355697e-79,z=Phi^{-1}(u),0.8545439016963827,612.012084849108,0.872,28850,29100,250,50,overlapping,RED,"['PIT_uniformity_fail', 'ACF_dependence_fail', 'coverage_warn']","Uniformity strongly rejected (min p=1.34e-05, KS=0.1360).; Independence strongly rejected (min Ljung-Box p=4.19e-81, |ACF lag-1|=0.8545).; Coverage mildly off-target by 0.028 (target=0.900)."
0.092,0.0272001300552791,0.4444853333333333,0.055192497274577,2.0250715732505853,0.01,406.3201937767666,1.2882939709428265e-85,435.7576555194513,2.275547344985108e-87,530.5583312972808,1.1460887709410938e-99,z=Phi^{-1}(u),0.8578222669966598,615.8491322167653,0.896,28900,29150,250,50,overlapping,RED,"['PIT_uniformity_warn', 'ACF_dependence_fail']","Uniformity weakly rejected (min p=0.0272).; Independence strongly rejected (min Ljung-Box p=1.15e-99, |ACF lag-1|=0.8578)."
0.1,0.0125203447299346,0.6691253333333333,0.0150696586236223,1.74106018990625,0.01,371.1484072562532,4.884197826976219e-78,386.875091360084,5.8360632907777615e-77,456.3940421733501,3.7819379719083936e-84,z=Phi^{-1}(u),0.8363679427185433,579.25783705985,0.904,28950,29200,250,50,overlapping,RED,"['PIT_uniformity_warn', 'ACF_dependence_fail']","Uniformity weakly rejected (min p=0.0125).; Independence strongly rejected (min Ljung-Box p=3.78e-84, |ACF lag-1|=0.8364)."
0.064,0.2467324500849861,0.2645893333333333,0.1707007987547016,1.8924817952429864,0.01,383.4767731284742,1.078691487795451e-80,415.0413666701202,5.906877618931349e-83,537.0633055535835,4.9445741942776867e-101,z=Phi^{-1}(u),0.8316632849523063,552.902378671775,0.924,29000,29250,250,50,overlapping,RED,"['ACF_dependence_fail', 'coverage_warn']","Independence strongly rejected (min Ljung-Box p=4.94e-101, |ACF lag-1|=0.8317).; Coverage mildly off-target by 0.024 (target=0.900)."
0.0559999999999999,0.3985403948382564,0.1519173333333292,0.3839847109119233,1.8526942081930144,0.01,341.8163950226612,1.0111767827293756e-71,351.2948952568487,2.1163383045631164e-69,380.2733477816629,2.497258319957296e-68,z=Phi^{-1}(u),0.7847149032566447,526.9629692582297,0.936,29050,29300,250,50,overlapping,RED,"['ACF_dependence_fail', 'coverage_warn']","Independence strongly rejected (min Ljung-Box p=1.01e-71, |ACF lag-1|=0.7847).; Coverage mildly off-target by 0.036 (target=0.900)."
0.18,1.4711437559622018e-07,1.8473093333333293,2.6806825573766343e-05,3.243424207806072,0.01,341.6321380618724,1.1078699274191717e-71,369.4283057684005,2.984747031175898e-73,381.4428916837356,1.430334369867851e-68,z=Phi^{-1}(u),0.7637709067246841,463.85061893786514,0.952,29100,29350,250,50,overlapping,RED,"['PIT_uniformity_fail', 'ACF_dependence_fail', 'overcoverage']","Uniformity strongly rejected (min p=1.47e-07, KS=0.1800).; Independence strongly rejected (min Ljung-Box p=2.98e-73, |ACF lag-1|=0.7638).; Coverage off-target by 0.052 (target=0.900)."
0.1,0.0125203447299346,0.4161573333333294,0.0654333948241804,2.57366416648938,0.01,305.2788784756129,7.339366463095081e-64,327.2241534452031,2.6909794303632962e-64,336.5353314344055,2.63175398914691e-59,z=Phi^{-1}(u),0.7482248693678111,403.2725863335325,0.952,29150,29400,250,50,overlapping,RED,"['PIT_uniformity_warn', 'ACF_dependence_fail', 'overcoverage']","Uniformity weakly rejected (min p=0.0125).; Independence strongly rejected (min Ljung-Box p=2.69e-64, |ACF lag-1|=0.7482).; Coverage off-target by 0.052 (target=0.900)."
0.08,0.0771476533902124,0.3144613333333293,0.1230972059946041,1.7683582653567385,0.01,342.2726645634792,8.065166557858446e-72,368.9817747824581,3.713479179863483e-73,375.002947793796,3.073727209332396e-67,z=Phi^{-1}(u),0.7552499348751252,391.5703949674239,0.952,29200,29450,250,50,overlapping,RED,"['ACF_dependence_fail', 'overcoverage']","Independence strongly rejected (min Ljung-Box p=3.71e-73, |ACF lag-1|=0.7552).; Coverage off-target by 0.052 (target=0.900)."
0.1039999999999999,0.008290637497102,0.7034173333333293,0.0124286630879861,2.039393186232104,0.01,316.77697010092123,2.470646194654552e-66,337.4131850809757,1.8635137194432512e-66,343.161284913278,1.1407194361964335e-60,z=Phi^{-1}(u),0.7524230432479015,374.5930564822996,0.948,29250,29500,250,50,overlapping,RED,"['PIT_uniformity_fail', 'ACF_dependence_fail', 'coverage_warn']","Uniformity strongly rejected (min p=0.00829, KS=0.1040).; Independence strongly rejected (min Ljung-Box p=1.86e-66, |ACF lag-1|=0.7524).; Coverage mildly off-target by 0.048 (target=0.900)."
0.098,0.0152929430424031,0.4358173333333333,0.058130685610149,2.3282858991728403,0.01,200.3163949904676,2.4306856516844957e-41,210.1018368311745,1.2561655457871936e-39,230.99497124842856,7.557263031146352e-38,z=Phi^{-1}(u),0.7244884623231539,286.97298924802624,0.976,29300,29550,250,50,overlapping,RED,"['PIT_uniformity_warn', 'ACF_dependence_fail', 'overcoverage']","Uniformity weakly rejected (min p=0.0153).; Independence strongly rejected (min Ljung-Box p=2.43e-41, |ACF lag-1|=0.7245).; Coverage off-target by 0.076 (target=0.900)."
0.102,0.0102089770242199,0.3446693333333334,0.1016121104492937,2.099612502908656,0.01,194.3877573559329,4.505490437107851e-40,199.12624949929116,2.455212910543761e-37,201.722265729776,5.134023597608757e-32,z=Phi^{-1}(u),0.7202797819925856,286.0433126854048,0.972,29350,29600,250,50,overlapping,RED,"['PIT_uniformity_warn', 'ACF_dependence_fail', 'overcoverage']","Uniformity weakly rejected (min p=0.0102).; Independence strongly rejected (min Ljung-Box p=4.51e-40, |ACF lag-1|=0.7203).; Coverage off-target by 0.072 (target=0.900)."
0.074,0.1230243374005592,0.2080493333333334,0.2524825306887884,1.1512783895141183,0.01,233.4473727399043,1.95082539456488e-48,235.83479130449396,5.129586705122126e-45,247.84135293945937,3.1111439026093026e-41,z=Phi^{-1}(u),0.7576443546681216,318.5462246678802,0.96,29400,29650,250,50,overlapping,RED,"['ACF_dependence_fail', 'overcoverage']","Independence strongly rejected (min Ljung-Box p=1.95e-48, |ACF lag-1|=0.7576).; Coverage off-target by 0.060 (target=0.900)."
0.0599999999999999,0.3164237517245071,0.2392253333333173,0.2028202847356358,2.61735657137578,0.01,224.01551620484932,2.049687394869926e-46,225.0992402128862,9.142332149242809e-43,272.12620656165603,3.818811564684336e-46,z=Phi^{-1}(u),0.7632722561355232,359.2075937408792,0.948,29450,29700,250,50,overlapping,RED,"['ACF_dependence_fail', 'coverage_warn']","Independence strongly rejected (min Ljung-Box p=2.05e-46, |ACF lag-1|=0.7633).; Coverage mildly off-target by 0.048 (target=0.900)."
0.042,0.7535349147957915,0.0892653333333173,0.6404886800387539,2.2437592249953013,0.01,207.056240340746,8.780860086686616e-43,215.7822432322183,8.155719894080876e-41,255.99909293137148,7.030855526208866e-43,z=Phi^{-1}(u),0.7511656789939398,392.2777007844691,0.928,29500,29750,250,50,overlapping,RED,"['ACF_dependence_fail', 'coverage_warn']","Independence strongly rejected (min Ljung-Box p=7.03e-43, |ACF lag-1|=0.7512).; Coverage mildly off-target by 0.028 (target=0.900)."
0.056,0.398540394838254,0.1281293333332813,0.4639391308038506,4.468723283122472,0.01,235.48763367622,7.1252793254892e-49,245.03855024744607,5.990391412241102e-47,282.8976684607988,2.4746576557402348e-48,z=Phi^{-1}(u),0.7703742777282482,533.3547191102878,0.872,29550,29800,250,50,overlapping,RED,"['ACF_dependence_fail', 'coverage_warn']","Independence strongly rejected (min Ljung-Box p=7.13e-49, |ACF lag-1|=0.7704).; Coverage mildly off-target by 0.028 (target=0.900)."
0.064,0.2467324500849861,0.1883573333332813,0.2913201834091453,4.9676096694758485,0.01,239.21908909684905,1.1289697388972889e-49,248.4956682797544,1.1243169615660912e-47,277.6208345520873,2.9263185083983337e-47,z=Phi^{-1}(u),0.7740042988132941,508.42761930821615,0.888,29600,29850,250,50,overlapping,RED,['ACF_dependence_fail'],"Independence strongly rejected (min Ljung-Box p=1.13e-49, |ACF lag-1|=0.7740)."
0.06,0.3164237517245051,0.2081453333332813,0.2523088894424494,5.33391099625652,0.01,232.26201382296728,3.5020954035203537e-48,242.60591011043104,1.9431602935826234e-46,272.73273058160663,2.8764575308769515e-46,z=Phi^{-1}(u),0.768107058213485,481.8471500532137,0.9,29650,29900,250,50,overlapping,RED,['ACF_dependence_fail'],"Independence strongly rejected (min Ljung-Box p=3.5e-48, |ACF lag-1|=0.7681)."
0.118,0.001723677123827,0.5021413333332974,0.0392523826251364,3.921535728766997,0.01,282.6605426537515,5.337781272968556e-59,291.4578769767011,9.924305984837562e-57,301.128791191517,4.7536529242353234e-52,z=Phi^{-1}(u),0.7949793065314621,504.29332090235886,0.864,29700,29950,250,50,overlapping,RED,"['PIT_uniformity_fail', 'ACF_dependence_fail', 'coverage_warn']","Uniformity strongly rejected (min p=0.00172, KS=0.1180).; Independence strongly rejected (min Ljung-Box p=5.34e-59, |ACF lag-1|=0.7950).; Coverage mildly off-target by 0.036 (target=0.900)."
0.086,0.0466490537270688,0.4340173333332973,0.058761523588083,3.766884813366147,0.01,339.4612751139695,3.2490565389349237e-71,348.4712196708843,8.410073898159296e-69,367.3198352843376,1.190069146349351e-65,z=Phi^{-1}(u),0.8512966738489027,496.6095252440158,0.868,29750,30000,250,50,overlapping,RED,"['PIT_uniformity_warn', 'ACF_dependence_fail', 'coverage_warn']","Uniformity weakly rejected (min p=0.0466).; Independence strongly rejected (min Ljung-Box p=3.25e-71, |ACF lag-1|=0.8513).; Coverage mildly off-target by 0.032 (target=0.900)."
0.126,0.0006423606286764,0.5309333333333333,0.0331873585277446,0.9166242653607242,0.0206829383925255,472.15884313686087,8.141743274924211e-100,501.7296860085089,1.884877939602508e-101,502.234506375218,9.909991301912873e-94,z=Phi^{-1}(u),0.8852515467428345,420.19736914901614,0.888,29800,30050,250,50,overlapping,RED,"['PIT_uniformity_fail', 'ACF_dependence_fail']","Uniformity strongly rejected (min p=0.000642, KS=0.1260).; Independence strongly rejected (min Ljung-Box p=1.88e-101, |ACF lag-1|=0.8853)."
0.1519999999999999,1.6526799810663036e-05,1.2477493333333334,0.0006399840772448,0.9635387158440664,0.016339007792216,507.7273341018348,1.7148985758053182e-107,543.8053338820196,1.8968245793287081e-110,580.2214656711616,4.20201878287259e-110,z=Phi^{-1}(u),0.8880251465975333,473.48498616857904,0.86,29850,30100,250,50,overlapping,RED,"['PIT_uniformity_fail', 'ACF_dependence_fail', 'coverage_warn']","Uniformity strongly rejected (min p=1.65e-05, KS=0.1520).; Independence strongly rejected (min Ljung-Box p=1.9e-110, |ACF lag-1|=0.8880).; Coverage mildly off-target by 0.040 (target=0.900)."
0.108,0.0054015033651195,0.8456173333333333,0.005645455538526,0.7731025639689335,0.0451869658398055,479.9589917621006,1.6887521195517772e-101,519.8942840081144,2.4684710613851955e-105,565.2473462564304,5.932191397587508e-107,z=Phi^{-1}(u),0.8869222288149075,482.09742573798536,0.852,29900,30150,250,50,overlapping,RED,"['PIT_uniformity_fail', 'ACF_dependence_fail', 'coverage_warn']","Uniformity strongly rejected (min p=0.0054, KS=0.1080).; Independence strongly rejected (min Ljung-Box p=5.93e-107, |ACF lag-1|=0.8869).; Coverage mildly off-target by 0.048 (target=0.900)."
0.088,0.0391297550232403,0.8733613333333333,0.0048472513814433,0.5412571626149827,0.15,415.5449989223185,1.3225967758690326e-87,452.4445795089477,6.288558813916203e-91,495.9131606398224,2.0865649573799445e-92,z=Phi^{-1}(u),0.8683164240113578,445.45435320586887,0.884,29950,30200,250,50,overlapping,RED,"['PIT_uniformity_fail', 'ACF_dependence_fail']","Uniformity strongly rejected (min p=0.00485, KS=0.0880).; Independence strongly rejected (min Ljung-Box p=2.09e-92, |ACF lag-1|=0.8683)."
0.1099999999999999,0.0043334485784834,1.622925333333333,8.733516419900944e-05,1.09223869430312,0.01,388.8737144748336,7.413505011149647e-82,400.5433323481526,7.212811322656195e-80,417.71374150402585,4.2906415929539565e-76,z=Phi^{-1}(u),0.8595245200546809,437.96147170086425,0.892,30000,30250,250,50,overlapping,RED,"['PIT_uniformity_fail', 'ACF_dependence_fail']","Uniformity strongly rejected (min p=8.73e-05, KS=0.1100).; Independence strongly rejected (min Ljung-Box p=7.41e-82, |ACF lag-1|=0.8595)."
0.0559999999999999,0.3985403948382553,0.1803893333333333,0.3090452734043586,1.206832936172873,0.01,288.20814537560705,3.429946394252618e-60,293.1544402644646,4.348193894345632e-57,317.50099128987114,2.125120160933121e-55,z=Phi^{-1}(u),0.8273583871199041,423.2470601147618,0.908,30050,30300,250,50,overlapping,RED,['ACF_dependence_fail'],"Independence strongly rejected (min Ljung-Box p=3.43e-60, |ACF lag-1|=0.8274)."
0.072,0.1425669535852258,0.2645853333333333,0.1707053783694871,1.7203579125263104,0.01,247.7073961244435,1.7060772972720387e-51,251.90783912445949,2.154985393868825e-48,260.73709759566106,7.749203490941157e-44,z=Phi^{-1}(u),0.8080558990414343,439.6924119627359,0.904,30100,30350,250,50,overlapping,RED,['ACF_dependence_fail'],"Independence strongly rejected (min Ljung-Box p=1.71e-51, |ACF lag-1|=0.8081)."
0.0779999999999999,0.0904978738065944,0.5753973333333332,0.0256748356177772,1.658755909255376,0.01,253.65111914050385,9.050229868253297e-53,257.35354647538514,1.5409250290177576e-49,274.5556495787717,1.2270262957284056e-46,z=Phi^{-1}(u),0.7906679224579436,471.1470815186628,0.896,30150,30400,250,50,overlapping,RED,"['PIT_uniformity_warn', 'ACF_dependence_fail']","Uniformity weakly rejected (min p=0.0257).; Independence strongly rejected (min Ljung-Box p=9.05e-53, |ACF lag-1|=0.7907)."
0.072,0.1425669535852258,0.2459373333333333,0.1936848039830256,1.2851440132762093,0.01,207.5412839779023,6.9138634593516425e-43,211.8411507810784,5.439302874973167e-40,231.8562885721116,5.078616387165599e-38,z=Phi^{-1}(u),0.7661565072814267,455.5185761046357,0.908,30200,30450,250,50,overlapping,RED,['ACF_dependence_fail'],"Independence strongly rejected (min Ljung-Box p=6.91e-43, |ACF lag-1|=0.7662)."
0.078,0.090497873806594,0.1855773333333333,0.2973621147540162,0.67739700308789,0.0800012383934339,262.8580108360515,9.559956684244575e-55,265.33318888267587,3.2185308699561324e-51,287.7342539304875,2.5646947410990778e-49,z=Phi^{-1}(u),0.7921102424661978,471.9755911921795,0.9,30250,30500,250,50,overlapping,RED,['ACF_dependence_fail'],"Independence strongly rejected (min Ljung-Box p=9.56e-55, |ACF lag-1|=0.7921)."
0.03,0.973085677760421,0.0309613333332693,0.9731350836468916,4.974001848403617,0.01,316.06682022645606,3.5120833557837555e-66,317.5573134097752,3.001043464372077e-62,324.1457925050653,9.223878362135052e-57,z=Phi^{-1}(u),0.8177521437973152,488.04233581458845,0.896,30300,30550,250,50,overlapping,RED,['ACF_dependence_fail'],"Independence strongly rejected (min Ljung-Box p=3.51e-66, |ACF lag-1|=0.8178)."
0.0499999999999999,0.5427406465653759,0.1317013333332693,0.4507411462630601,5.921963252990963,0.01,272.700543176355,7.361157997326573e-57,274.7674169833255,3.3058221679821957e-53,286.7202744609687,4.125921675045547e-49,z=Phi^{-1}(u),0.79283706654258,412.6141001642917,0.928,30350,30600,250,50,overlapping,RED,"['ACF_dependence_fail', 'coverage_warn']","Independence strongly rejected (min Ljung-Box p=7.36e-57, |ACF lag-1|=0.7928).; Coverage mildly off-target by 0.028 (target=0.900)."
0.1079999999999999,0.0054015033651195,0.8659533333332694,0.0050484068486053,6.764496158740826,0.01,298.12611676158025,2.532316566562631e-62,302.747708353596,4.080507704677714e-59,322.08806560728124,2.437880598304689e-56,z=Phi^{-1}(u),0.8029800002107008,379.4559812470694,0.944,30400,30650,250,50,overlapping,RED,"['PIT_uniformity_fail', 'ACF_dependence_fail', 'coverage_warn']","Uniformity strongly rejected (min p=0.00505, KS=0.1080).; Independence strongly rejected (min Ljung-Box p=2.53e-62, |ACF lag-1|=0.8030).; Coverage mildly off-target by 0.044 (target=0.900)."
0.144,5.487659392626315e-05,1.6178813333332696,8.969129055047542e-05,6.837977927513236,0.01,289.0495730888584,2.2618283067744053e-60,294.89595589356463,1.8636399573532315e-57,311.0214648828337,4.5116847607802156e-54,z=Phi^{-1}(u),0.807854492711885,408.806721110382,0.924,30450,30700,250,50,overlapping,RED,"['PIT_uniformity_fail', 'ACF_dependence_fail', 'coverage_warn']","Uniformity strongly rejected (min p=5.49e-05, KS=0.1440).; Independence strongly rejected (min Ljung-Box p=2.26e-60, |ACF lag-1|=0.8079).; Coverage mildly off-target by 0.024 (target=0.900)."
0.12,0.0013550102442608,1.545209333333189,0.0001316716063652,9.871044380819969,0.01,279.5730078399872,2.458703940510812e-58,292.15743812477825,7.062005359784108e-57,298.0810343920533,1.9923069549955065e-51,z=Phi^{-1}(u),0.8027471492721743,442.22773524099085,0.916,30500,30750,250,50,overlapping,RED,"['PIT_uniformity_fail', 'ACF_dependence_fail']","Uniformity strongly rejected (min p=0.000132, KS=0.1200).; Independence strongly rejected (min Ljung-Box p=2.46e-58, |ACF lag-1|=0.8027)."
0.132,0.000293531424011,1.8470573333333176,2.6842325528186883e-05,2.487870951741911,0.01,233.6672623524348,1.7501612662687437e-48,248.21841885998083,1.2857878103782958e-47,261.842762569158,4.629894164875679e-44,z=Phi^{-1}(u),0.7732305171969057,406.5017839384048,0.92,30550,30800,250,50,overlapping,RED,"['PIT_uniformity_fail', 'ACF_dependence_fail', 'coverage_warn']","Uniformity strongly rejected (min p=2.68e-05, KS=0.1320).; Independence strongly rejected (min Ljung-Box p=1.75e-48, |ACF lag-1|=0.7732).; Coverage mildly off-target by 0.020 (target=0.900)."
0.11,0.0043334485784834,1.3420813333333177,0.0003868699363795,1.8837947855618324,0.01,259.92369695670203,4.077338935634346e-54,269.05310783633814,5.29528764836092e-52,293.7903264017033,1.4955525985073968e-50,z=Phi^{-1}(u),0.7997984345500875,438.5702439845706,0.904,30600,30850,250,50,overlapping,RED,"['PIT_uniformity_fail', 'ACF_dependence_fail']","Uniformity strongly rejected (min p=0.000387, KS=0.1100).; Independence strongly rejected (min Ljung-Box p=4.08e-54, |ACF lag-1|=0.7998)."
0.1219999999999999,0.0010608632709633,1.020193333333297,0.002177198689606,3.500609864668604,0.01,267.0938036763959,1.1776080986982178e-55,275.50298360631314,2.3129342078862797e-53,305.6599278833704,5.637369741525597e-53,z=Phi^{-1}(u),0.779596095881629,503.2729951831256,0.872,30650,30900,250,50,overlapping,RED,"['PIT_uniformity_fail', 'ACF_dependence_fail', 'coverage_warn']","Uniformity strongly rejected (min p=0.00106, KS=0.1220).; Independence strongly rejected (min Ljung-Box p=1.18e-55, |ACF lag-1|=0.7796).; Coverage mildly off-target by 0.028 (target=0.900)."
0.064,0.2467324500849851,0.1981533333332972,0.2711706720465818,4.409913335738111,0.01,336.00420291589245,1.8022790612679325e-70,336.5323408181734,2.864783408350285e-66,347.7731193514195,1.2811399609817037e-61,z=Phi^{-1}(u),0.7976623421289688,479.4219556343656,0.892,30700,30950,250,50,overlapping,RED,['ACF_dependence_fail'],"Independence strongly rejected (min Ljung-Box p=1.8e-70, |ACF lag-1|=0.7977)."
0.0959999999999999,0.0186040510745638,0.6351293333333253,0.0182618787298954,2.2874936497811973,0.01,302.1734578458351,3.414877622595476e-63,305.06759682990554,1.3186491997994049e-59,307.71326767598663,2.1438292874338155e-53,z=Phi^{-1}(u),0.7657587977224003,460.5248953473415,0.876,30750,31000,250,50,overlapping,RED,"['PIT_uniformity_warn', 'ACF_dependence_fail', 'coverage_warn']","Uniformity weakly rejected (min p=0.0183).; Independence strongly rejected (min Ljung-Box p=3.41e-63, |ACF lag-1|=0.7658).; Coverage mildly off-target by 0.024 (target=0.900)."
0.1039999999999999,0.008290637497102,0.7973933333333254,0.0073662323287615,2.371994760320206,0.01,311.28519358978133,3.749853472383456e-65,315.4664815786288,8.315502234157795e-62,327.7567841052471,1.6742525489695774e-57,z=Phi^{-1}(u),0.74897879834748,433.577143666912,0.892,30800,31050,250,50,overlapping,RED,"['PIT_uniformity_fail', 'ACF_dependence_fail']","Uniformity strongly rejected (min p=0.00737, KS=0.1040).; Independence strongly rejected (min Ljung-Box p=3.75e-65, |ACF lag-1|=0.7490)."
0.1059999999999999,0.006705519078627,1.0675773333333254,0.0016848833020324,2.5030302169331264,0.01,256.4144151052968,2.3100472394324837e-53,259.93477036518533,4.410386233061231e-50,268.9501553485689,1.6829425142871565e-45,z=Phi^{-1}(u),0.7405546634249027,427.5325825115549,0.892,30850,31100,250,50,overlapping,RED,"['PIT_uniformity_fail', 'ACF_dependence_fail']","Uniformity strongly rejected (min p=0.00168, KS=0.1060).; Independence strongly rejected (min Ljung-Box p=2.31e-53, |ACF lag-1|=0.7406)."
0.1099999999999999,0.0043334485784834,1.1650613333333293,0.0009967526049757,1.2207687328645704,0.01,236.40499323399476,4.530135887024709e-49,242.9363476276953,1.6561501975483022e-46,271.94453510116074,4.157072626431124e-46,z=Phi^{-1}(u),0.7463252299679225,380.7323781460034,0.908,30900,31150,250,50,overlapping,RED,"['PIT_uniformity_fail', 'ACF_dependence_fail']","Uniformity strongly rejected (min p=0.000997, KS=0.1100).; Independence strongly rejected (min Ljung-Box p=4.53e-49, |ACF lag-1|=0.7463)."
0.096,0.0186040510745635,0.4424693333333293,0.055861423389113,2.442542785052097,0.01,251.4987255470691,2.621429803542992e-52,253.7778152756163,8.712219997463823e-49,301.4232346873932,4.138884531841293e-52,z=Phi^{-1}(u),0.7526054905453124,369.0410929684412,0.896,30950,31200,250,50,overlapping,RED,"['PIT_uniformity_warn', 'ACF_dependence_fail']","Uniformity weakly rejected (min p=0.0186).; Independence strongly rejected (min Ljung-Box p=2.62e-52, |ACF lag-1|=0.7526)."
0.0979999999999999,0.0152929430424032,0.5757733333333293,0.0256194775743989,1.958574642458672,0.01,228.2067032904283,2.5915048506987223e-47,228.3996070761864,1.8597295889957124e-43,247.15442768619792,4.2788636932863255e-41,z=Phi^{-1}(u),0.7380955039959425,337.85769292654595,0.92,31000,31250,250,50,overlapping,RED,"['PIT_uniformity_warn', 'ACF_dependence_fail', 'coverage_warn']","Uniformity weakly rejected (min p=0.0153).; Independence strongly rejected (min Ljung-Box p=2.59e-47, |ACF lag-1|=0.7381).; Coverage mildly off-target by 0.020 (target=0.900)."
0.13,0.0003826527409824,1.1938813333333294,0.0008539447131694,2.1172995811033672,0.01,229.88788854184935,1.1303872784964662e-47,230.42853255125385,6.983957460382969e-44,252.86998747554705,3.011715702109796e-42,z=Phi^{-1}(u),0.7289450798670877,340.164693785026,0.912,31050,31300,250,50,overlapping,RED,"['PIT_uniformity_fail', 'ACF_dependence_fail']","Uniformity strongly rejected (min p=0.000383, KS=0.1300).; Independence strongly rejected (min Ljung-Box p=1.13e-47, |ACF lag-1|=0.7289)."
0.126,0.0006423606286764,0.9400973333332694,0.003364906312525,7.925052094457897,0.01,242.6484125757798,2.0759168427588984e-50,246.37123378255012,3.143482515444718e-47,255.9562718097173,7.1722959882186864e-43,z=Phi^{-1}(u),0.7624787840263957,428.7101358649799,0.892,31100,31350,250,50,overlapping,RED,"['PIT_uniformity_fail', 'ACF_dependence_fail']","Uniformity strongly rejected (min p=0.000642, KS=0.1260).; Independence strongly rejected (min Ljung-Box p=2.08e-50, |ACF lag-1|=0.7625)."
0.14,9.755941577025083e-05,0.8982413333332694,0.0042294285022064,7.806713852905489,0.01,257.8802029421996,1.119473090803117e-53,261.58238398999305,1.98423390566976e-50,266.96892041608214,4.2424478023376253e-45,z=Phi^{-1}(u),0.7738751331153042,469.0477048650787,0.872,31150,31400,250,50,overlapping,RED,"['PIT_uniformity_fail', 'ACF_dependence_fail', 'coverage_warn']","Uniformity strongly rejected (min p=9.76e-05, KS=0.1400).; Independence strongly rejected (min Ljung-Box p=1.12e-53, |ACF lag-1|=0.7739).; Coverage mildly off-target by 0.028 (target=0.900)."
0.128,0.0004967972491749,0.7716333333332653,0.0084964189348645,7.801962967278428,0.01,258.0580838959814,1.0252576746907183e-53,259.61883154786995,5.140266503094456e-50,264.71960816087864,1.211265893418512e-44,z=Phi^{-1}(u),0.7566485326134852,546.9601924403715,0.856,31200,31450,250,50,overlapping,RED,"['PIT_uniformity_fail', 'ACF_dependence_fail', 'coverage_warn']","Uniformity strongly rejected (min p=0.000497, KS=0.1280).; Independence strongly rejected (min Ljung-Box p=1.03e-53, |ACF lag-1|=0.7566).; Coverage mildly off-target by 0.044 (target=0.900)."
0.084,0.0553890740154738,0.3241013333332934,0.1157363863327068,5.4135860899620525,0.01,279.3196078685332,2.7870504588166437e-58,279.7149817717864,2.990229846677911e-54,296.2631190680486,4.6813327285198575e-51,z=Phi^{-1}(u),0.784125100858395,568.5284320920329,0.864,31250,31500,250,50,overlapping,RED,"['ACF_dependence_fail', 'coverage_warn']","Independence strongly rejected (min Ljung-Box p=2.79e-58, |ACF lag-1|=0.7841).; Coverage mildly off-target by 0.036 (target=0.900)."
0.0859999999999999,0.046649053727069,0.4873893333332933,0.0428016432240353,4.808746198270768,0.01,294.33755239695,1.651653078841235e-61,294.5184769196621,2.239343678570016e-57,295.5495101461516,6.545885695979718e-51,z=Phi^{-1}(u),0.7987043460557515,587.9043995513846,0.876,31300,31550,250,50,overlapping,RED,"['PIT_uniformity_warn', 'ACF_dependence_fail', 'coverage_warn']","Uniformity weakly rejected (min p=0.0428).; Independence strongly rejected (min Ljung-Box p=1.65e-61, |ACF lag-1|=0.7987).; Coverage mildly off-target by 0.024 (target=0.900)."
0.062,0.2800260038615019,0.2462573333333292,0.1932613667018964,1.96258152266816,0.01,343.88708741397875,3.6232102359160594e-72,350.98942479666334,2.45705362531933e-69,366.1042551348084,2.121529442017409e-65,z=Phi^{-1}(u),0.7860543350986005,523.2727995128494,0.888,31350,31600,250,50,overlapping,RED,['ACF_dependence_fail'],"Independence strongly rejected (min Ljung-Box p=3.62e-72, |ACF lag-1|=0.7861)."
0.1319999999999999,0.000293531424011,0.8959533333333292,0.0042827348368849,2.04427594301427,0.01,391.8355427934493,1.7052510939976484e-82,416.2469442266381,3.270275574307412e-83,433.6499585008694,2.0780248499546972e-79,z=Phi^{-1}(u),0.7840864743965136,465.3828706628048,0.924,31400,31650,250,50,overlapping,RED,"['PIT_uniformity_fail', 'ACF_dependence_fail', 'coverage_warn']","Uniformity strongly rejected (min p=0.000294, KS=0.1320).; Independence strongly rejected (min Ljung-Box p=3.27e-83, |ACF lag-1|=0.7841).; Coverage mildly off-target by 0.024 (target=0.900)."
0.19,2.2355742093543343e-08,2.219577333333333,3.815899757952934e-06,1.8615102928819736,0.01,424.60664694111466,1.4713023699833449e-89,462.67516888688186,4.127421334011672e-93,532.3826584419005,4.747179631563048e-100,z=Phi^{-1}(u),0.8151540165011575,391.83253132519366,0.948,31450,31700,250,50,overlapping,RED,"['PIT_uniformity_fail', 'ACF_dependence_fail', 'coverage_warn']","Uniformity strongly rejected (min p=2.24e-08, KS=0.1900).; Independence strongly rejected (min Ljung-Box p=4.75e-100, |ACF lag-1|=0.8152).; Coverage mildly off-target by 0.048 (target=0.900)."
0.278,1.4172217060925893e-17,5.175221333333334,9.314471416388416e-11,1.543569961043545,0.01,234.35952117558296,1.243559796798834e-48,253.4281247436531,1.0320172981141769e-48,336.9577350216979,2.1547358301099645e-59,z=Phi^{-1}(u),0.7404507364880049,352.1257444317605,0.956,31500,31750,250,50,overlapping,RED,"['PIT_uniformity_fail', 'ACF_dependence_fail', 'overcoverage']","Uniformity strongly rejected (min p=1.42e-17, KS=0.2780).; Independence strongly rejected (min Ljung-Box p=2.15e-59, |ACF lag-1|=0.7405).; Coverage off-target by 0.056 (target=0.900)."
0.25,2.9716469677443324e-14,5.128721333333334,7.780442956573097e-11,1.036718973628581,0.01,218.12785693554645,3.740954365114887e-45,268.3086841398704,7.599103002655245e-52,348.2838378813606,1.005534395725031e-61,z=Phi^{-1}(u),0.7210624504309981,349.6600128141667,0.948,31550,31800,250,50,overlapping,RED,"['PIT_uniformity_fail', 'ACF_dependence_fail', 'coverage_warn']","Uniformity strongly rejected (min p=2.97e-14, KS=0.2500).; Independence strongly rejected (min Ljung-Box p=1.01e-61, |ACF lag-1|=0.7211).; Coverage mildly off-target by 0.048 (target=0.900)."
0.168,1.2294793527600963e-06,1.9975293333333328,1.2191769998004531e-05,1.082703376937218,0.01,225.20234461786217,1.1412553156456463e-46,230.5514029963106,6.581706242438083e-44,261.4166105542712,5.646685644524878e-44,z=Phi^{-1}(u),0.7357081521662077,289.48852542629953,0.976,31600,31850,250,50,overlapping,RED,"['PIT_uniformity_fail', 'ACF_dependence_fail', 'overcoverage']","Uniformity strongly rejected (min p=1.23e-06, KS=0.1680).; Independence strongly rejected (min Ljung-Box p=1.14e-46, |ACF lag-1|=0.7357).; Coverage off-target by 0.076 (target=0.900)."
0.16,4.659433156552614e-06,1.6260333333333332,8.591444248839952e-05,1.0452985212081956,0.01,220.9290768433415,9.3959883580895e-46,231.2225479696476,4.75999368024073e-44,255.4255170580541,9.18044535642277e-43,z=Phi^{-1}(u),0.7443430080034312,327.38317510019976,0.952,31650,31900,250,50,overlapping,RED,"['PIT_uniformity_fail', 'ACF_dependence_fail', 'overcoverage']","Uniformity strongly rejected (min p=4.66e-06, KS=0.1600).; Independence strongly rejected (min Ljung-Box p=9.4e-46, |ACF lag-1|=0.7443).; Coverage off-target by 0.052 (target=0.900)."
0.1119999999999999,0.0034624885629555,0.6440013333333332,0.0173667985435488,0.9325965077617866,0.0192040270590938,187.14329488924295,1.5935776501094595e-38,195.67495056218493,1.286678342363787e-36,199.86505100168253,1.1966868198250806e-31,z=Phi^{-1}(u),0.7107232181016802,306.81316115900387,0.956,31700,31950,250,50,overlapping,RED,"['PIT_uniformity_fail', 'ACF_dependence_fail', 'overcoverage']","Uniformity strongly rejected (min p=0.00346, KS=0.1120).; Independence strongly rejected (min Ljung-Box p=1.59e-38, |ACF lag-1|=0.7107).; Coverage off-target by 0.056 (target=0.900)."
0.078,0.0904978738065936,0.2282573333333333,0.2188551433317507,0.8409453781696072,0.0310530462146651,256.54092205206206,2.170046563854473e-53,270.3084197882532,2.87956854500452e-52,281.79492425886167,4.1478290468191096e-48,z=Phi^{-1}(u),0.7598707583965583,374.5505004858081,0.924,31750,32000,250,50,overlapping,RED,"['ACF_dependence_fail', 'coverage_warn']","Independence strongly rejected (min Ljung-Box p=2.17e-53, |ACF lag-1|=0.7599).; Coverage mildly off-target by 0.024 (target=0.900)."
0.064,0.2467324500849861,0.2040133333333333,0.259912978500894,0.7003660421813152,0.0705098999250763,253.7685456817556,8.540040007407837e-53,258.0940586954656,1.0763001289446848e-49,259.205279805078,1.5814056774909382e-43,z=Phi^{-1}(u),0.7598944558457686,346.4848552227317,0.928,31800,32050,250,50,overlapping,RED,"['ACF_dependence_fail', 'coverage_warn']","Independence strongly rejected (min Ljung-Box p=8.54e-53, |ACF lag-1|=0.7599).; Coverage mildly off-target by 0.028 (target=0.900)."
0.046,0.648127041124621,0.1460333333333333,0.4021073320665035,0.6880469333774215,0.0756004407531316,262.82617131478,9.711615377412908e-55,267.80201619672533,9.716843115335892e-52,274.00043478653845,1.5906175770805751e-46,z=Phi^{-1}(u),0.7485868755856708,345.4040423885749,0.928,31850,32100,250,50,overlapping,RED,"['ACF_dependence_fail', 'coverage_warn']","Independence strongly rejected (min Ljung-Box p=9.71e-55, |ACF lag-1|=0.7486).; Coverage mildly off-target by 0.028 (target=0.900)."
0.128,0.0004967972491749,0.8801293333333332,0.0046706110498764,1.1213003739481735,0.01,266.70431742497595,1.4276872963236649e-55,277.42136905897945,9.110812943784457e-54,301.96226925767536,3.2119480903154304e-52,z=Phi^{-1}(u),0.7536782816668357,311.37411958416635,0.932,31900,32150,250,50,overlapping,RED,"['PIT_uniformity_fail', 'ACF_dependence_fail', 'coverage_warn']","Uniformity strongly rejected (min p=0.000497, KS=0.1280).; Independence strongly rejected (min Ljung-Box p=1.43e-55, |ACF lag-1|=0.7537).; Coverage mildly off-target by 0.032 (target=0.900)."
0.1699999999999999,8.720933843779303e-07,1.6227053333333332,8.743662025134658e-05,2.2880955036469857,0.01,258.2030300386166,9.54380044930058e-54,270.536806305355,2.5774488159200305e-52,291.4102679877744,4.571503888655775e-50,z=Phi^{-1}(u),0.7675772995705128,304.76113521485,0.932,31950,32200,250,50,overlapping,RED,"['PIT_uniformity_fail', 'ACF_dependence_fail', 'coverage_warn']","Uniformity strongly rejected (min p=8.72e-07, KS=0.1700).; Independence strongly rejected (min Ljung-Box p=9.54e-54, |ACF lag-1|=0.7676).; Coverage mildly off-target by 0.032 (target=0.900)."
0.198,4.591565961933238e-09,2.6398653333333333,4.2614760198400603e-07,3.9003864582967935,0.01,234.69409223847023,1.0542337910615932e-48,253.90214375083485,8.203048763388962e-49,276.30139009201616,5.424452926896657e-47,z=Phi^{-1}(u),0.7408477543743827,267.918977841475,0.948,32000,32250,250,50,overlapping,RED,"['PIT_uniformity_fail', 'ACF_dependence_fail', 'coverage_warn']","Uniformity strongly rejected (min p=4.59e-09, KS=0.1980).; Independence strongly rejected (min Ljung-Box p=8.2e-49, |ACF lag-1|=0.7408).; Coverage mildly off-target by 0.048 (target=0.900)."
0.236,9.864814950888854e-13,3.666077333333333,2.0757694452200326e-09,6.265868562783339,0.01,219.1928045218721,2.212462080788405e-45,246.3068324546307,3.2429870129595467e-47,301.8540051008328,3.3797600598715344e-52,z=Phi^{-1}(u),0.7369576712895081,292.7578075512609,0.924,32050,32300,250,50,overlapping,RED,"['PIT_uniformity_fail', 'ACF_dependence_fail', 'coverage_warn']","Uniformity strongly rejected (min p=9.86e-13, KS=0.2360).; Independence strongly rejected (min Ljung-Box p=3.38e-52, |ACF lag-1|=0.7370).; Coverage mildly off-target by 0.024 (target=0.900)."
0.302,1.0063208777436312e-20,5.136453333333334,8.017575492402784e-11,8.001145377784383,0.01,194.7666300322404,3.738749832555614e-40,226.40918065036328,4.8595515214418354e-43,270.5342487612222,8.032717860561248e-46,z=Phi^{-1}(u),0.7160046386435636,287.9599382114474,0.908,32100,32350,250,50,overlapping,RED,"['PIT_uniformity_fail', 'ACF_dependence_fail']","Uniformity strongly rejected (min p=1.01e-20, KS=0.3020).; Independence strongly rejected (min Ljung-Box p=8.03e-46, |ACF lag-1|=0.7160)."
0.304,5.3405170554765485e-21,4.639249333333334,2.1338153466388118e-11,10.875438115396094,0.01,232.12912276621825,3.7395148394739743e-48,265.717629696299,2.6709967616507425e-51,358.5766757068078,7.59457608474862e-64,z=Phi^{-1}(u),0.7436160097995805,297.9933957326558,0.904,32150,32400,250,50,overlapping,RED,"['PIT_uniformity_fail', 'ACF_dependence_fail']","Uniformity strongly rejected (min p=5.34e-21, KS=0.3040).; Independence strongly rejected (min Ljung-Box p=7.59e-64, |ACF lag-1|=0.7436)."
0.3019999999999999,1.006320877743647e-20,4.849733333333333,2.775757401707324e-11,11.734901908855932,0.01,260.48810079269447,3.084752187422358e-54,303.8534141317656,2.3817926989521376e-59,417.4151849043458,4.9496234249760943e-76,z=Phi^{-1}(u),0.7543624619380085,291.4708402869741,0.904,32200,32450,250,50,overlapping,RED,"['PIT_uniformity_fail', 'ACF_dependence_fail']","Uniformity strongly rejected (min p=1.01e-20, KS=0.3020).; Independence strongly rejected (min Ljung-Box p=4.95e-76, |ACF lag-1|=0.7544)."
0.3059999999999999,2.8213068906004067e-21,4.920197333333334,3.508093815440816e-11,9.966329529360678,0.01,221.96833838634385,5.627291829044713e-46,245.90443303460512,3.940108520387426e-47,305.43963162709525,6.253375248592657e-53,z=Phi^{-1}(u),0.7392563973413709,243.97257614359168,0.908,32250,32500,250,50,overlapping,RED,"['PIT_uniformity_fail', 'ACF_dependence_fail']","Uniformity strongly rejected (min p=2.82e-21, KS=0.3060).; Independence strongly rejected (min Ljung-Box p=6.25e-53, |ACF lag-1|=0.7393)."
0.2659999999999999,4.177533392525582e-16,3.6491373333333335,2.260049036806322e-09,8.18730959665146,0.01,214.6070864385215,2.1232685709401576e-44,238.6114945698149,1.3405671307263408e-45,304.6045933096973,9.264325089880614e-53,z=Phi^{-1}(u),0.7259261583931217,230.91324834723343,0.92,32300,32550,250,50,overlapping,RED,"['PIT_uniformity_fail', 'ACF_dependence_fail', 'coverage_warn']","Uniformity strongly rejected (min p=4.18e-16, KS=0.2660).; Independence strongly rejected (min Ljung-Box p=9.26e-53, |ACF lag-1|=0.7259).; Coverage mildly off-target by 0.020 (target=0.900)."
0.2059999999999999,8.81506635555718e-10,2.082433333333333,7.816457886944406e-06,7.326992011428615,0.01,237.66793477115075,2.4283356669125644e-49,272.48831201716723,9.995826930436505e-53,375.8622052043542,2.041626294356644e-67,z=Phi^{-1}(u),0.7617551691707158,250.47580556463976,0.92,32350,32600,250,50,overlapping,RED,"['PIT_uniformity_fail', 'ACF_dependence_fail', 'coverage_warn']","Uniformity strongly rejected (min p=8.82e-10, KS=0.2060).; Independence strongly rejected (min Ljung-Box p=2.04e-67, |ACF lag-1|=0.7618).; Coverage mildly off-target by 0.020 (target=0.900)."
0.194,1.0217160464819998e-08,1.842013333333333,2.756289486272045e-05,5.779222830857208,0.01,193.26267461447665,7.839856512162225e-40,210.27337830318865,1.1566478295430772e-39,271.2845090437626,5.658301086946782e-46,z=Phi^{-1}(u),0.725271048560707,215.99759275318465,0.94,32400,32650,250,50,overlapping,RED,"['PIT_uniformity_fail', 'ACF_dependence_fail', 'coverage_warn']","Uniformity strongly rejected (min p=1.02e-08, KS=0.1940).; Independence strongly rejected (min Ljung-Box p=5.66e-46, |ACF lag-1|=0.7253).; Coverage mildly off-target by 0.040 (target=0.900)."
0.2059999999999999,8.81506635555718e-10,2.2810333333333177,2.768189120483377e-06,3.388388515402226,0.01,182.7310044743253,1.3967351346795984e-37,183.18196114397875,5.115808810068037e-34,192.50151976547917,3.4027877392150706e-30,z=Phi^{-1}(u),0.7260795510051313,247.51392164928023,0.896,32450,32700,250,50,overlapping,RED,"['PIT_uniformity_fail', 'ACF_dependence_fail']","Uniformity strongly rejected (min p=8.82e-10, KS=0.2060).; Independence strongly rejected (min Ljung-Box p=1.4e-37, |ACF lag-1|=0.7261)."
0.1379999999999999,0.0001292813412389,0.9310493333333172,0.0035351615401219,2.6250849537377405,0.01,200.22660781087183,2.540602250368454e-41,200.44184052405043,1.3053737717360642e-37,206.69102355325865,5.3163964691144605e-33,z=Phi^{-1}(u),0.7377689357517434,271.9747928729316,0.888,32500,32750,250,50,overlapping,RED,"['PIT_uniformity_fail', 'ACF_dependence_fail']","Uniformity strongly rejected (min p=0.000129, KS=0.1380).; Independence strongly rejected (min Ljung-Box p=2.54e-41, |ACF lag-1|=0.7378)."
0.1539999999999999,1.2117561490147267e-05,1.5586453333333172,0.0001226418484522,1.8397483426640235,0.01,237.6232247419011,2.4825376558331894e-49,238.68671358403876,1.2927002589823271e-45,240.22598254407205,1.0608455043310936e-39,z=Phi^{-1}(u),0.7665819102280471,285.1330840269992,0.864,32550,32800,250,50,overlapping,RED,"['PIT_uniformity_fail', 'ACF_dependence_fail', 'coverage_warn']","Uniformity strongly rejected (min p=1.21e-05, KS=0.1540).; Independence strongly rejected (min Ljung-Box p=2.48e-49, |ACF lag-1|=0.7666).; Coverage mildly off-target by 0.036 (target=0.900)."
0.1619999999999999,3.360315096730206e-06,2.205141333333317,4.114855305159537e-06,1.8367386459137836,0.01,202.8546202567073,6.961163304537118e-42,204.978863697854,1.4757896604678934e-38,209.55927384865888,1.4325113378864726e-33,z=Phi^{-1}(u),0.7310600497387661,262.1536330091275,0.876,32600,32850,250,50,overlapping,RED,"['PIT_uniformity_fail', 'ACF_dependence_fail', 'coverage_warn']","Uniformity strongly rejected (min p=3.36e-06, KS=0.1620).; Independence strongly rejected (min Ljung-Box p=6.96e-42, |ACF lag-1|=0.7311).; Coverage mildly off-target by 0.024 (target=0.900)."
0.1459999999999999,4.0904301617483e-05,2.0447493333332973,9.520710640975594e-06,3.0622896367475505,0.01,183.8742372418618,7.959450666125411e-38,185.79729399331376,1.463376286456642e-34,190.64024428795489,7.91509981215521e-30,z=Phi^{-1}(u),0.7063204422263747,286.96593313612726,0.852,32650,32900,250,50,overlapping,RED,"['PIT_uniformity_fail', 'ACF_dependence_fail', 'coverage_warn']","Uniformity strongly rejected (min p=9.52e-06, KS=0.1460).; Independence strongly rejected (min Ljung-Box p=7.96e-38, |ACF lag-1|=0.7063).; Coverage mildly off-target by 0.048 (target=0.900)."
0.088,0.0391297550232406,0.5175973333333294,0.0358641106715347,1.156514175276811,0.01,151.1071332758763,7.7596571995975495e-31,152.14102726094794,1.3513991100712297e-27,155.84545822565607,4.745788227561685e-23,z=Phi^{-1}(u),0.6449042259763278,236.81248205847535,0.904,32700,32950,250,50,overlapping,RED,"['PIT_uniformity_warn', 'ACF_dependence_fail']","Uniformity weakly rejected (min p=0.0359).; Independence strongly rejected (min Ljung-Box p=7.76e-31, |ACF lag-1|=0.6449)."
0.072,0.1425669535852258,0.2980493333333253,0.1368673742432321,3.5898193211071714,0.01,236.4860564747804,4.35241231301449e-49,262.05554573438127,1.5774739614361933e-50,306.5614959811592,3.687539134477167e-53,z=Phi^{-1}(u),0.6920473054554198,276.9625334424625,0.888,32750,33000,250,50,overlapping,RED,['ACF_dependence_fail'],"Independence strongly rejected (min Ljung-Box p=3.69e-53, |ACF lag-1|=0.6920)."
0.182,1.0177424069145845e-07,1.7732733333333253,3.95568420183956e-05,5.964623279574255,0.01,160.23714454696366,8.810794275421977e-33,168.62619816573186,5.339510961944888e-31,182.37661097406755,3.324124044226129e-28,z=Phi^{-1}(u),0.6284708884412209,244.26107176280016,0.92,32800,33050,250,50,overlapping,RED,"['PIT_uniformity_fail', 'ACF_dependence_fail', 'coverage_warn']","Uniformity strongly rejected (min p=1.02e-07, KS=0.1820).; Independence strongly rejected (min Ljung-Box p=8.81e-33, |ACF lag-1|=0.6285).; Coverage mildly off-target by 0.020 (target=0.900)."
0.252,1.7707005604051638e-14,3.750561333333325,1.374566793721499e-09,9.188686078067915,0.01,156.26317950308035,6.191505249436321e-32,159.98333817452382,3.265978761496439e-29,170.25027887713946,7.749146091572212e-26,z=Phi^{-1}(u),0.6569624753989416,271.153028370918,0.908,32850,33100,250,50,overlapping,RED,"['PIT_uniformity_fail', 'ACF_dependence_fail']","Uniformity strongly rejected (min p=1.77e-14, KS=0.2520).; Independence strongly rejected (min Ljung-Box p=6.19e-32, |ACF lag-1|=0.6570)."
0.3,1.887615334761536e-20,5.10976533333333,7.227507481388784e-11,12.056528402030947,0.01,144.5731025996372,1.906689915384753e-29,147.56754589177422,1.1792527720950796e-26,153.68877896741034,1.2329029243134766e-22,z=Phi^{-1}(u),0.6525593717970329,240.02094853403648,0.928,32900,33150,250,50,overlapping,RED,"['PIT_uniformity_fail', 'ACF_dependence_fail', 'coverage_warn']","Uniformity strongly rejected (min p=1.89e-20, KS=0.3000).; Independence strongly rejected (min Ljung-Box p=1.91e-29, |ACF lag-1|=0.6526).; Coverage mildly off-target by 0.028 (target=0.900)."
0.3339999999999999,2.293936183994448e-25,6.534353333333329,4.8380410788695365e-11,13.479782420374306,0.01,143.14567833790787,3.8358944433602885e-29,144.46185689519868,5.123513354943155e-26,150.08795134713822,6.0466044083342775e-22,z=Phi^{-1}(u),0.656127270734718,243.7140120533884,0.928,32950,33200,250,50,overlapping,RED,"['PIT_uniformity_fail', 'ACF_dependence_fail', 'coverage_warn']","Uniformity strongly rejected (min p=2.29e-25, KS=0.3340).; Independence strongly rejected (min Ljung-Box p=3.84e-29, |ACF lag-1|=0.6561).; Coverage mildly off-target by 0.028 (target=0.900)."
0.278,1.4172217060925893e-17,4.478921333333334,3.2956082307578065e-11,14.278136130942755,0.01,130.7012546323793,1.689473283753879e-26,139.9264694615523,4.363174685761927e-25,158.04672941024634,1.787993412052743e-23,z=Phi^{-1}(u),0.6160956855458912,177.33833586423435,0.948,33000,33250,250,50,overlapping,RED,"['PIT_uniformity_fail', 'ACF_dependence_fail', 'coverage_warn']","Uniformity strongly rejected (min p=1.42e-17, KS=0.2780).; Independence strongly rejected (min Ljung-Box p=1.69e-26, |ACF lag-1|=0.6161).; Coverage mildly off-target by 0.048 (target=0.900)."
0.242,2.2568131237880093e-13,3.714121333333333,1.6370961253286962e-09,10.495371934816376,0.01,122.63480397344946,8.679809592036708e-25,130.7197615481284,3.3310334290756453e-23,144.08390908697663,8.474032147641726e-21,z=Phi^{-1}(u),0.6213711861801727,165.84593695258351,0.956,33050,33300,250,50,overlapping,RED,"['PIT_uniformity_fail', 'ACF_dependence_fail', 'overcoverage']","Uniformity strongly rejected (min p=2.26e-13, KS=0.2420).; Independence strongly rejected (min Ljung-Box p=8.68e-25, |ACF lag-1|=0.6214).; Coverage off-target by 0.056 (target=0.900)."
0.2059999999999999,8.81506635555718e-10,3.2435013333333336,1.8401140722268398e-08,10.75942586277165,0.01,99.28284609026062,7.48496277147989e-20,104.557563936514,6.645991556257499e-18,115.32689686872688,2.077540996982946e-15,z=Phi^{-1}(u),0.5975427336252049,129.1834930314303,0.964,33100,33350,250,50,overlapping,RED,"['PIT_uniformity_fail', 'ACF_dependence_fail', 'overcoverage']","Uniformity strongly rejected (min p=8.82e-10, KS=0.2060).; Independence strongly rejected (min Ljung-Box p=7.48e-20, |ACF lag-1|=0.5975).; Coverage off-target by 0.064 (target=0.900)."
0.2039999999999999,1.3401831036384734e-09,2.9989373333333336,6.57114439528428e-08,10.820970929092198,0.01,116.27261072651436,1.931589236817475e-23,129.459165337112,6.022084305439185e-23,146.3038481384285,3.198092583557569e-21,z=Phi^{-1}(u),0.6270150356172767,137.0217291081976,0.948,33150,33400,250,50,overlapping,RED,"['PIT_uniformity_fail', 'ACF_dependence_fail', 'coverage_warn']","Uniformity strongly rejected (min p=1.34e-09, KS=0.2040).; Independence strongly rejected (min Ljung-Box p=1.93e-23, |ACF lag-1|=0.6270).; Coverage mildly off-target by 0.048 (target=0.900)."
0.2039999999999999,1.3401831036384734e-09,2.845893333333333,1.4575360018920236e-07,8.159207422813381,0.01,151.37905370435303,6.791279595263209e-31,158.46495738292876,6.720053556968223e-29,182.24033375914547,3.5349423418445063e-28,z=Phi^{-1}(u),0.6891520059917906,145.32240718041086,0.932,33200,33450,250,50,overlapping,RED,"['PIT_uniformity_fail', 'ACF_dependence_fail', 'coverage_warn']","Uniformity strongly rejected (min p=1.34e-09, KS=0.2040).; Independence strongly rejected (min Ljung-Box p=6.79e-31, |ACF lag-1|=0.6892).; Coverage mildly off-target by 0.032 (target=0.900)."
0.1919999999999999,1.5145111443713852e-08,2.676673333333334,3.517984510370553e-07,4.520628079455548,0.01,145.3341186311104,1.313411457271326e-29,157.07487139049854,1.3005254483433752e-28,180.9352265695083,6.368320532258608e-28,z=Phi^{-1}(u),0.6767122665990457,132.13255675262275,0.952,33250,33500,250,50,overlapping,RED,"['PIT_uniformity_fail', 'ACF_dependence_fail', 'overcoverage']","Uniformity strongly rejected (min p=1.51e-08, KS=0.1920).; Independence strongly rejected (min Ljung-Box p=1.31e-29, |ACF lag-1|=0.6767).; Coverage off-target by 0.052 (target=0.900)."
0.1659999999999999,1.7261388018052491e-06,2.552277333333334,6.726306196469523e-07,1.5547331521421484,0.01,197.7990524670015,8.398596218966426e-41,221.20632783411423,5.97534105740818e-42,262.5658552889369,3.3055655655966895e-44,z=Phi^{-1}(u),0.7445116462193535,173.17907450287427,0.92,33300,33550,250,50,overlapping,RED,"['PIT_uniformity_fail', 'ACF_dependence_fail', 'coverage_warn']","Uniformity strongly rejected (min p=6.73e-07, KS=0.1660).; Independence strongly rejected (min Ljung-Box p=3.31e-44, |ACF lag-1|=0.7445).; Coverage mildly off-target by 0.020 (target=0.900)."
0.144,5.487659392626315e-05,1.8813373333333332,2.2421244244341665e-05,0.5353623422554392,0.15,237.4602244356305,2.690590733235961e-49,275.84147413935045,1.962358407839693e-53,334.9633071582596,5.53884031260672e-59,z=Phi^{-1}(u),0.7698632542241745,194.37327975971223,0.908,33350,33600,250,50,overlapping,RED,"['PIT_uniformity_fail', 'ACF_dependence_fail']","Uniformity strongly rejected (min p=2.24e-05, KS=0.1440).; Independence strongly rejected (min Ljung-Box p=5.54e-59, |ACF lag-1|=0.7699)."
0.168,1.2294793527600963e-06,2.481117333333297,9.746519114006702e-07,5.31642865216611,0.01,296.5094796322179,5.6369979151565734e-62,368.9808754861193,3.715113294192044e-73,484.30401573329857,5.599206545405294e-90,z=Phi^{-1}(u),0.8230863608075197,291.8723417616567,0.884,33400,33650,250,50,overlapping,RED,"['PIT_uniformity_fail', 'ACF_dependence_fail']","Uniformity strongly rejected (min p=9.75e-07, KS=0.1680).; Independence strongly rejected (min Ljung-Box p=5.6e-90, |ACF lag-1|=0.8231)."
0.1839999999999999,7.011396336604636e-08,2.9484253333332977,8.547195040620181e-08,6.434902991508636,0.01,300.65630375318835,7.237084676225311e-63,389.7656479037682,1.4167965637945903e-77,538.0186426820167,3.11601931550531e-101,z=Phi^{-1}(u),0.8314546528195291,341.9139110546382,0.868,33450,33700,250,50,overlapping,RED,"['PIT_uniformity_fail', 'ACF_dependence_fail', 'coverage_warn']","Uniformity strongly rejected (min p=7.01e-08, KS=0.1840).; Independence strongly rejected (min Ljung-Box p=3.12e-101, |ACF lag-1|=0.8315).; Coverage mildly off-target by 0.032 (target=0.900)."
0.1659999999999999,1.7261388018052646e-06,2.7141973333332974,2.8934770668342935e-07,6.4775342110320935,0.01,331.444283942288,1.72642526254506e-69,424.01136658658646,7.252920649237208e-85,590.5896269972806,2.7607450154444995e-112,z=Phi^{-1}(u),0.848681987222083,368.48402734851607,0.856,33500,33750,250,50,overlapping,RED,"['PIT_uniformity_fail', 'ACF_dependence_fail', 'coverage_warn']","Uniformity strongly rejected (min p=2.89e-07, KS=0.1660).; Independence strongly rejected (min Ljung-Box p=2.76e-112, |ACF lag-1|=0.8487).; Coverage mildly off-target by 0.044 (target=0.900)."
0.142,7.331959943971247e-05,1.4218973333332974,0.0002530765617637,6.588518183201813,0.01,335.80642296042515,1.987870637740868e-70,399.9240780611551,9.770115077465312e-80,519.2671268556171,2.6749794775850624e-97,z=Phi^{-1}(u),0.8469067993823232,317.98956584195764,0.888,33550,33800,250,50,overlapping,RED,"['PIT_uniformity_fail', 'ACF_dependence_fail']","Uniformity strongly rejected (min p=7.33e-05, KS=0.1420).; Independence strongly rejected (min Ljung-Box p=2.67e-97, |ACF lag-1|=0.8469)."
0.118,0.001723677123827,1.0221413333332972,0.0021543387128579,5.437533127238396,0.01,356.53590248461967,6.852283403470623e-75,383.6836012553516,2.785021876786037e-76,401.8383451403192,8.494532680927525e-73,z=Phi^{-1}(u),0.8494117510685928,303.2735615011062,0.888,33600,33850,250,50,overlapping,RED,"['PIT_uniformity_fail', 'ACF_dependence_fail']","Uniformity strongly rejected (min p=0.00172, KS=0.1180).; Independence strongly rejected (min Ljung-Box p=2.79e-76, |ACF lag-1|=0.8494)."
0.1119999999999999,0.0034624885629555,1.0322213333333334,0.0020398756913162,0.6185830076378238,0.1074407088301258,318.27912379398305,1.1740443624952265e-66,327.3137667287597,2.5758693721206912e-64,340.22092569304067,4.5945134984599773e-60,z=Phi^{-1}(u),0.820537978872831,202.1910695071336,0.924,33650,33900,250,50,overlapping,RED,"['PIT_uniformity_fail', 'ACF_dependence_fail', 'coverage_warn']","Uniformity strongly rejected (min p=0.00204, KS=0.1120).; Independence strongly rejected (min Ljung-Box p=1.17e-66, |ACF lag-1|=0.8205).; Coverage mildly off-target by 0.024 (target=0.900)."
0.07,0.1645397722936822,0.2396973333333333,0.2021616782317929,0.4504207328095333,0.15,255.4538377600486,3.7134844082750806e-53,266.5824547729548,1.7558228796097984e-51,269.96350671401257,1.0485936135566048e-45,z=Phi^{-1}(u),0.7710060320197448,146.0641912857439,0.94,33700,33950,250,50,overlapping,RED,"['ACF_dependence_fail', 'coverage_warn']","Independence strongly rejected (min Ljung-Box p=3.71e-53, |ACF lag-1|=0.7710).; Coverage mildly off-target by 0.040 (target=0.900)."
0.088,0.0391297550232406,0.3350333333333333,0.1079761274191875,0.8227631068381527,0.0348410194087181,175.62107292363902,4.6073337579114e-36,180.29032208014328,2.0393671054240848e-33,197.7694638263912,3.106546818087372e-31,z=Phi^{-1}(u),0.6764232742337548,110.93590279191054,0.94,33750,34000,250,50,overlapping,RED,"['PIT_uniformity_warn', 'ACF_dependence_fail', 'coverage_warn']","Uniformity weakly rejected (min p=0.0391).; Independence strongly rejected (min Ljung-Box p=4.61e-36, |ACF lag-1|=0.6764).; Coverage mildly off-target by 0.040 (target=0.900)."
0.1459999999999999,4.0904301617483e-05,1.6309613333331372,8.370921400291387e-05,10.55782056920998,0.01,243.1320791929168,1.6348189321581486e-50,253.5304023636626,9.821390959006042e-49,276.4323940827895,5.102082363950433e-47,z=Phi^{-1}(u),0.7614480137497787,184.8354765298735,0.892,33800,34050,250,50,overlapping,RED,"['PIT_uniformity_fail', 'ACF_dependence_fail']","Uniformity strongly rejected (min p=4.09e-05, KS=0.1460).; Independence strongly rejected (min Ljung-Box p=1.63e-50, |ACF lag-1|=0.7614)."
0.186,4.8100899143052806e-08,2.793521333333137,1.914407574687971e-07,10.097678426973856,0.01,204.61054135487925,2.930543735770567e-42,215.81423832551803,8.03100294860673e-41,227.72770688641043,3.409404360121528e-37,z=Phi^{-1}(u),0.7331747267168574,181.4809431926041,0.896,33850,34100,250,50,overlapping,RED,"['PIT_uniformity_fail', 'ACF_dependence_fail']","Uniformity strongly rejected (min p=4.81e-08, KS=0.1860).; Independence strongly rejected (min Ljung-Box p=2.93e-42, |ACF lag-1|=0.7332)."
0.2779999999999999,1.4172217060926108e-17,6.726977333333138,8.787770511275994e-11,11.280258583068983,0.01,160.67663748569208,7.101377319342377e-33,165.4740759938915,2.3966109523099672e-30,175.4152296519039,7.639178725130892e-27,z=Phi^{-1}(u),0.690553257883879,167.12265166285462,0.892,33900,34150,250,50,overlapping,RED,"['PIT_uniformity_fail', 'ACF_dependence_fail']","Uniformity strongly rejected (min p=1.42e-17, KS=0.2780).; Independence strongly rejected (min Ljung-Box p=7.1e-33, |ACF lag-1|=0.6906)."
0.322,1.4509908808024445e-23,8.539209333333138,9.557232782952951e-11,13.376431573106458,0.01,161.00052913267618,6.05767619421529e-33,164.88088178937545,3.1786793123582174e-30,172.75690935421588,2.5197106079945107e-26,z=Phi^{-1}(u),0.6860995948260662,159.36653805241303,0.908,33950,34200,250,50,overlapping,RED,"['PIT_uniformity_fail', 'ACF_dependence_fail']","Uniformity strongly rejected (min p=1.45e-23, KS=0.3220).; Independence strongly rejected (min Ljung-Box p=6.06e-33, |ACF lag-1|=0.6861)."
0.3379999999999999,5.54564969985033e-26,9.498805333333138,7.264251422611777e-10,13.132451643634113,0.01,165.71557795936016,5.984411426568921e-34,169.07940263114057,4.3022484774106515e-31,175.1962737570655,8.42889883723589e-27,z=Phi^{-1}(u),0.6971234639749148,170.41886373806025,0.9,34000,34250,250,50,overlapping,RED,"['PIT_uniformity_fail', 'ACF_dependence_fail']","Uniformity strongly rejected (min p=5.55e-26, KS=0.3380).; Independence strongly rejected (min Ljung-Box p=5.98e-34, |ACF lag-1|=0.6971)."
0.286,1.3586822268128128e-18,6.045053333333334,8.963052522403814e-12,3.152369084965926,0.01,102.3396439952254,1.697387355032913e-20,112.54509902461872,1.6350445517301537e-19,149.72416954710394,7.098386444229885e-22,z=Phi^{-1}(u),0.5516367452390452,125.98862842232091,0.932,34050,34300,250,50,overlapping,RED,"['PIT_uniformity_fail', 'ACF_dependence_fail', 'coverage_warn']","Uniformity strongly rejected (min p=1.36e-18, KS=0.2860).; Independence strongly rejected (min Ljung-Box p=7.1e-22, |ACF lag-1|=0.5516).; Coverage mildly off-target by 0.032 (target=0.900)."
0.2699999999999999,1.3765500707656882e-16,4.450253333333334,3.711941864992241e-11,4.808155934307763,0.01,144.2254217958189,2.260638101412832e-29,152.22104801529343,1.3010934190740503e-27,162.1682338686843,2.86181464930128e-24,z=Phi^{-1}(u),0.6621916567567346,132.87656722232018,0.928,34100,34350,250,50,overlapping,RED,"['PIT_uniformity_fail', 'ACF_dependence_fail', 'coverage_warn']","Uniformity strongly rejected (min p=1.38e-16, KS=0.2700).; Independence strongly rejected (min Ljung-Box p=2.26e-29, |ACF lag-1|=0.6622).; Coverage mildly off-target by 0.028 (target=0.900)."
0.21,3.7655312092022876e-10,2.4378373333333334,1.2213890367984703e-06,5.68669848300317,0.01,166.22897527448254,4.650820598537853e-34,181.4465094509565,1.1733075020712721e-33,198.5899967804795,2.138499829035474e-31,z=Phi^{-1}(u),0.6854651451264061,140.6432842323098,0.928,34150,34400,250,50,overlapping,RED,"['PIT_uniformity_fail', 'ACF_dependence_fail', 'coverage_warn']","Uniformity strongly rejected (min p=3.77e-10, KS=0.2100).; Independence strongly rejected (min Ljung-Box p=4.65e-34, |ACF lag-1|=0.6855).; Coverage mildly off-target by 0.028 (target=0.900)."
0.182,1.0177424069145733e-07,1.7033453333333337,5.715530014849257e-05,4.228953659018231,0.01,150.28809265640058,1.1593138594532756e-30,167.13109151603211,1.0886222869755162e-30,189.56815767137024,1.2866609340036422e-29,z=Phi^{-1}(u),0.6716446194288278,152.1126454296134,0.904,34200,34450,250,50,overlapping,RED,"['PIT_uniformity_fail', 'ACF_dependence_fail']","Uniformity strongly rejected (min p=1.02e-07, KS=0.1820).; Independence strongly rejected (min Ljung-Box p=1.09e-30, |ACF lag-1|=0.6716)."
0.132,0.000293531424011,0.8225973333333333,0.0064088123215237,3.112533985708694,0.01,164.42413975734527,1.1282839780455669e-33,186.85353256937452,8.825442424185662e-35,219.3782499620511,1.5890264153161182e-35,z=Phi^{-1}(u),0.6823353371706923,151.7169434782343,0.904,34250,34500,250,50,overlapping,RED,"['PIT_uniformity_fail', 'ACF_dependence_fail']","Uniformity strongly rejected (min p=0.000294, KS=0.1320).; Independence strongly rejected (min Ljung-Box p=1.59e-35, |ACF lag-1|=0.6823)."
0.0779999999999999,0.0904978738065942,0.2971133333333333,0.1377034725242564,1.9383885482716323,0.01,188.211206163634,9.422079503013495e-39,205.38125817089625,1.2162383099675686e-38,232.46332206069192,3.83756933112345e-38,z=Phi^{-1}(u),0.6970047689574896,149.8650307454796,0.896,34300,34550,250,50,overlapping,RED,['ACF_dependence_fail'],"Independence strongly rejected (min Ljung-Box p=9.42e-39, |ACF lag-1|=0.6970)."
0.094,0.0225406568153297,0.5755973333333173,0.0256453743734615,3.1563017932780326,0.01,209.64905240146769,2.4464959408764915e-43,213.32043162836075,2.6686655199030047e-40,225.13787176183067,1.1240057533417736e-36,z=Phi^{-1}(u),0.7133188569027391,203.057502236246,0.86,34350,34600,250,50,overlapping,RED,"['PIT_uniformity_warn', 'ACF_dependence_fail', 'coverage_warn']","Uniformity weakly rejected (min p=0.0225).; Independence strongly rejected (min Ljung-Box p=2.45e-43, |ACF lag-1|=0.7133).; Coverage mildly off-target by 0.040 (target=0.900)."
0.1039999999999999,0.008290637497102,0.9704253333332972,0.0028525920881943,4.865507792422221,0.01,213.6454186422841,3.411378644878393e-44,220.65457937832144,7.796055586313673e-42,238.90534318832775,1.9546504722569985e-39,z=Phi^{-1}(u),0.708810754948906,238.82140337921663,0.848,34400,34650,250,50,overlapping,RED,"['PIT_uniformity_fail', 'ACF_dependence_fail', 'undercoverage']","Uniformity strongly rejected (min p=0.00285, KS=0.1040).; Independence strongly rejected (min Ljung-Box p=3.41e-44, |ACF lag-1|=0.7088).; Coverage off-target by 0.052 (target=0.900)."
0.15,2.2447668867543865e-05,1.8546373333331372,2.5794859295213968e-05,10.509496445483023,0.01,257.8168943434025,1.1550538604992355e-53,295.46594101239305,1.4122862165095253e-57,357.38944448532146,1.3348117275104754e-63,z=Phi^{-1}(u),0.771723214310925,347.82580500296064,0.824,34450,34700,250,50,overlapping,RED,"['PIT_uniformity_fail', 'ACF_dependence_fail', 'undercoverage']","Uniformity strongly rejected (min p=2.24e-05, KS=0.1500).; Independence strongly rejected (min Ljung-Box p=1.33e-63, |ACF lag-1|=0.7717).; Coverage off-target by 0.076 (target=0.900)."
0.162,3.360315096730175e-06,2.671417333333137,3.6156232585682346e-07,11.69614160137246,0.01,256.0997730880724,2.6986767068518543e-53,323.14802086521576,1.9651308705309816e-63,429.35591699781423,1.6269700410202384e-78,z=Phi^{-1}(u),0.7721029106861568,358.74399659313224,0.844,34500,34750,250,50,overlapping,RED,"['PIT_uniformity_fail', 'ACF_dependence_fail', 'undercoverage']","Uniformity strongly rejected (min p=3.62e-07, KS=0.1620).; Independence strongly rejected (min Ljung-Box p=1.63e-78, |ACF lag-1|=0.7721).; Coverage off-target by 0.056 (target=0.900)."
0.144,5.487659392626315e-05,1.808149333333137,3.293003238769021e-05,12.879517579076603,0.01,247.09019957828448,2.3142439367618195e-51,292.5362672476869,5.87356536664214e-57,368.1056720464717,8.189094078889688e-66,z=Phi^{-1}(u),0.7634679020835635,343.2539990224999,0.852,34550,34800,250,50,overlapping,RED,"['PIT_uniformity_fail', 'ACF_dependence_fail', 'coverage_warn']","Uniformity strongly rejected (min p=3.29e-05, KS=0.1440).; Independence strongly rejected (min Ljung-Box p=8.19e-66, |ACF lag-1|=0.7635).; Coverage mildly off-target by 0.048 (target=0.900)."
0.124,0.0008271899609853,1.3700693333331897,0.0003333274262595,12.13021159808983,0.01,253.1679228659299,1.1490844715870232e-52,301.1002699587849,9.099879517697285e-59,376.788612589485,1.3133435911783871e-67,z=Phi^{-1}(u),0.7524068964266573,350.1830890293021,0.884,34600,34850,250,50,overlapping,RED,"['PIT_uniformity_fail', 'ACF_dependence_fail']","Uniformity strongly rejected (min p=0.000333, KS=0.1240).; Independence strongly rejected (min Ljung-Box p=1.31e-67, |ACF lag-1|=0.7524)."
0.098,0.0152929430424031,0.7996693333332333,0.0072740730823969,10.17937362545024,0.01,246.03400775933235,3.8993323102198523e-51,267.7434978410776,9.996673997922297e-52,304.2296344722731,1.1052328941962105e-52,z=Phi^{-1}(u),0.7540964875743481,325.0719651057641,0.892,34650,34900,250,50,overlapping,RED,"['PIT_uniformity_fail', 'ACF_dependence_fail']","Uniformity strongly rejected (min p=0.00727, KS=0.0980).; Independence strongly rejected (min Ljung-Box p=1.11e-52, |ACF lag-1|=0.7541)."
0.124,0.0008271899609853,0.7557453333333294,0.0092804882622034,2.4502435952681765,0.01,141.38106584601908,9.100802398927363e-29,144.19181398904465,5.821070583732429e-26,149.00047536040796,9.76446336395833e-22,z=Phi^{-1}(u),0.6462137194110951,227.1808004666401,0.908,34700,34950,250,50,overlapping,RED,"['PIT_uniformity_fail', 'ACF_dependence_fail']","Uniformity strongly rejected (min p=0.000827, KS=0.1240).; Independence strongly rejected (min Ljung-Box p=9.1e-29, |ACF lag-1|=0.6462)."
0.1279999999999999,0.0004967972491749,1.4391853333332651,0.0002308876096621,5.573188477393813,0.01,219.0274083889605,2.4005119618924084e-45,221.6028701675135,4.935570455467206e-42,223.3012068907332,2.617472035126549e-36,z=Phi^{-1}(u),0.7245025266263693,310.82890940806374,0.86,34750,35000,250,50,overlapping,RED,"['PIT_uniformity_fail', 'ACF_dependence_fail', 'coverage_warn']","Uniformity strongly rejected (min p=0.000231, KS=0.1280).; Independence strongly rejected (min Ljung-Box p=2.4e-45, |ACF lag-1|=0.7245).; Coverage mildly off-target by 0.040 (target=0.900)."
0.176,3.035628155315092e-07,3.083929333333229,4.2220581697449695e-08,5.344133470113718,0.01,218.95938087371763,2.4824204434751952e-45,222.18959013116972,3.719494339817033e-42,224.3211820335088,1.636969671744165e-36,z=Phi^{-1}(u),0.7189161249675728,421.6218315562634,0.836,34800,35050,250,50,overlapping,RED,"['PIT_uniformity_fail', 'ACF_dependence_fail', 'undercoverage']","Uniformity strongly rejected (min p=4.22e-08, KS=0.1760).; Independence strongly rejected (min Ljung-Box p=2.48e-45, |ACF lag-1|=0.7189).; Coverage off-target by 0.064 (target=0.900)."
0.2099999999999999,3.765531209202375e-10,5.446729333333233,2.546113320178733e-10,4.459204229416059,0.01,169.3073176846416,1.0253871823424015e-34,171.07730016571122,1.6596585171739738e-31,198.18187230136184,2.5750069642254817e-31,z=Phi^{-1}(u),0.6813654434967324,436.5979814884989,0.82,34850,35100,250,50,overlapping,RED,"['PIT_uniformity_fail', 'ACF_dependence_fail', 'undercoverage']","Uniformity strongly rejected (min p=2.55e-10, KS=0.2100).; Independence strongly rejected (min Ljung-Box p=1.03e-34, |ACF lag-1|=0.6814).; Coverage off-target by 0.080 (target=0.900)."
0.1959999999999999,6.863732252208013e-09,4.031337333333197,5.764796418006313e-10,7.199832226184185,0.01,248.0765263956091,1.421691401240519e-51,250.31073028649865,4.669739331423581e-48,251.71549996385968,5.149579310646395e-42,z=Phi^{-1}(u),0.746915933412025,506.8460399775543,0.812,34900,35150,250,50,overlapping,RED,"['PIT_uniformity_fail', 'ACF_dependence_fail', 'undercoverage']","Uniformity strongly rejected (min p=5.76e-10, KS=0.1960).; Independence strongly rejected (min Ljung-Box p=1.42e-51, |ACF lag-1|=0.7469).; Coverage off-target by 0.088 (target=0.900)."
0.2099999999999999,3.765531209202375e-10,4.971289333333198,4.232614259080947e-11,7.166888173056407,0.01,277.2233125502977,7.860989337824848e-58,278.9912545033558,4.250030795552488e-54,280.98932879935995,6.048493942290071e-48,z=Phi^{-1}(u),0.7562538638881078,592.129623514704,0.808,34950,35200,250,50,overlapping,RED,"['PIT_uniformity_fail', 'ACF_dependence_fail', 'undercoverage']","Uniformity strongly rejected (min p=4.23e-11, KS=0.2100).; Independence strongly rejected (min Ljung-Box p=7.86e-58, |ACF lag-1|=0.7563).; Coverage off-target by 0.092 (target=0.900)."
0.186,4.810089914305226e-08,3.470173333333293,5.66362035048229e-09,4.019179436003981,0.01,228.6943627116197,2.0372137629512562e-47,230.3076083657374,7.403824517726535e-44,236.81798919021983,5.1326041607289103e-39,z=Phi^{-1}(u),0.7123031281403445,518.8136999891004,0.856,35000,35250,250,50,overlapping,RED,"['PIT_uniformity_fail', 'ACF_dependence_fail', 'coverage_warn']","Uniformity strongly rejected (min p=5.66e-09, KS=0.1860).; Independence strongly rejected (min Ljung-Box p=2.04e-47, |ACF lag-1|=0.7123).; Coverage mildly off-target by 0.044 (target=0.900)."
0.1059999999999999,0.006705519078627,0.7875293333332972,0.0077796403720483,3.1735516541571087,0.01,260.86402283113154,2.561663702479061e-54,262.1544946916346,1.5035796512290132e-50,272.81765453182635,2.7645500757309617e-46,z=Phi^{-1}(u),0.7468074781882093,449.8482494030917,0.876,35050,35300,250,50,overlapping,RED,"['PIT_uniformity_fail', 'ACF_dependence_fail', 'coverage_warn']","Uniformity strongly rejected (min p=0.00671, KS=0.1060).; Independence strongly rejected (min Ljung-Box p=2.56e-54, |ACF lag-1|=0.7468).; Coverage mildly off-target by 0.024 (target=0.900)."
0.096,0.0186040510745635,0.6356813333332972,0.0182048220159865,3.327890384624908,0.01,259.4899362482957,5.052276001112265e-54,262.0933121631227,1.5488512887291248e-50,269.10070450195684,1.5687297352557758e-45,z=Phi^{-1}(u),0.7560607579133992,371.936630457893,0.916,35100,35350,250,50,overlapping,RED,"['PIT_uniformity_warn', 'ACF_dependence_fail']","Uniformity weakly rejected (min p=0.0182).; Independence strongly rejected (min Ljung-Box p=5.05e-54, |ACF lag-1|=0.7561)."
0.12,0.0013550102442608,0.7206653333333334,0.0112851107010701,1.1431736359306797,0.01,254.26529005879968,6.681241580835106e-53,258.9924297023623,6.963754412559039e-50,280.2660606769211,8.486030077546013e-48,z=Phi^{-1}(u),0.7366913831377797,335.78030962296435,0.924,35150,35400,250,50,overlapping,RED,"['PIT_uniformity_fail', 'ACF_dependence_fail', 'coverage_warn']","Uniformity strongly rejected (min p=0.00136, KS=0.1200).; Independence strongly rejected (min Ljung-Box p=6.68e-53, |ACF lag-1|=0.7367).; Coverage mildly off-target by 0.024 (target=0.900)."
0.12,0.0013550102442608,0.5134733333333333,0.0367369833428714,2.461186059585799,0.01,275.01282525621144,2.3458533569966965e-57,280.1210004064485,2.454936420106291e-54,310.1684639747479,6.743779553070127e-54,z=Phi^{-1}(u),0.7705252215822566,301.96166920113444,0.924,35200,35450,250,50,overlapping,RED,"['PIT_uniformity_fail', 'ACF_dependence_fail', 'coverage_warn']","Uniformity strongly rejected (min p=0.00136, KS=0.1200).; Independence strongly rejected (min Ljung-Box p=2.35e-57, |ACF lag-1|=0.7705).; Coverage mildly off-target by 0.024 (target=0.900)."
0.132,0.000293531424011,0.8770653333333334,0.0047497530305721,2.9787788094223515,0.01,290.4716548413312,1.1190091954916431e-60,294.2121946734864,2.599166119296522e-57,312.2611143762685,2.5153345982118447e-54,z=Phi^{-1}(u),0.778376642020257,337.467060884158,0.904,35250,35500,250,50,overlapping,RED,"['PIT_uniformity_fail', 'ACF_dependence_fail']","Uniformity strongly rejected (min p=0.000294, KS=0.1320).; Independence strongly rejected (min Ljung-Box p=1.12e-60, |ACF lag-1|=0.7784)."
0.168,1.2294793527600963e-06,1.5945573333333334,0.0001014448491866,4.818529130893381,0.01,268.2723008045385,6.575670874192436e-56,272.19979788633293,1.1498525863059118e-52,296.99448575593414,3.3198943627058654e-51,z=Phi^{-1}(u),0.7732181017128796,325.7151864527752,0.904,35300,35550,250,50,overlapping,RED,"['PIT_uniformity_fail', 'ACF_dependence_fail']","Uniformity strongly rejected (min p=1.23e-06, KS=0.1680).; Independence strongly rejected (min Ljung-Box p=6.58e-56, |ACF lag-1|=0.7732)."
0.16,4.659433156552614e-06,1.3554173333333337,0.000360354639495,4.306939527391137,0.01,309.0319271253475,1.1444653327954856e-64,311.08341238884844,7.039009284828154e-61,328.3540456801193,1.2624032793000361e-57,z=Phi^{-1}(u),0.8041699777038741,361.1345206765626,0.896,35350,35600,250,50,overlapping,RED,"['PIT_uniformity_fail', 'ACF_dependence_fail']","Uniformity strongly rejected (min p=4.66e-06, KS=0.1600).; Independence strongly rejected (min Ljung-Box p=1.14e-64, |ACF lag-1|=0.8042)."
0.144,5.487659392626315e-05,1.2992093333333334,0.0004861892209392,2.736836210718991,0.01,241.9122958196763,2.986019767613986e-50,243.42889045045695,1.3050720346522755e-46,275.13419658630806,9.362431360374096e-47,z=Phi^{-1}(u),0.7671928784998351,318.5596751495552,0.916,35400,35650,250,50,overlapping,RED,"['PIT_uniformity_fail', 'ACF_dependence_fail']","Uniformity strongly rejected (min p=5.49e-05, KS=0.1440).; Independence strongly rejected (min Ljung-Box p=2.99e-50, |ACF lag-1|=0.7672)."
0.132,0.000293531424011,0.8546973333333334,0.0053704567017884,2.856876348428443,0.01,219.74975309731812,1.6810249054504944e-45,222.24887267835052,3.614681621687864e-42,254.33960063632625,1.5210831445915006e-42,z=Phi^{-1}(u),0.756306341877196,327.7102873108161,0.928,35450,35700,250,50,overlapping,RED,"['PIT_uniformity_fail', 'ACF_dependence_fail', 'coverage_warn']","Uniformity strongly rejected (min p=0.000294, KS=0.1320).; Independence strongly rejected (min Ljung-Box p=1.68e-45, |ACF lag-1|=0.7563).; Coverage mildly off-target by 0.028 (target=0.900)."
0.0999999999999999,0.0125203447299346,0.6073573333333333,0.0213850112837123,4.184605640439713,0.01,206.82947505677407,9.819096691530344e-43,207.85998889957895,3.6932091570367705e-39,243.36869938844123,2.475010381799494e-40,z=Phi^{-1}(u),0.7423088686934107,290.8339321058261,0.944,35500,35750,250,50,overlapping,RED,"['PIT_uniformity_warn', 'ACF_dependence_fail', 'coverage_warn']","Uniformity weakly rejected (min p=0.0125).; Independence strongly rejected (min Ljung-Box p=9.82e-43, |ACF lag-1|=0.7423).; Coverage mildly off-target by 0.044 (target=0.900)."
0.084,0.0553890740154738,0.4547853333333333,0.0519055105736121,3.4607593179787277,0.01,253.1679837751569,1.1490498886053745e-52,255.28944883835555,4.189057225106698e-49,264.21731957859595,1.5308964847102777e-44,z=Phi^{-1}(u),0.7785031835411286,379.4263868260055,0.92,35550,35800,250,50,overlapping,RED,"['ACF_dependence_fail', 'coverage_warn']","Independence strongly rejected (min Ljung-Box p=1.15e-52, |ACF lag-1|=0.7785).; Coverage mildly off-target by 0.020 (target=0.900)."
0.14,9.755941577025083e-05,1.2729613333333174,0.0005593120279235,3.812786125384747,0.01,267.9159543396454,7.842603674084634e-56,272.0344819219644,1.2459269372894073e-52,290.9379471720148,5.705945861677082e-50,z=Phi^{-1}(u),0.7883721452498997,457.7978459348684,0.888,35600,35850,250,50,overlapping,RED,"['PIT_uniformity_fail', 'ACF_dependence_fail']","Uniformity strongly rejected (min p=9.76e-05, KS=0.1400).; Independence strongly rejected (min Ljung-Box p=7.84e-56, |ACF lag-1|=0.7884)."
0.1239999999999999,0.0008271899609853,0.7976613333333011,0.0073553188664591,4.290977801316529,0.01,349.70392082922774,2.0269746633126858e-73,358.3507173461205,6.726383633024455e-71,363.8678687700175,6.144138082763352e-65,z=Phi^{-1}(u),0.8127297051702953,553.3590818898075,0.86,35650,35900,250,50,overlapping,RED,"['PIT_uniformity_fail', 'ACF_dependence_fail', 'coverage_warn']","Uniformity strongly rejected (min p=0.000827, KS=0.1240).; Independence strongly rejected (min Ljung-Box p=2.03e-73, |ACF lag-1|=0.8127).; Coverage mildly off-target by 0.040 (target=0.900)."
0.1319999999999999,0.000293531424011,1.1288773333333015,0.0012107529976305,3.696375729101362,0.01,346.19182268209204,1.155986828150143e-72,353.08677300543985,8.815997617772095e-70,357.94270293467065,1.0263427690752016e-63,z=Phi^{-1}(u),0.8113390940250782,499.93815275351096,0.884,35700,35950,250,50,overlapping,RED,"['PIT_uniformity_fail', 'ACF_dependence_fail']","Uniformity strongly rejected (min p=0.000294, KS=0.1320).; Independence strongly rejected (min Ljung-Box p=1.16e-72, |ACF lag-1|=0.8113)."
0.13,0.0003826527409824,1.310169333333301,0.0004585831729204,3.192584713307383,0.01,403.8429318905299,4.405358920258496e-85,411.05325062715417,4.1751797649365185e-82,416.2920678666767,8.471790598576695e-76,z=Phi^{-1}(u),0.8386312964104813,543.5542690697989,0.86,35750,36000,250,50,overlapping,RED,"['PIT_uniformity_fail', 'ACF_dependence_fail', 'coverage_warn']","Uniformity strongly rejected (min p=0.000383, KS=0.1300).; Independence strongly rejected (min Ljung-Box p=4.41e-85, |ACF lag-1|=0.8386).; Coverage mildly off-target by 0.040 (target=0.900)."
0.098,0.0152929430424031,0.4191413333333014,0.0642644080104469,3.837193651537291,0.01,371.3153439374655,4.496087707985175e-78,378.1837942572988,4.1129013941521324e-75,379.4739194649817,3.654908166264081e-68,z=Phi^{-1}(u),0.8199275292281102,502.7726047071156,0.884,35800,36050,250,50,overlapping,RED,"['PIT_uniformity_warn', 'ACF_dependence_fail']","Uniformity weakly rejected (min p=0.0153).; Independence strongly rejected (min Ljung-Box p=4.5e-78, |ACF lag-1|=0.8199)."
0.072,0.1425669535852258,0.3300013333333013,0.1114739564556446,3.931224496183432,0.01,387.53011293644926,1.4439090490199149e-81,396.0669284197083,6.467235033007244e-79,402.7350527423797,5.534642067793029e-73,z=Phi^{-1}(u),0.8168052572921628,519.1320087481441,0.88,35850,36100,250,50,overlapping,RED,"['ACF_dependence_fail', 'coverage_warn']","Independence strongly rejected (min Ljung-Box p=1.44e-81, |ACF lag-1|=0.8168).; Coverage mildly off-target by 0.020 (target=0.900)."
0.1139999999999999,0.0027553557925281,0.6091453333333174,0.0211681878255549,2.5864857500915264,0.01,402.1678560620181,1.0116379219566383e-84,409.2189809403788,1.026244316568837e-81,423.9069870934167,2.212685243664901e-77,z=Phi^{-1}(u),0.8261423170039337,494.1933150687985,0.888,35900,36150,250,50,overlapping,RED,"['PIT_uniformity_fail', 'ACF_dependence_fail']","Uniformity strongly rejected (min p=0.00276, KS=0.1140).; Independence strongly rejected (min Ljung-Box p=1.01e-84, |ACF lag-1|=0.8261)."
0.0999999999999999,0.0125203447299346,0.6573773333333174,0.0161020476452955,2.316094412157298,0.01,422.51239605448137,4.161567177955654e-89,428.90954284158096,6.557614115782768e-86,430.3476362207809,1.0115907149685363e-78,z=Phi^{-1}(u),0.8342998245772495,598.7035130251413,0.848,35950,36200,250,50,overlapping,RED,"['PIT_uniformity_warn', 'ACF_dependence_fail', 'undercoverage']","Uniformity weakly rejected (min p=0.0125).; Independence strongly rejected (min Ljung-Box p=4.16e-89, |ACF lag-1|=0.8343).; Coverage off-target by 0.052 (target=0.900)."
0.134,0.0002242473030294,1.4585653333333173,0.0002083315141816,1.7962686218589567,0.01,402.1170660498459,1.0374618696488005e-84,409.00187696181706,1.141502774812611e-81,409.9373981080852,1.770312943065141e-74,z=Phi^{-1}(u),0.8283370316513003,691.2105166468274,0.832,36000,36250,250,50,overlapping,RED,"['PIT_uniformity_fail', 'ACF_dependence_fail', 'undercoverage']","Uniformity strongly rejected (min p=0.000208, KS=0.1340).; Independence strongly rejected (min Ljung-Box p=1.04e-84, |ACF lag-1|=0.8283).; Coverage off-target by 0.068 (target=0.900)."
0.162,3.360315096730175e-06,2.639377333333301,4.272322947640461e-07,3.184779430353672,0.01,444.01649582885744,9.59160868624528e-94,456.3599400092172,9.188474958998674e-92,459.7570971298507,7.516287380858676e-85,z=Phi^{-1}(u),0.8340433587622861,794.0008616035923,0.82,36050,36300,250,50,overlapping,RED,"['PIT_uniformity_fail', 'ACF_dependence_fail', 'undercoverage']","Uniformity strongly rejected (min p=4.27e-07, KS=0.1620).; Independence strongly rejected (min Ljung-Box p=9.59e-94, |ACF lag-1|=0.8340).; Coverage off-target by 0.080 (target=0.900)."
0.1819999999999999,1.0177424069145935e-07,3.374705333333317,9.298420922121409e-09,1.1991180288783312,0.01,387.9098339687476,1.1959669635711475e-81,398.8268938686928,1.672637666431531e-79,428.7025139930376,2.2250516311447957e-78,z=Phi^{-1}(u),0.8197800884527835,686.5646954523144,0.864,36100,36350,250,50,overlapping,RED,"['PIT_uniformity_fail', 'ACF_dependence_fail', 'coverage_warn']","Uniformity strongly rejected (min p=9.3e-09, KS=0.1820).; Independence strongly rejected (min Ljung-Box p=1.2e-81, |ACF lag-1|=0.8198).; Coverage mildly off-target by 0.036 (target=0.900)."
0.2599999999999999,2.13670091119724e-15,6.122413333333318,1.1909473407456515e-11,2.4226652516301783,0.01,311.55795725526485,3.2760562032519294e-65,323.3917246038837,1.7449110369576304e-63,368.62104021189634,6.408593648283312e-66,z=Phi^{-1}(u),0.7863648340606022,640.9414006885901,0.884,36150,36400,250,50,overlapping,RED,"['PIT_uniformity_fail', 'ACF_dependence_fail']","Uniformity strongly rejected (min p=2.14e-15, KS=0.2600).; Independence strongly rejected (min Ljung-Box p=6.41e-66, |ACF lag-1|=0.7864)."
0.276,2.5186708265858825e-17,5.598789333333318,4.29934865486814e-10,4.326437974318594,0.01,403.77626048144776,4.553567561921853e-85,420.66696314239766,3.741539151600294e-84,445.5606560327723,6.865715283831564e-82,z=Phi^{-1}(u),0.8259699215047778,657.7869863608831,0.892,36200,36450,250,50,overlapping,RED,"['PIT_uniformity_fail', 'ACF_dependence_fail']","Uniformity strongly rejected (min p=2.52e-17, KS=0.2760).; Independence strongly rejected (min Ljung-Box p=4.55e-85, |ACF lag-1|=0.8260)."
0.2319999999999999,2.580899025546192e-12,3.1409933333333178,3.1371777176048e-08,4.522424223161579,0.01,285.2484424014426,1.4835457854353346e-59,296.3047542842609,9.390047150682696e-58,307.3473436233612,2.5470087663495286e-53,z=Phi^{-1}(u),0.834151717764656,542.643503299304,0.936,36250,36500,250,50,overlapping,RED,"['PIT_uniformity_fail', 'ACF_dependence_fail', 'coverage_warn']","Uniformity strongly rejected (min p=2.58e-12, KS=0.2320).; Independence strongly rejected (min Ljung-Box p=1.48e-59, |ACF lag-1|=0.8342).; Coverage mildly off-target by 0.036 (target=0.900)."
0.16,4.659433156552614e-06,1.3002053333332697,0.000483612756175,10.019917082489656,0.01,440.842205932932,4.6400954932823415e-93,473.7802134164351,1.759034769020758e-95,479.597775639992,5.395956435802113e-89,z=Phi^{-1}(u),0.8584465128911647,596.7741107390721,0.928,36300,36550,250,50,overlapping,RED,"['PIT_uniformity_fail', 'ACF_dependence_fail', 'coverage_warn']","Uniformity strongly rejected (min p=4.66e-06, KS=0.1600).; Independence strongly rejected (min Ljung-Box p=1.76e-95, |ACF lag-1|=0.8584).; Coverage mildly off-target by 0.028 (target=0.900)."
0.084,0.0553890740154735,0.5298693333332694,0.033393027486988,7.643287162295223,0.01,445.43367549344015,4.744838085211775e-94,471.5118816948189,5.3645693240412986e-95,475.0141301930692,4.8980216760219823e-88,z=Phi^{-1}(u),0.862097342723524,668.0048829401223,0.912,36350,36600,250,50,overlapping,RED,"['PIT_uniformity_warn', 'ACF_dependence_fail']","Uniformity weakly rejected (min p=0.0334).; Independence strongly rejected (min Ljung-Box p=5.36e-95, |ACF lag-1|=0.8621)."
0.09,0.032690132515418,0.4057293333332694,0.0697015949327914,7.130294473923868,0.01,446.91632278348106,2.2720804303080648e-94,469.4669928319011,1.465746592481932e-94,471.367273222457,2.8309544226609665e-87,z=Phi^{-1}(u),0.8652160238523283,721.1496782851901,0.888,36400,36650,250,50,overlapping,RED,"['PIT_uniformity_warn', 'ACF_dependence_fail']","Uniformity weakly rejected (min p=0.0327).; Independence strongly rejected (min Ljung-Box p=1.47e-94, |ACF lag-1|=0.8652)."
0.124,0.0008271899609853,0.6305213333332694,0.0187454502118017,7.602838704816804,0.01,410.6278724844516,1.5186262407482177e-86,427.9372612999027,1.056696483959286e-85,433.94835979564704,1.801065853076056e-79,z=Phi^{-1}(u),0.8536157700723231,676.1484936475774,0.908,36450,36700,250,50,overlapping,RED,"['PIT_uniformity_fail', 'ACF_dependence_fail']","Uniformity strongly rejected (min p=0.000827, KS=0.1240).; Independence strongly rejected (min Ljung-Box p=1.52e-86, |ACF lag-1|=0.8536)."
0.144,5.487659392626315e-05,0.7753533333332694,0.0083228406827391,8.031417955855147,0.01,414.8793320224875,1.8404999888779691e-87,428.3128333273739,8.788456029813841e-86,436.4869844362494,5.332922368586974e-80,z=Phi^{-1}(u),0.8493990355428488,699.9418835429759,0.904,36500,36750,250,50,overlapping,RED,"['PIT_uniformity_fail', 'ACF_dependence_fail']","Uniformity strongly rejected (min p=5.49e-05, KS=0.1440).; Independence strongly rejected (min Ljung-Box p=1.84e-87, |ACF lag-1|=0.8494)."
0.1699999999999999,8.720933843779303e-07,0.9770373333333336,0.0027518462188692,3.657426636915375,0.01,309.09803513320907,1.1076075640289875e-64,310.10226569779206,1.1353060810630443e-60,314.0550932715628,1.0796426384869356e-54,z=Phi^{-1}(u),0.809709565412885,579.219317774725,0.908,36550,36800,250,50,overlapping,RED,"['PIT_uniformity_fail', 'ACF_dependence_fail']","Uniformity strongly rejected (min p=8.72e-07, KS=0.1700).; Independence strongly rejected (min Ljung-Box p=1.11e-64, |ACF lag-1|=0.8097)."
0.258,3.6492086518511065e-15,3.348033333333334,1.0681808770840462e-08,3.845683015594489,0.01,290.7530179788681,9.735601960694276e-61,293.279649260458,4.0912572888208373e-57,296.2687534998479,4.6689563923724015e-51,z=Phi^{-1}(u),0.7944888326114862,578.6103043782203,0.916,36600,36850,250,50,overlapping,RED,"['PIT_uniformity_fail', 'ACF_dependence_fail']","Uniformity strongly rejected (min p=3.65e-15, KS=0.2580).; Independence strongly rejected (min Ljung-Box p=9.74e-61, |ACF lag-1|=0.7945)."
0.2499999999999999,2.971646967744351e-14,3.603725333333333,2.845604307744054e-09,3.788432394675567,0.01,295.0276686967114,1.1737545049056233e-61,300.74709638176506,1.0806902467830088e-58,303.45320060891305,1.5927037572798606e-52,z=Phi^{-1}(u),0.7910602760077362,561.8037672777818,0.94,36650,36900,250,50,overlapping,RED,"['PIT_uniformity_fail', 'ACF_dependence_fail', 'coverage_warn']","Uniformity strongly rejected (min p=2.97e-14, KS=0.2500).; Independence strongly rejected (min Ljung-Box p=1.17e-61, |ACF lag-1|=0.7911).; Coverage mildly off-target by 0.040 (target=0.900)."
0.1579999999999999,6.434116740158383e-06,1.3104733333333334,0.0004578404006336,2.3486530777444727,0.01,281.356310806641,1.0176059078305176e-58,286.0047445588037,1.4068667927635012e-55,291.07390473902893,5.3532531151229e-50,z=Phi^{-1}(u),0.7764106717311724,525.1407435050462,0.948,36700,36950,250,50,overlapping,RED,"['PIT_uniformity_fail', 'ACF_dependence_fail', 'coverage_warn']","Uniformity strongly rejected (min p=6.43e-06, KS=0.1580).; Independence strongly rejected (min Ljung-Box p=1.02e-58, |ACF lag-1|=0.7764).; Coverage mildly off-target by 0.048 (target=0.900)."
0.2179999999999999,6.529461679456676e-11,3.491165333333297,5.079916265415818e-09,4.507931043037274,0.01,336.34563646536805,1.521732764226369e-70,342.6921617384413,1.4152246690594531e-67,349.3985061131782,5.9260422405081655e-62,z=Phi^{-1}(u),0.8152984608807002,590.4962882770875,0.92,36750,37000,250,50,overlapping,RED,"['PIT_uniformity_fail', 'ACF_dependence_fail', 'coverage_warn']","Uniformity strongly rejected (min p=6.53e-11, KS=0.2180).; Independence strongly rejected (min Ljung-Box p=1.52e-70, |ACF lag-1|=0.8153).; Coverage mildly off-target by 0.020 (target=0.900)."
0.2479999999999999,4.9654153462027034e-14,5.998789333333298,7.537082069575263e-12,4.706975321111258,0.01,309.7460760051369,8.03565326711196e-65,319.38807252083404,1.229279945576391e-62,363.22450923694254,8.34232719335032e-65,z=Phi^{-1}(u),0.8046384712128231,581.421412037259,0.936,36800,37050,250,50,overlapping,RED,"['PIT_uniformity_fail', 'ACF_dependence_fail', 'coverage_warn']","Uniformity strongly rejected (min p=4.97e-14, KS=0.2480).; Independence strongly rejected (min Ljung-Box p=8.04e-65, |ACF lag-1|=0.8046).; Coverage mildly off-target by 0.036 (target=0.900)."
0.2339999999999999,1.5990656520224716e-12,5.022069333333298,5.139011438615171e-11,4.423361157053648,0.01,324.66276535228894,4.969933922812088e-68,339.7276551708015,6.019441998044064e-67,401.0594653745009,1.2323292535037661e-72,z=Phi^{-1}(u),0.8134993160560147,596.5887133071258,0.916,36850,37100,250,50,overlapping,RED,"['PIT_uniformity_fail', 'ACF_dependence_fail']","Uniformity strongly rejected (min p=1.6e-12, KS=0.2340).; Independence strongly rejected (min Ljung-Box p=1.23e-72, |ACF lag-1|=0.8135)."
0.2239999999999999,1.6776960229707538e-11,4.368181333333298,5.4065973920103254e-11,4.42308598980037,0.01,339.7748247923819,2.78143380326586e-71,365.2442167967472,2.3109605264398253e-72,455.37173580898656,6.179879529146695e-84,z=Phi^{-1}(u),0.8150662918881714,598.2687644012015,0.912,36900,37150,250,50,overlapping,RED,"['PIT_uniformity_fail', 'ACF_dependence_fail']","Uniformity strongly rejected (min p=1.68e-11, KS=0.2240).; Independence strongly rejected (min Ljung-Box p=6.18e-84, |ACF lag-1|=0.8151)."
0.2339999999999999,1.5990656520224716e-12,5.275169333333298,1.362318036157717e-10,4.238354223675799,0.01,358.5490949959662,2.525362338534205e-75,438.8671948037584,4.944852763560037e-88,661.0503160630628,3.7999457011103845e-127,z=Phi^{-1}(u),0.8242098647146523,621.2415821247446,0.908,36950,37200,250,50,overlapping,RED,"['PIT_uniformity_fail', 'ACF_dependence_fail']","Uniformity strongly rejected (min p=1.6e-12, KS=0.2340).; Independence strongly rejected (min Ljung-Box p=3.8e-127, |ACF lag-1|=0.8242)."
0.184,7.011396336604567e-08,2.5038853333333333,8.655753137576383e-07,0.789281355838682,0.0418163842002745,417.29101463189,5.559085307299788e-88,474.2324835673259,1.408366458384885e-95,617.0061671205788,7.502407446074057e-118,z=Phi^{-1}(u),0.8255028997919371,534.522376168455,0.936,37000,37250,250,50,overlapping,RED,"['PIT_uniformity_fail', 'ACF_dependence_fail', 'coverage_warn']","Uniformity strongly rejected (min p=7.01e-08, KS=0.1840).; Independence strongly rejected (min Ljung-Box p=7.5e-118, |ACF lag-1|=0.8255).; Coverage mildly off-target by 0.036 (target=0.900)."
0.152,1.652679981066289e-05,1.5370893333333333,0.0001374497991204,1.0612580149692403,0.01,419.3405033486374,2.0097357764520055e-88,482.5257798252636,2.386927326023863e-97,629.5773122372036,1.674898500504454e-120,z=Phi^{-1}(u),0.829962589843843,525.5063460928291,0.94,37050,37300,250,50,overlapping,RED,"['PIT_uniformity_fail', 'ACF_dependence_fail', 'coverage_warn']","Uniformity strongly rejected (min p=1.65e-05, KS=0.1520).; Independence strongly rejected (min Ljung-Box p=1.67e-120, |ACF lag-1|=0.8300).; Coverage mildly off-target by 0.040 (target=0.900)."
0.0919999999999999,0.0272001300552793,0.3739533333333334,0.0846722679091187,1.969372170711324,0.01,361.77641349251,5.097127469332094e-76,399.70353663985975,1.08851955667902e-79,461.9626144024741,2.604373027199168e-85,z=Phi^{-1}(u),0.8199416661448412,488.6612182767163,0.948,37100,37350,250,50,overlapping,RED,"['PIT_uniformity_warn', 'ACF_dependence_fail', 'coverage_warn']","Uniformity weakly rejected (min p=0.0272).; Independence strongly rejected (min Ljung-Box p=2.6e-85, |ACF lag-1|=0.8199).; Coverage mildly off-target by 0.048 (target=0.900)."
0.146,4.090430161748284e-05,0.7837013333333334,0.0079463946289455,2.1228200927867817,0.01,455.8561641512468,2.6792126916417907e-96,469.0002026656057,1.8437430070060567e-94,476.5193195826994,2.3740250377938588e-88,z=Phi^{-1}(u),0.8543300908662911,550.8273469306299,0.888,37150,37400,250,50,overlapping,RED,"['PIT_uniformity_fail', 'ACF_dependence_fail']","Uniformity strongly rejected (min p=4.09e-05, KS=0.1460).; Independence strongly rejected (min Ljung-Box p=2.68e-96, |ACF lag-1|=0.8543)."
0.1959999999999999,6.863732252207977e-09,1.8480333333333336,2.670509554303369e-05,2.749649922208789,0.01,436.50444525133486,3.999882562413048e-92,450.211840613226,1.882906392664683e-90,480.53638203484536,3.434487089757643e-89,z=Phi^{-1}(u),0.8454222292836281,556.1211060524062,0.872,37200,37450,250,50,overlapping,RED,"['PIT_uniformity_fail', 'ACF_dependence_fail', 'coverage_warn']","Uniformity strongly rejected (min p=6.86e-09, KS=0.1960).; Independence strongly rejected (min Ljung-Box p=4e-92, |ACF lag-1|=0.8454).; Coverage mildly off-target by 0.028 (target=0.900)."
0.222,2.6502806870438265e-11,2.854665333333333,1.3924729380665468e-07,2.755257080034795,0.01,449.7365464704796,5.598860079679407e-95,471.30310583630336,5.944343502771564e-95,486.2695421271578,2.173109813643406e-90,z=Phi^{-1}(u),0.8449457861884869,599.3244667834869,0.856,37250,37500,250,50,overlapping,RED,"['PIT_uniformity_fail', 'ACF_dependence_fail', 'coverage_warn']","Uniformity strongly rejected (min p=2.65e-11, KS=0.2220).; Independence strongly rejected (min Ljung-Box p=5.6e-95, |ACF lag-1|=0.8449).; Coverage mildly off-target by 0.044 (target=0.900)."
0.224,1.677696022970731e-11,2.6617493333333293,3.802359220816953e-07,3.0677910696348363,0.01,459.5143875150623,4.353297036183223e-97,480.66358978919214,5.963751908670662e-97,491.5147665789019,1.737219145910749e-91,z=Phi^{-1}(u),0.829574705643449,674.8584372765333,0.832,37300,37550,250,50,overlapping,RED,"['PIT_uniformity_fail', 'ACF_dependence_fail', 'undercoverage']","Uniformity strongly rejected (min p=1.68e-11, KS=0.2240).; Independence strongly rejected (min Ljung-Box p=4.35e-97, |ACF lag-1|=0.8296).; Coverage off-target by 0.068 (target=0.900)."
0.204,1.3401831036384575e-09,1.8893373333333248,2.1499383773715408e-05,2.174269375264714,0.01,393.1960508455185,8.681689930415589e-83,407.7974324064503,2.0602544529175719e-81,419.5124043521442,1.8140906284374e-76,z=Phi^{-1}(u),0.7964788017113638,680.7214281248945,0.832,37350,37600,250,50,overlapping,RED,"['PIT_uniformity_fail', 'ACF_dependence_fail', 'undercoverage']","Uniformity strongly rejected (min p=1.34e-09, KS=0.2040).; Independence strongly rejected (min Ljung-Box p=8.68e-83, |ACF lag-1|=0.7965).; Coverage off-target by 0.068 (target=0.900)."
0.22,4.168813426318746e-11,2.273673333333325,2.8766446110717325e-06,2.8627299476988526,0.01,308.08770132035954,1.826661464103092e-64,316.8501012661601,4.23636237200294e-62,319.86602872114884,6.960479396318145e-56,z=Phi^{-1}(u),0.7511903859943133,596.9750087270143,0.88,37400,37650,250,50,overlapping,RED,"['PIT_uniformity_fail', 'ACF_dependence_fail', 'coverage_warn']","Uniformity strongly rejected (min p=4.17e-11, KS=0.2200).; Independence strongly rejected (min Ljung-Box p=1.83e-64, |ACF lag-1|=0.7512).; Coverage mildly off-target by 0.020 (target=0.900)."
0.198,4.591565961933238e-09,1.5624773333333253,0.0001201825259773,2.5205511950555888,0.01,282.95978216138417,4.603267036940486e-59,284.97078271215537,2.325562524758945e-55,292.82752220292866,2.3503545155290924e-50,z=Phi^{-1}(u),0.7347635153070267,571.3066746968966,0.892,37450,37700,250,50,overlapping,RED,"['PIT_uniformity_fail', 'ACF_dependence_fail']","Uniformity strongly rejected (min p=4.59e-09, KS=0.1980).; Independence strongly rejected (min Ljung-Box p=4.6e-59, |ACF lag-1|=0.7348)."
0.206,8.815066355557083e-10,2.635053333333313,4.369649081459315e-07,2.9771210152610763,0.01,273.9215066032523,4.0244475882599537e-57,277.35578566436203,9.405690057578224e-54,316.76391370528,3.0089383028958628e-55,z=Phi^{-1}(u),0.7209726698418132,572.2673219853202,0.876,37500,37750,250,50,overlapping,RED,"['PIT_uniformity_fail', 'ACF_dependence_fail', 'coverage_warn']","Uniformity strongly rejected (min p=8.82e-10, KS=0.2060).; Independence strongly rejected (min Ljung-Box p=4.02e-57, |ACF lag-1|=0.7210).; Coverage mildly off-target by 0.024 (target=0.900)."
0.242,2.2568131237879775e-13,4.935501333333318,3.706868145769704e-11,2.122835543273709,0.01,190.530204829486,3.009375171255126e-39,191.07939006798927,1.1655569488486034e-35,197.92216073065697,2.8980383044680332e-31,z=Phi^{-1}(u),0.6625962182274246,443.8245927206308,0.912,37550,37800,250,50,overlapping,RED,"['PIT_uniformity_fail', 'ACF_dependence_fail']","Uniformity strongly rejected (min p=2.26e-13, KS=0.2420).; Independence strongly rejected (min Ljung-Box p=3.01e-39, |ACF lag-1|=0.6626)."
0.242,2.2568131237879775e-13,5.22743333333327,1.1375778097288958e-10,4.5838250646926895,0.01,267.87810556474864,7.990752395762572e-56,268.75970962579765,6.105469621117143e-52,283.4772721845432,1.8862371039639535e-48,z=Phi^{-1}(u),0.7351844871524809,449.25465199760976,0.904,37600,37850,250,50,overlapping,RED,"['PIT_uniformity_fail', 'ACF_dependence_fail']","Uniformity strongly rejected (min p=2.26e-13, KS=0.2420).; Independence strongly rejected (min Ljung-Box p=7.99e-56, |ACF lag-1|=0.7352)."
0.158,6.434116740158326e-06,1.9559533333332693,1.5159616012505596e-05,4.537720843349803,0.01,318.52269715953696,1.04061108757682e-66,321.00930898375407,5.576271151221174e-63,352.3746114672596,1.4436671185556546e-62,z=Phi^{-1}(u),0.776479411736428,454.8733380614679,0.92,37650,37900,250,50,overlapping,RED,"['PIT_uniformity_fail', 'ACF_dependence_fail', 'coverage_warn']","Uniformity strongly rejected (min p=6.43e-06, KS=0.1580).; Independence strongly rejected (min Ljung-Box p=1.04e-66, |ACF lag-1|=0.7765).; Coverage mildly off-target by 0.020 (target=0.900)."
0.13,0.0003826527409824,1.024833333333269,0.0021231474965682,4.26856955055905,0.01,349.13267829452553,2.6905008675157167e-73,358.9590859086962,4.995812772360452e-71,399.21313051455815,2.97653555882635e-72,z=Phi^{-1}(u),0.7942976667662575,505.6431660362389,0.896,37700,37950,250,50,overlapping,RED,"['PIT_uniformity_fail', 'ACF_dependence_fail']","Uniformity strongly rejected (min p=0.000383, KS=0.1300).; Independence strongly rejected (min Ljung-Box p=2.69e-73, |ACF lag-1|=0.7943)."
0.0499999999999999,0.5427406465653759,0.0841293333332333,0.6687432667857354,6.972848293878712,0.01,306.9321283349076,3.2370947034571384e-64,309.6238313951346,1.43330610838457e-60,320.094494785774,6.248861884629761e-56,z=Phi^{-1}(u),0.8023371869667578,547.4497755059276,0.9,37750,38000,250,50,overlapping,RED,['ACF_dependence_fail'],"Independence strongly rejected (min Ljung-Box p=3.24e-64, |ACF lag-1|=0.8023)."
0.068,0.1891189832154274,0.1892413333331893,0.28942988421753,8.701871962827227,0.01,275.52553392080944,1.820422364384397e-57,276.3264293447458,1.5506031536114182e-53,283.7855877487245,1.6325396477925572e-48,z=Phi^{-1}(u),0.780812383541208,607.6297327143534,0.88,37800,38050,250,50,overlapping,RED,"['ACF_dependence_fail', 'coverage_warn']","Independence strongly rejected (min Ljung-Box p=1.82e-57, |ACF lag-1|=0.7808).; Coverage mildly off-target by 0.020 (target=0.900)."
0.068,0.189118983215428,0.2211773333329333,0.2299972617083014,11.80195685227568,0.01,355.3713500283589,1.220661720093125e-74,362.82081184281367,7.560105015140802e-72,368.11695052630176,8.14527684551942e-66,z=Phi^{-1}(u),0.8295986859176127,873.8819847368796,0.82,37850,38100,250,50,overlapping,RED,"['ACF_dependence_fail', 'undercoverage']","Independence strongly rejected (min Ljung-Box p=1.22e-74, |ACF lag-1|=0.8296).; Coverage off-target by 0.080 (target=0.900)."
0.104,0.008290637497102,1.1245813333329333,0.0012390698794534,9.44632622016576,0.01,379.9222343057113,6.2910150328681215e-80,394.08011541594334,1.7118197919153884e-78,396.14507402473606,1.288051371153315e-71,z=Phi^{-1}(u),0.8324148196262405,1020.9433739128452,0.788,37900,38150,250,50,overlapping,RED,"['PIT_uniformity_fail', 'ACF_dependence_fail', 'undercoverage']","Uniformity strongly rejected (min p=0.00124, KS=0.1040).; Independence strongly rejected (min Ljung-Box p=6.29e-80, |ACF lag-1|=0.8324).; Coverage off-target by 0.112 (target=0.900)."
0.11,0.0043334485784834,0.7535653333329334,0.0093937075581526,10.767877450067148,0.01,387.32458532003005,1.5989165096780427e-81,405.0439581507123,7.945465917461411e-81,407.4900695462218,5.704198569418483e-74,z=Phi^{-1}(u),0.8312818224171841,973.4768575299572,0.824,37950,38200,250,50,overlapping,RED,"['PIT_uniformity_fail', 'ACF_dependence_fail', 'undercoverage']","Uniformity strongly rejected (min p=0.00433, KS=0.1100).; Independence strongly rejected (min Ljung-Box p=1.6e-81, |ACF lag-1|=0.8313).; Coverage off-target by 0.076 (target=0.900)."
0.1,0.0125203447299346,0.4262573333330773,0.0615661933923954,10.004605781756766,0.01,435.3476424987069,7.104327420543429e-92,472.0169997379822,4.185062196387409e-95,480.1809036675249,4.0754252228931705e-89,z=Phi^{-1}(u),0.8487934915793266,917.0226172121886,0.856,38000,38250,250,50,overlapping,RED,"['PIT_uniformity_warn', 'ACF_dependence_fail', 'coverage_warn']","Uniformity weakly rejected (min p=0.0125).; Independence strongly rejected (min Ljung-Box p=4.19e-95, |ACF lag-1|=0.8488).; Coverage mildly off-target by 0.044 (target=0.900)."
0.116,0.0021837382351525,1.0213733333331372,0.0021633220859736,7.4369126843992035,0.01,486.2015584055495,7.592649015402993e-103,525.797701252207,1.3491375563026175e-106,538.8746788178204,2.0601774843965448e-101,z=Phi^{-1}(u),0.8777595349054632,947.985743531838,0.844,38050,38300,250,50,overlapping,RED,"['PIT_uniformity_fail', 'ACF_dependence_fail', 'undercoverage']","Uniformity strongly rejected (min p=0.00216, KS=0.1160).; Independence strongly rejected (min Ljung-Box p=1.35e-106, |ACF lag-1|=0.8778).; Coverage off-target by 0.056 (target=0.900)."
0.0639999999999999,0.2467324500849869,0.1918813333333332,0.2838715570717541,1.7011483308612014,0.01,402.5100741125973,8.536203218130691e-85,408.64683739622456,1.3585375609838828e-81,413.433874859565,3.3252900909549453e-75,z=Phi^{-1}(u),0.8397114794855769,631.4042980494884,0.932,38100,38350,250,50,overlapping,RED,"['ACF_dependence_fail', 'coverage_warn']","Independence strongly rejected (min Ljung-Box p=8.54e-85, |ACF lag-1|=0.8397).; Coverage mildly off-target by 0.032 (target=0.900)."
0.062,0.280026003861503,0.1954293333333332,0.276601508145165,1.5263915176680598,0.01,344.1666365533419,3.15439800999115e-72,349.5708540550042,4.914266669259533e-69,359.9463001650783,3.9619426794407625e-64,z=Phi^{-1}(u),0.8183507071142141,490.7359261639878,0.964,38150,38400,250,50,overlapping,RED,"['ACF_dependence_fail', 'overcoverage']","Independence strongly rejected (min Ljung-Box p=3.15e-72, |ACF lag-1|=0.8184).; Coverage off-target by 0.064 (target=0.900)."
0.0819999999999999,0.0655014478062853,0.5855013333333332,0.0242295632585075,1.670913683865706,0.01,319.29222556094265,7.108035560943141e-67,328.4289558725165,1.4949813692145387e-64,341.3305807478338,2.7160061310337904e-60,z=Phi^{-1}(u),0.811332021936735,480.78823821434656,0.964,38200,38450,250,50,overlapping,RED,"['PIT_uniformity_warn', 'ACF_dependence_fail', 'overcoverage']","Uniformity weakly rejected (min p=0.0242).; Independence strongly rejected (min Ljung-Box p=7.11e-67, |ACF lag-1|=0.8113).; Coverage off-target by 0.064 (target=0.900)."
0.156,8.848081887923624e-06,2.7389093333333334,2.5440814932498057e-07,2.284238188124391,0.01,290.2463963149747,1.250967445064627e-60,314.5634805235609,1.2912936166310817e-61,336.68054852774753,2.456900645723725e-59,z=Phi^{-1}(u),0.7983621784454004,516.4518351981885,0.952,38250,38500,250,50,overlapping,RED,"['PIT_uniformity_fail', 'ACF_dependence_fail', 'overcoverage']","Uniformity strongly rejected (min p=2.54e-07, KS=0.1560).; Independence strongly rejected (min Ljung-Box p=1.29e-61, |ACF lag-1|=0.7984).; Coverage off-target by 0.052 (target=0.900)."
0.154,1.211756149014716e-05,2.5377493333333327,7.255290037644357e-07,4.318008465958428,0.01,237.75387553973945,2.3274505561625498e-49,269.5515374745488,4.157649815711708e-52,344.7870544211952,5.2784883007291785e-61,z=Phi^{-1}(u),0.7692184038948077,525.8500564984905,0.968,38300,38550,250,50,overlapping,RED,"['PIT_uniformity_fail', 'ACF_dependence_fail', 'overcoverage']","Uniformity strongly rejected (min p=7.26e-07, KS=0.1540).; Independence strongly rejected (min Ljung-Box p=5.28e-61, |ACF lag-1|=0.7692).; Coverage off-target by 0.068 (target=0.900)."
0.124,0.0008271899609853,1.5018253333333331,0.0001656529774016,2.027010863743812,0.01,304.6599171859717,9.971277313210836e-64,316.4384172681939,5.177796820484308e-62,331.10512573756137,3.437272858082982e-58,z=Phi^{-1}(u),0.7999884134137277,569.324313093506,0.944,38350,38600,250,50,overlapping,RED,"['PIT_uniformity_fail', 'ACF_dependence_fail', 'coverage_warn']","Uniformity strongly rejected (min p=0.000166, KS=0.1240).; Independence strongly rejected (min Ljung-Box p=9.97e-64, |ACF lag-1|=0.8000).; Coverage mildly off-target by 0.044 (target=0.900)."
0.086,0.0466490537270688,0.5354893333333333,0.0323215777434083,1.2265256948167576,0.01,315.91130582031377,3.7932874486729185e-66,340.8127838870358,3.5434840786870314e-67,351.61492306961,2.0703577369624e-62,z=Phi^{-1}(u),0.7916899405373956,564.995264305982,0.932,38400,38650,250,50,overlapping,RED,"['PIT_uniformity_warn', 'ACF_dependence_fail', 'coverage_warn']","Uniformity weakly rejected (min p=0.0323).; Independence strongly rejected (min Ljung-Box p=3.54e-67, |ACF lag-1|=0.7917).; Coverage mildly off-target by 0.032 (target=0.900)."
0.064,0.2467324500849851,0.2334213333333333,0.211127393421896,0.8643594929650362,0.0261751056322841,252.0096863459273,2.036555318930332e-52,273.87553235800567,5.097339519618831e-53,282.97352533456086,2.3882685762361585e-48,z=Phi^{-1}(u),0.7641878164949766,550.5539293363239,0.932,38450,38700,250,50,overlapping,RED,"['ACF_dependence_fail', 'coverage_warn']","Independence strongly rejected (min Ljung-Box p=5.1e-53, |ACF lag-1|=0.7642).; Coverage mildly off-target by 0.032 (target=0.900)."
0.064,0.2467324500849851,0.1529293333333333,0.380967981801971,0.5893784275291694,0.1283011231934505,249.73931490208545,6.252481855564634e-52,262.7762191662655,1.1122537040142177e-50,264.12955870166223,1.594831255364754e-44,z=Phi^{-1}(u),0.7652551290487045,575.4100661325783,0.928,38500,38750,250,50,overlapping,RED,"['ACF_dependence_fail', 'coverage_warn']","Independence strongly rejected (min Ljung-Box p=6.25e-52, |ACF lag-1|=0.7653).; Coverage mildly off-target by 0.028 (target=0.900)."
0.0579999999999999,0.3559457059095411,0.2366173333333333,0.2065048564914202,0.3259830513733561,0.15,274.5569000289375,2.939210740702252e-57,282.0080055735335,9.814342095351775e-55,301.6395456116259,3.7384921007369734e-52,z=Phi^{-1}(u),0.776854353377184,544.5655668149195,0.92,38550,38800,250,50,overlapping,RED,"['ACF_dependence_fail', 'coverage_warn']","Independence strongly rejected (min Ljung-Box p=2.94e-57, |ACF lag-1|=0.7769).; Coverage mildly off-target by 0.020 (target=0.900)."
0.1179999999999999,0.0017236771238271,1.270789333333333,0.0005658385517834,0.3271148444461573,0.15,263.2235082146699,7.97971728897351e-55,270.2490571859494,2.9637336175289272e-52,301.1528625478142,4.700138982401706e-52,z=Phi^{-1}(u),0.7762120012866586,546.105417321786,0.928,38600,38850,250,50,overlapping,RED,"['PIT_uniformity_fail', 'ACF_dependence_fail', 'coverage_warn']","Uniformity strongly rejected (min p=0.000566, KS=0.1180).; Independence strongly rejected (min Ljung-Box p=7.98e-55, |ACF lag-1|=0.7762).; Coverage mildly off-target by 0.028 (target=0.900)."
0.1479999999999999,3.0364362222398674e-05,2.405473333333333,1.4459718942205768e-06,0.8932284937279178,0.0228492135437113,247.282657350076,2.1043626343942684e-51,293.6633340917129,3.394659272427672e-57,382.48335029008,8.711523131077085e-69,z=Phi^{-1}(u),0.7887347783129676,574.0464731874888,0.928,38650,38900,250,50,overlapping,RED,"['PIT_uniformity_fail', 'ACF_dependence_fail', 'coverage_warn']","Uniformity strongly rejected (min p=1.45e-06, KS=0.1480).; Independence strongly rejected (min Ljung-Box p=8.71e-69, |ACF lag-1|=0.7887).; Coverage mildly off-target by 0.028 (target=0.900)."
0.09,0.0326901325154183,0.5037773333333333,0.0388783199755138,0.4776850554557654,0.15,371.1274097976327,4.935329220894329e-78,376.14863587956296,1.1136631775357485e-74,411.5106012331879,8.343134977666241e-75,z=Phi^{-1}(u),0.8335577425550169,584.8584091645963,0.9,38700,38950,250,50,overlapping,RED,"['PIT_uniformity_warn', 'ACF_dependence_fail']","Uniformity weakly rejected (min p=0.0327).; Independence strongly rejected (min Ljung-Box p=4.94e-78, |ACF lag-1|=0.8336)."
0.038,0.849438173129325,0.0447253333333333,0.90781330701995,0.40627307031383,0.15,296.4010425672779,5.9478225366607065e-62,298.6868364101152,2.945915609767364e-58,326.6379415338157,2.841150914363964e-57,z=Phi^{-1}(u),0.8114090258214695,510.1227868275426,0.892,38750,39000,250,50,overlapping,RED,['ACF_dependence_fail'],"Independence strongly rejected (min Ljung-Box p=5.95e-62, |ACF lag-1|=0.8114)."
0.064,0.2467324500849851,0.3643693333333334,0.0898485455668748,0.429741152802876,0.15,245.9272024562505,4.1105710402410413e-51,246.51523857766455,2.931889000982637e-47,254.98662606225423,1.1259043212057097e-42,z=Phi^{-1}(u),0.7779777587884001,444.44337447489215,0.916,38800,39050,250,50,overlapping,RED,['ACF_dependence_fail'],"Independence strongly rejected (min Ljung-Box p=4.11e-51, |ACF lag-1|=0.7780)."
0.08,0.0771476533902126,0.4603373333333173,0.0502206837001151,2.254415894308579,0.01,278.1296309752912,5.020924249557958e-58,280.6041952170298,1.9412797881599702e-54,290.42111438879874,7.272052585997506e-50,z=Phi^{-1}(u),0.790224600873961,501.93037235355655,0.888,38850,39100,250,50,overlapping,RED,['ACF_dependence_fail'],"Independence strongly rejected (min Ljung-Box p=5.02e-58, |ACF lag-1|=0.7902)."
0.04,0.8033518023976386,0.0698853333333173,0.7527179182481356,2.1871594492472752,0.01,315.7566407044588,4.0952824226844795e-66,322.6646163311107,2.487580334655676e-63,348.7488841706855,8.064877861259058e-62,z=Phi^{-1}(u),0.7990280818786724,532.7078403313686,0.88,38900,39150,250,50,overlapping,RED,"['ACF_dependence_fail', 'coverage_warn']","Independence strongly rejected (min Ljung-Box p=4.1e-66, |ACF lag-1|=0.7990).; Coverage mildly off-target by 0.020 (target=0.900)."
0.062,0.2800260038615019,0.3572733333332694,0.0939039746803761,4.81410378574347,0.01,303.5753433054778,1.705905663280869e-63,313.9364428369872,1.7528331316762173e-61,338.6232231329235,9.792435010929673e-60,z=Phi^{-1}(u),0.7971776255944625,604.383344528622,0.864,38950,39200,250,50,overlapping,RED,"['ACF_dependence_fail', 'coverage_warn']","Independence strongly rejected (min Ljung-Box p=1.71e-63, |ACF lag-1|=0.7972).; Coverage mildly off-target by 0.036 (target=0.900)."
0.074,0.1230243374005586,0.5289813333332694,0.0335656979695538,5.250616081598821,0.01,351.65746773667826,7.695722088396128e-74,364.0285122924881,4.188125923190834e-72,401.61453762288807,9.453058367313632e-73,z=Phi^{-1}(u),0.8112185266279555,594.1274893139885,0.88,39000,39250,250,50,overlapping,RED,"['PIT_uniformity_warn', 'ACF_dependence_fail', 'coverage_warn']","Uniformity weakly rejected (min p=0.0336).; Independence strongly rejected (min Ljung-Box p=7.7e-74, |ACF lag-1|=0.8112).; Coverage mildly off-target by 0.020 (target=0.900)."
0.072,0.1425669535852253,0.4450813333332693,0.0549963790520566,4.71300770742198,0.01,416.3544945751156,8.849310362444292e-88,433.3555442824674,7.398431038625946e-87,467.73318683961577,1.625347812728299e-86,z=Phi^{-1}(u),0.8364372044491443,628.0339980777777,0.86,39050,39300,250,50,overlapping,RED,"['ACF_dependence_fail', 'coverage_warn']","Independence strongly rejected (min Ljung-Box p=8.85e-88, |ACF lag-1|=0.8364).; Coverage mildly off-target by 0.040 (target=0.900)."
0.048,0.5949413009568136,0.1244533333333173,0.4780033944216266,1.878641757841223,0.01,435.10323963388646,8.021031715973326e-92,458.0787415062407,3.9492271219932253e-92,473.1117032082812,1.2232355780203122e-87,z=Phi^{-1}(u),0.8402742690086953,560.969412045626,0.888,39100,39350,250,50,overlapping,RED,['ACF_dependence_fail'],"Independence strongly rejected (min Ljung-Box p=3.95e-92, |ACF lag-1|=0.8403)."
0.032,0.9527777244177006,0.0379453333333173,0.9437688210847254,1.79233944986521,0.01,360.22904990210486,1.0978787541806227e-75,374.6011003091605,2.3750553333760214e-74,378.0649077353234,7.151202489388291e-68,z=Phi^{-1}(u),0.8240947451058329,573.2857221340985,0.88,39150,39400,250,50,overlapping,RED,"['ACF_dependence_fail', 'coverage_warn']","Independence strongly rejected (min Ljung-Box p=1.1e-75, |ACF lag-1|=0.8241).; Coverage mildly off-target by 0.020 (target=0.900)."
0.048,0.5949413009568136,0.1069693333333333,0.5521173169331408,0.1741134718937473,0.15,332.2329377498235,1.1679727499877514e-69,345.7253770867954,3.2165434405408103e-68,375.43539143693977,2.501734425358312e-67,z=Phi^{-1}(u),0.8152463222758218,487.1407193401054,0.924,39200,39450,250,50,overlapping,RED,"['ACF_dependence_fail', 'coverage_warn']","Independence strongly rejected (min Ljung-Box p=1.17e-69, |ACF lag-1|=0.8152).; Coverage mildly off-target by 0.024 (target=0.900)."
0.0899999999999999,0.0326901325154183,0.4231333333332693,0.062735469342417,6.34766358276886,0.01,386.8148468858716,2.0590202048414208e-81,392.4763863702957,3.755396634342625e-78,411.2210653725016,9.582171912776852e-75,z=Phi^{-1}(u),0.8528432256661495,593.3672542250368,0.904,39250,39500,250,50,overlapping,RED,"['PIT_uniformity_warn', 'ACF_dependence_fail']","Uniformity weakly rejected (min p=0.0327).; Independence strongly rejected (min Ljung-Box p=2.06e-81, |ACF lag-1|=0.8528)."
0.0939999999999999,0.0225406568153297,0.5416813333332653,0.0311826188560983,7.80827582667257,0.01,327.3628535024632,1.3043564697288524e-68,348.2352950858213,9.437576847098692e-69,394.4190669665654,2.935980147923543e-71,z=Phi^{-1}(u),0.8182410196370719,603.9232513952544,0.904,39300,39550,250,50,overlapping,RED,"['PIT_uniformity_warn', 'ACF_dependence_fail']","Uniformity weakly rejected (min p=0.0225).; Independence strongly rejected (min Ljung-Box p=2.94e-71, |ACF lag-1|=0.8182)."
0.0439999999999999,0.7013656667799602,0.0658933333331253,0.7774389612639794,13.223140726697295,0.01,413.4648894103102,3.7141898657445914e-87,418.3799263264116,1.14881298643893e-83,479.6303367607789,5.312049300070781e-89,z=Phi^{-1}(u),0.8513168462819213,621.1675299284938,0.892,39350,39600,250,50,overlapping,RED,['ACF_dependence_fail'],"Independence strongly rejected (min Ljung-Box p=5.31e-89, |ACF lag-1|=0.8513)."
0.076,0.1057293785294718,0.2869173333331253,0.1471954252437409,15.021783295338023,0.01,428.3812495283596,2.258374289789541e-90,432.4826151126738,1.135552743123664e-86,486.0882894824808,2.3713145657814077e-90,z=Phi^{-1}(u),0.8561460593237002,554.942580080047,0.904,39400,39650,250,50,overlapping,RED,['ACF_dependence_fail'],"Independence strongly rejected (min Ljung-Box p=2.26e-90, |ACF lag-1|=0.8561)."
0.1159999999999999,0.0021837382351525,1.1160493333331254,0.0012973095736239,12.600451435752175,0.01,423.9550909069153,2.033245564511824e-89,426.6132496711789,2.0234762567511117e-85,470.55102479676026,4.192125602526302e-87,z=Phi^{-1}(u),0.8603358272648269,583.5568891921426,0.888,39450,39700,250,50,overlapping,RED,"['PIT_uniformity_fail', 'ACF_dependence_fail']","Uniformity strongly rejected (min p=0.0013, KS=0.1160).; Independence strongly rejected (min Ljung-Box p=2.03e-89, |ACF lag-1|=0.8603)."
0.1699999999999999,8.720933843779303e-07,2.500213333333189,8.823022550341619e-07,8.393973278052272,0.01,355.1212520021629,1.3818069505558476e-74,358.24767274924216,7.07392907908544e-71,416.8808181877953,6.391845418132502e-76,z=Phi^{-1}(u),0.8277566266809097,501.1600390553512,0.904,39500,39750,250,50,overlapping,RED,"['PIT_uniformity_fail', 'ACF_dependence_fail']","Uniformity strongly rejected (min p=8.72e-07, KS=0.1700).; Independence strongly rejected (min Ljung-Box p=6.39e-76, |ACF lag-1|=0.8278)."
0.182,1.0177424069145845e-07,2.058777333333233,8.84662091227284e-06,7.4307186533709455,0.01,402.0006173281062,1.099185323373805e-84,403.4644879527141,1.723231012711308e-80,408.8142815476414,3.028744215337608e-74,z=Phi^{-1}(u),0.858239449806182,470.8160133834715,0.928,39550,39800,250,50,overlapping,RED,"['PIT_uniformity_fail', 'ACF_dependence_fail', 'coverage_warn']","Uniformity strongly rejected (min p=1.02e-07, KS=0.1820).; Independence strongly rejected (min Ljung-Box p=1.1e-84, |ACF lag-1|=0.8582).; Coverage mildly off-target by 0.028 (target=0.900)."
0.118,0.001723677123827,0.5557933333333333,0.0287407812196135,1.0383319903514805,0.01,278.69394586501033,3.79800217803622e-58,286.70064888152115,1.0030697477630831e-55,298.28779968789286,1.807794212349329e-51,z=Phi^{-1}(u),0.8164418963180041,438.0179839578286,0.952,39600,39850,250,50,overlapping,RED,"['PIT_uniformity_fail', 'ACF_dependence_fail', 'overcoverage']","Uniformity strongly rejected (min p=0.00172, KS=0.1180).; Independence strongly rejected (min Ljung-Box p=3.8e-58, |ACF lag-1|=0.8164).; Coverage off-target by 0.052 (target=0.900)."
0.14,9.755941577025083e-05,0.8753453333333334,0.0047947768864807,1.4286329457839315,0.01,242.7273611355144,1.9965338202395385e-50,245.26961338719508,5.3567851982499e-47,254.91781734338755,1.1625106909568064e-42,z=Phi^{-1}(u),0.7974981803484659,408.3118220910978,0.964,39650,39900,250,50,overlapping,RED,"['PIT_uniformity_fail', 'ACF_dependence_fail', 'overcoverage']","Uniformity strongly rejected (min p=9.76e-05, KS=0.1400).; Independence strongly rejected (min Ljung-Box p=2e-50, |ACF lag-1|=0.7975).; Coverage off-target by 0.064 (target=0.900)."
0.1419999999999999,7.331959943971304e-05,1.0489253333333293,0.0018635853765689,1.1061953829147342,0.01,269.0792082284274,4.412292537511299e-56,273.23716492627227,6.94927502142294e-53,290.447216477651,7.183527447443865e-50,z=Phi^{-1}(u),0.7665627069057293,428.260558593354,0.94,39700,39950,250,50,overlapping,RED,"['PIT_uniformity_fail', 'ACF_dependence_fail', 'coverage_warn']","Uniformity strongly rejected (min p=7.33e-05, KS=0.1420).; Independence strongly rejected (min Ljung-Box p=4.41e-56, |ACF lag-1|=0.7666).; Coverage mildly off-target by 0.040 (target=0.900)."
0.1099999999999999,0.0043334485784834,0.4346733333333293,0.0585307748387394,1.2572862876327235,0.01,294.4233092056381,1.5830165865352208e-61,299.26163500162335,2.22700698902031e-58,311.1184511876008,4.3101153236216e-54,z=Phi^{-1}(u),0.7843964961221986,474.6257100494296,0.924,39750,40000,250,50,overlapping,RED,"['PIT_uniformity_fail', 'ACF_dependence_fail', 'coverage_warn']","Uniformity strongly rejected (min p=0.00433, KS=0.1100).; Independence strongly rejected (min Ljung-Box p=1.58e-61, |ACF lag-1|=0.7844).; Coverage mildly off-target by 0.024 (target=0.900)."
0.0939999999999999,0.0225406568153297,0.2991213333333293,0.1359168213719744,1.3065488259267113,0.01,326.54878151109665,1.9523500128095003e-68,336.9544901561671,2.331244950716481e-66,362.9034409246484,9.717836219089044e-65,z=Phi^{-1}(u),0.7989636286542428,486.08562986471935,0.924,39800,40050,250,50,overlapping,RED,"['PIT_uniformity_warn', 'ACF_dependence_fail', 'coverage_warn']","Uniformity weakly rejected (min p=0.0225).; Independence strongly rejected (min Ljung-Box p=1.95e-68, |ACF lag-1|=0.7990).; Coverage mildly off-target by 0.024 (target=0.900)."
0.1119999999999999,0.0034624885629555,0.4853653333333292,0.0433144081840004,2.3474574290258943,0.01,400.62894064002114,2.1712568216442694e-84,417.1133920988771,2.138121515523622e-83,488.54237876827153,7.272622728397427e-91,z=Phi^{-1}(u),0.8268759043467047,515.5064648478864,0.912,39850,40100,250,50,overlapping,RED,"['PIT_uniformity_fail', 'ACF_dependence_fail']","Uniformity strongly rejected (min p=0.00346, KS=0.1120).; Independence strongly rejected (min Ljung-Box p=7.27e-91, |ACF lag-1|=0.8269)."
0.134,0.0002242473030294,0.787765333333329,0.0077694776226279,2.4290211209552126,0.01,402.3345392152669,9.313199729089884e-85,422.180741020741,1.7805236916576763e-84,481.73905806303486,1.925008061715793e-89,z=Phi^{-1}(u),0.8273608238582519,515.5765606738638,0.908,39900,40150,250,50,overlapping,RED,"['PIT_uniformity_fail', 'ACF_dependence_fail']","Uniformity strongly rejected (min p=0.000224, KS=0.1340).; Independence strongly rejected (min Ljung-Box p=1.93e-89, |ACF lag-1|=0.8274)."
0.094,0.0225406568153295,0.8843253333333332,0.004564402258203,5.159244459700403,0.01,411.8766415860125,8.170575461982141e-87,454.39290213262046,2.414958249401005e-91,630.0654209589112,1.321345475291584e-120,z=Phi^{-1}(u),0.8610177686677681,470.30771112619055,0.948,39950,40200,250,50,overlapping,RED,"['PIT_uniformity_fail', 'ACF_dependence_fail', 'coverage_warn']","Uniformity strongly rejected (min p=0.00456, KS=0.0940).; Independence strongly rejected (min Ljung-Box p=1.32e-120, |ACF lag-1|=0.8610).; Coverage mildly off-target by 0.048 (target=0.900)."
0.1059999999999999,0.006705519078627,0.6163173333333332,0.0203211039742025,4.547267418289209,0.01,451.154663035606,2.768224664363439e-95,477.950762496945,2.2636622640407e-96,575.6207500835075,3.903775776960837e-109,z=Phi^{-1}(u),0.8637771041912142,409.25325694076776,0.96,40000,40250,250,50,overlapping,RED,"['PIT_uniformity_fail', 'ACF_dependence_fail', 'overcoverage']","Uniformity strongly rejected (min p=0.00671, KS=0.1060).; Independence strongly rejected (min Ljung-Box p=3.9e-109, |ACF lag-1|=0.8638).; Coverage off-target by 0.060 (target=0.900)."
0.0899999999999999,0.0326901325154183,0.3079533333333293,0.1283623045013336,2.55110184866345,0.01,304.4494984885206,1.1066123051369068e-63,311.08968372953126,7.017534013386468e-61,342.2088046177556,1.7914695131654842e-60,z=Phi^{-1}(u),0.7955495528798362,433.3996598348981,0.932,40050,40300,250,50,overlapping,RED,"['PIT_uniformity_warn', 'ACF_dependence_fail', 'coverage_warn']","Uniformity weakly rejected (min p=0.0327).; Independence strongly rejected (min Ljung-Box p=1.11e-63, |ACF lag-1|=0.7955).; Coverage mildly off-target by 0.032 (target=0.900)."
0.0839999999999999,0.0553890740154743,0.3811213333333134,0.0810135423782171,3.672692476365256,0.01,301.2387091130735,5.424357227650519e-63,314.621227938053,1.2554578616470569e-61,318.80864192962946,1.146542598390734e-55,z=Phi^{-1}(u),0.7785603421850914,410.3223049959645,0.924,40100,40350,250,50,overlapping,RED,"['ACF_dependence_fail', 'coverage_warn']","Independence strongly rejected (min Ljung-Box p=5.42e-63, |ACF lag-1|=0.7786).; Coverage mildly off-target by 0.024 (target=0.900)."
0.052,0.492263234686526,0.1159413333333133,0.5125424961946812,3.768768186912325,0.01,289.1758444382681,2.1248228044919363e-60,294.4453305460024,2.3204689242810128e-57,306.8218682960555,3.2620692841814623e-53,z=Phi^{-1}(u),0.7762809143296181,427.5375227526055,0.924,40150,40400,250,50,overlapping,RED,"['ACF_dependence_fail', 'coverage_warn']","Independence strongly rejected (min Ljung-Box p=2.12e-60, |ACF lag-1|=0.7763).; Coverage mildly off-target by 0.024 (target=0.900)."
0.078,0.090497873806594,0.3347373333333134,0.108178478498354,3.790887856988036,0.01,300.99789600781145,6.111145949078925e-63,305.4150069914762,1.1134075504544425e-59,311.2218500003139,4.1051231980384807e-54,z=Phi^{-1}(u),0.7858722426296707,495.9616977223569,0.896,40200,40450,250,50,overlapping,RED,['ACF_dependence_fail'],"Independence strongly rejected (min Ljung-Box p=6.11e-63, |ACF lag-1|=0.7859)."
0.07,0.1645397722936827,0.2121573333333133,0.2451773003309908,3.6472116429072514,0.01,264.1772899900451,4.979833630091072e-55,267.89898458010134,9.270281221535098e-52,275.12851024464857,9.38735529227255e-47,z=Phi^{-1}(u),0.7717008543553175,501.1806287553486,0.88,40250,40500,250,50,overlapping,RED,"['ACF_dependence_fail', 'coverage_warn']","Independence strongly rejected (min Ljung-Box p=4.98e-55, |ACF lag-1|=0.7717).; Coverage mildly off-target by 0.020 (target=0.900)."
0.048,0.594941300956815,0.1196853333333173,0.4970023524559109,2.462408250606785,0.01,309.57213285245865,8.758482962928553e-65,326.87554375774016,3.189846424829181e-64,336.9486765724321,2.163996844613832e-59,z=Phi^{-1}(u),0.796015195056464,444.18544339614925,0.888,40300,40550,250,50,overlapping,RED,['ACF_dependence_fail'],"Independence strongly rejected (min Ljung-Box p=8.76e-65, |ACF lag-1|=0.7960)."
0.058,0.3559457059095403,0.1806573333333333,0.3084283769527278,0.6881584061248986,0.0755543776343394,299.5985345910168,1.2217282431792597e-62,306.7477838959025,5.817809684306442e-60,318.017640984059,1.665358570698453e-55,z=Phi^{-1}(u),0.8054011694208355,432.3401233012173,0.884,40350,40600,250,50,overlapping,RED,['ACF_dependence_fail'],"Independence strongly rejected (min Ljung-Box p=1.22e-62, |ACF lag-1|=0.8054)."
0.068,0.1891189832154274,0.3203053333333334,0.1185746040623922,1.8987735515615327,0.01,314.64006457361927,7.119543924673084e-66,332.37216356192505,2.1826540933586845e-65,334.73136599298493,6.181496978214355e-59,z=Phi^{-1}(u),0.804012491872063,436.79686717885846,0.88,40400,40650,250,50,overlapping,RED,"['ACF_dependence_fail', 'coverage_warn']","Independence strongly rejected (min Ljung-Box p=7.12e-66, |ACF lag-1|=0.8040).; Coverage mildly off-target by 0.020 (target=0.900)."
0.06,0.3164237517245062,0.1979813333333333,0.2715097972002981,1.038172425756528,0.01,322.64006663825074,1.3537169371043368e-67,337.1027979985081,2.1684185644513482e-66,349.4206186607521,5.864202391281879e-62,z=Phi^{-1}(u),0.8137389666326572,420.1634937330291,0.888,40450,40700,250,50,overlapping,RED,['ACF_dependence_fail'],"Independence strongly rejected (min Ljung-Box p=1.35e-67, |ACF lag-1|=0.8137)."
0.064,0.2467324500849861,0.1688733333333333,0.3370158724876053,0.6736572232144908,0.0815466019774831,287.24413413028986,5.526525903222848e-60,294.22653387150416,2.5810974426056896e-57,324.7736838521802,6.856207967202818e-57,z=Phi^{-1}(u),0.7983721728612825,387.9908531242127,0.912,40500,40750,250,50,overlapping,RED,['ACF_dependence_fail'],"Independence strongly rejected (min Ljung-Box p=5.53e-60, |ACF lag-1|=0.7984)."
0.05,0.5427406465653746,0.1304813333333333,0.4551979605116699,0.589231560541208,0.1284060281848514,334.91681631824866,3.089199492931835e-70,338.5685803367611,1.0600944517357492e-66,360.5499717009227,2.973955967579006e-64,z=Phi^{-1}(u),0.827683741847172,427.4974112197248,0.896,40550,40800,250,50,overlapping,RED,['ACF_dependence_fail'],"Independence strongly rejected (min Ljung-Box p=3.09e-70, |ACF lag-1|=0.8277)."
0.072,0.1425669535852253,0.2771413333333333,0.1569995999096164,0.7135161587266907,0.0650759674683096,315.63586920392186,4.3477184906029116e-66,329.2562053426692,9.984907743602355e-65,391.7062578889592,1.0715140470315264e-70,z=Phi^{-1}(u),0.8165055074536469,421.49746349579374,0.924,40600,40850,250,50,overlapping,RED,"['ACF_dependence_fail', 'coverage_warn']","Independence strongly rejected (min Ljung-Box p=1.07e-70, |ACF lag-1|=0.8165).; Coverage mildly off-target by 0.024 (target=0.900)."
0.098,0.0152929430424031,0.2797293333333294,0.1543336177546297,2.410884936637217,0.01,254.7141775669937,5.35207952133563e-53,276.3729664091304,1.515952730274521e-53,339.56608383442205,6.265451584969327e-60,z=Phi^{-1}(u),0.7730465534808724,469.4926961215164,0.92,40650,40900,250,50,overlapping,RED,"['PIT_uniformity_warn', 'ACF_dependence_fail', 'coverage_warn']","Uniformity weakly rejected (min p=0.0153).; Independence strongly rejected (min Ljung-Box p=6.27e-60, |ACF lag-1|=0.7730).; Coverage mildly off-target by 0.020 (target=0.900)."
0.162,3.360315096730175e-06,1.4243533333333254,0.0002497980444297,2.780649243861859,0.01,239.5297783931408,9.6840152275754e-50,242.8483793790762,1.7281359114122743e-46,258.91669532313307,1.808797799845129e-43,z=Phi^{-1}(u),0.7358178864312377,465.2258963285574,0.9,40700,40950,250,50,overlapping,RED,"['PIT_uniformity_fail', 'ACF_dependence_fail']","Uniformity strongly rejected (min p=3.36e-06, KS=0.1620).; Independence strongly rejected (min Ljung-Box p=9.68e-50, |ACF lag-1|=0.7358)."
0.174,4.333396074387833e-07,2.1756133333332657,4.801465561032892e-06,5.782208599956846,0.01,302.5317155836106,2.8598764416324364e-63,303.999612100036,2.2181327763865025e-59,316.40109794884944,3.5706546412096966e-55,z=Phi^{-1}(u),0.748513127498947,567.2894551513391,0.868,40750,41000,250,50,overlapping,RED,"['PIT_uniformity_fail', 'ACF_dependence_fail', 'coverage_warn']","Uniformity strongly rejected (min p=4.33e-07, KS=0.1740).; Independence strongly rejected (min Ljung-Box p=2.86e-63, |ACF lag-1|=0.7485).; Coverage mildly off-target by 0.032 (target=0.900)."
0.17,8.72093384377922e-07,2.147237333333265,5.569276222305852e-06,5.714665160083285,0.01,302.4198627321832,3.0227101092586493e-63,305.1768435046285,1.2503296061144654e-59,313.7243384521098,1.2618604039925429e-54,z=Phi^{-1}(u),0.7441698316427985,550.4470351992561,0.892,40800,41050,250,50,overlapping,RED,"['PIT_uniformity_fail', 'ACF_dependence_fail']","Uniformity strongly rejected (min p=8.72e-07, KS=0.1700).; Independence strongly rejected (min Ljung-Box p=3.02e-63, |ACF lag-1|=0.7442)."
0.162,3.360315096730175e-06,2.133313333333265,5.9898981292771936e-06,5.6550538671339154,0.01,298.5662374838453,2.036580509622147e-62,301.0554909939072,9.300421714036311e-59,310.75168814586164,5.1233150236434477e-54,z=Phi^{-1}(u),0.7496212972506632,568.2641416532952,0.872,40850,41100,250,50,overlapping,RED,"['PIT_uniformity_fail', 'ACF_dependence_fail', 'coverage_warn']","Uniformity strongly rejected (min p=3.36e-06, KS=0.1620).; Independence strongly rejected (min Ljung-Box p=2.04e-62, |ACF lag-1|=0.7496).; Coverage mildly off-target by 0.028 (target=0.900)."
0.158,6.434116740158326e-06,1.932357333333269,1.7156014099017902e-05,4.265319839492747,0.01,348.1949912138196,4.2825983826234304e-73,355.7050763842436,2.451745144144748e-70,359.5535012738333,4.774856587469273e-64,z=Phi^{-1}(u),0.7709614684438851,557.3474172369929,0.86,40900,41150,250,50,overlapping,RED,"['PIT_uniformity_fail', 'ACF_dependence_fail', 'coverage_warn']","Uniformity strongly rejected (min p=6.43e-06, KS=0.1580).; Independence strongly rejected (min Ljung-Box p=4.28e-73, |ACF lag-1|=0.7710).; Coverage mildly off-target by 0.040 (target=0.900)."
0.146,4.090430161748266e-05,1.1728853333332971,0.0009557522336465,3.4936308101600275,0.01,352.4795787622134,5.119679718173395e-74,358.5019387730561,6.247022994902077e-71,367.0928118857969,1.3257659904464938e-65,z=Phi^{-1}(u),0.7882771137245019,518.1905923486217,0.88,40950,41200,250,50,overlapping,RED,"['PIT_uniformity_fail', 'ACF_dependence_fail', 'coverage_warn']","Uniformity strongly rejected (min p=4.09e-05, KS=0.1460).; Independence strongly rejected (min Ljung-Box p=5.12e-74, |ACF lag-1|=0.7883).; Coverage mildly off-target by 0.020 (target=0.900)."
0.12,0.0013550102442608,0.5637533333333332,0.0274522766667658,1.403771154144465,0.01,293.4837767614954,2.5201960438598418e-61,300.74409971219615,1.0822678506035257e-58,333.4655468061779,1.1252429911248688e-58,z=Phi^{-1}(u),0.7907589242259314,420.0141577598173,0.916,41000,41250,250,50,overlapping,RED,"['PIT_uniformity_fail', 'ACF_dependence_fail']","Uniformity strongly rejected (min p=0.00136, KS=0.1200).; Independence strongly rejected (min Ljung-Box p=2.52e-61, |ACF lag-1|=0.7908)."
0.09,0.032690132515418,0.3143133333333333,0.1232142185216949,1.6813819119087157,0.01,271.1869389292969,1.5560438866592498e-56,297.1666625955784,6.1733111157873984e-58,389.0099463087256,3.878284450796027e-70,z=Phi^{-1}(u),0.7817360820561995,412.8690325455582,0.916,41050,41300,250,50,overlapping,RED,"['PIT_uniformity_warn', 'ACF_dependence_fail']","Uniformity weakly rejected (min p=0.0327).; Independence strongly rejected (min Ljung-Box p=3.88e-70, |ACF lag-1|=0.7817)."
0.078,0.090497873806594,0.4104613333333333,0.0677287612709355,2.8169195179895894,0.01,279.6030341448725,2.4224541775632973e-58,323.74598623357264,1.4680350182478802e-63,412.4355349015602,5.360605280440634e-75,z=Phi^{-1}(u),0.7911694757088074,436.1663978204518,0.912,41100,41350,250,50,overlapping,RED,['ACF_dependence_fail'],"Independence strongly rejected (min Ljung-Box p=5.36e-75, |ACF lag-1|=0.7912)."
0.0719999999999999,0.1425669535852263,0.2488613333333333,0.1898553446975049,2.015418487372756,0.01,319.3131918045689,7.034598874007206e-67,349.346542145709,5.483512267679581e-69,430.2231112380014,1.0737900032898083e-78,z=Phi^{-1}(u),0.798061293571477,405.83758307448176,0.924,41150,41400,250,50,overlapping,RED,"['ACF_dependence_fail', 'coverage_warn']","Independence strongly rejected (min Ljung-Box p=1.07e-78, |ACF lag-1|=0.7981).; Coverage mildly off-target by 0.024 (target=0.900)."
0.1019999999999999,0.0102089770242199,0.8021253333333292,0.0071759456911463,3.2516714983534314,0.01,326.22261005877505,2.294763182109506e-68,403.9721327000827,1.343641118509086e-80,576.8800609506656,2.1209986529892601e-109,z=Phi^{-1}(u),0.789140823577453,489.5030600627001,0.904,41200,41450,250,50,overlapping,RED,"['PIT_uniformity_fail', 'ACF_dependence_fail']","Uniformity strongly rejected (min p=0.00718, KS=0.1020).; Independence strongly rejected (min Ljung-Box p=2.12e-109, |ACF lag-1|=0.7891)."
0.088,0.0391297550232401,0.5659853333333292,0.0271018943513977,2.212339936002536,0.01,338.8721184646904,4.350769364974253e-71,392.065543095731,4.592606549917509e-78,537.3119399302342,4.3847093713469775e-101,z=Phi^{-1}(u),0.8080339965993247,484.95764450952106,0.904,41250,41500,250,50,overlapping,RED,"['PIT_uniformity_warn', 'ACF_dependence_fail']","Uniformity weakly rejected (min p=0.0271).; Independence strongly rejected (min Ljung-Box p=4.38e-101, |ACF lag-1|=0.8080)."
0.076,0.1057293785294712,0.5920973333333294,0.0233319140333159,1.7486451336753248,0.01,338.56354224686487,5.0697034745556695e-71,376.4114983101524,9.792217500296374e-75,457.2179284620773,2.545818885115536e-84,z=Phi^{-1}(u),0.8058086596015415,532.651062268038,0.884,41300,41550,250,50,overlapping,RED,"['PIT_uniformity_warn', 'ACF_dependence_fail']","Uniformity weakly rejected (min p=0.0233).; Independence strongly rejected (min Ljung-Box p=2.55e-84, |ACF lag-1|=0.8058)."
0.098,0.015292943042403,0.8424333333333294,0.005745250499384,1.405367325267548,0.01,326.28004046860826,2.2303909360928884e-68,357.00467104470965,1.2988868403852263e-70,434.88190491746593,1.1512575107915934e-79,z=Phi^{-1}(u),0.8014697440803409,507.6978869680863,0.904,41350,41600,250,50,overlapping,RED,"['PIT_uniformity_fail', 'ACF_dependence_fail']","Uniformity strongly rejected (min p=0.00575, KS=0.0980).; Independence strongly rejected (min Ljung-Box p=1.15e-79, |ACF lag-1|=0.8015)."
0.0699999999999999,0.1645397722936834,0.2976373333333173,0.1372346923330321,2.7781074145497087,0.01,320.5396613722586,3.8317455507171344e-67,334.7390014075866,6.875186797839053e-66,362.8965973047296,9.749500389277416e-65,z=Phi^{-1}(u),0.7852970453258363,548.8747619305364,0.876,41400,41650,250,50,overlapping,RED,"['ACF_dependence_fail', 'coverage_warn']","Independence strongly rejected (min Ljung-Box p=3.83e-67, |ACF lag-1|=0.7853).; Coverage mildly off-target by 0.024 (target=0.900)."
0.038,0.8494381731293243,0.0623093333332693,0.7998952405628661,5.433536477852385,0.01,296.3759799935065,6.022066617906301e-62,297.5475948356503,5.128732412486301e-58,298.40714088682114,1.7091763713350896e-51,z=Phi^{-1}(u),0.8332327760532626,523.1589741649957,0.884,41450,41700,250,50,overlapping,RED,['ACF_dependence_fail'],"Independence strongly rejected (min Ljung-Box p=6.02e-62, |ACF lag-1|=0.8332)."
0.044,0.701365666779957,0.0836693333332693,0.6713299754392952,4.442968626217322,0.01,351.0072559343831,1.0622880422778566e-73,362.4604379995948,9.017067481241304e-72,385.9558716909237,1.6641058904897036e-69,z=Phi^{-1}(u),0.8249005769943097,575.0674538066783,0.88,41500,41750,250,50,overlapping,RED,"['ACF_dependence_fail', 'coverage_warn']","Independence strongly rejected (min Ljung-Box p=1.06e-73, |ACF lag-1|=0.8249).; Coverage mildly off-target by 0.020 (target=0.900)."
0.054,0.4440650591425542,0.1776213333332693,0.315504502059122,4.134205016711974,0.01,354.1843738879717,2.198754028166405e-74,361.3087504917001,1.583629014578479e-71,377.73269990208007,8.3772196338205e-68,z=Phi^{-1}(u),0.82070453412218,550.0583870460792,0.884,41550,41800,250,50,overlapping,RED,['ACF_dependence_fail'],"Independence strongly rejected (min Ljung-Box p=2.2e-74, |ACF lag-1|=0.8207)."
0.078,0.090497873806594,0.3155533333331893,0.1222376761057216,7.267935117978936,0.01,320.0108312216516,4.9792246604798085e-67,324.54091867090784,9.962141238757497e-64,332.55265578338685,1.733126543632466e-58,z=Phi^{-1}(u),0.8188095375728925,668.718241289238,0.852,41600,41850,250,50,overlapping,RED,"['ACF_dependence_fail', 'coverage_warn']","Independence strongly rejected (min Ljung-Box p=4.98e-67, |ACF lag-1|=0.8188).; Coverage mildly off-target by 0.048 (target=0.900)."
0.076,0.1057293785294712,0.2808733333332334,0.1531716257477318,6.386578291337969,0.01,318.2181031737938,1.2100709711262528e-66,343.9065466662624,7.820489320680702e-68,379.2366047284125,4.092389283306449e-68,z=Phi^{-1}(u),0.8371333523622272,679.5361788966064,0.88,41650,41900,250,50,overlapping,RED,"['ACF_dependence_fail', 'coverage_warn']","Independence strongly rejected (min Ljung-Box p=4.09e-68, |ACF lag-1|=0.8371).; Coverage mildly off-target by 0.020 (target=0.900)."
0.134,0.0002242473030294,1.106893333333297,0.0013628928110344,4.379289684313534,0.01,308.00626182876,1.901828355423245e-64,339.83232262952987,5.7195245188009193e-67,391.621217043485,1.115886624209835e-70,z=Phi^{-1}(u),0.8148237685813199,743.2698686122768,0.888,41700,41950,250,50,overlapping,RED,"['PIT_uniformity_fail', 'ACF_dependence_fail']","Uniformity strongly rejected (min p=0.000224, KS=0.1340).; Independence strongly rejected (min Ljung-Box p=1.12e-70, |ACF lag-1|=0.8148)."
0.188,3.286109425382487e-08,1.9210053333332973,1.8208415283771373e-05,7.116647428571127,0.01,304.5330993343783,1.0617432053774577e-63,333.9096915768664,1.0305848688219997e-65,386.01792566387377,1.6155898426572318e-69,z=Phi^{-1}(u),0.8057454187306179,705.2608029047983,0.896,41750,42000,250,50,overlapping,RED,"['PIT_uniformity_fail', 'ACF_dependence_fail']","Uniformity strongly rejected (min p=3.29e-08, KS=0.1880).; Independence strongly rejected (min Ljung-Box p=1.62e-69, |ACF lag-1|=0.8057)."
0.156,8.848081887923624e-06,1.5332293333332971,0.000140285325006,7.526053250701636,0.01,290.2066663143089,1.2758061825732322e-60,336.63629031126845,2.723031876664281e-66,398.0859098679233,5.099049993463148e-72,z=Phi^{-1}(u),0.8060106104179938,635.5312097913971,0.924,41800,42050,250,50,overlapping,RED,"['PIT_uniformity_fail', 'ACF_dependence_fail', 'coverage_warn']","Uniformity strongly rejected (min p=8.85e-06, KS=0.1560).; Independence strongly rejected (min Ljung-Box p=5.1e-72, |ACF lag-1|=0.8060).; Coverage mildly off-target by 0.024 (target=0.900)."
0.0619999999999999,0.2800260038615038,0.2502933333333293,0.1880120102668631,1.79533012518948,0.01,345.4885338901248,1.6381474680987305e-72,362.054312013142,1.0998102954355389e-71,397.9794901165632,5.364860476096193e-72,z=Phi^{-1}(u),0.8161543231564132,468.376836021641,0.956,41850,42100,250,50,overlapping,RED,"['ACF_dependence_fail', 'overcoverage']","Independence strongly rejected (min Ljung-Box p=1.64e-72, |ACF lag-1|=0.8162).; Coverage off-target by 0.056 (target=0.900)."
0.102,0.0102089770242199,0.4616853333333293,0.0498204445724883,1.7843947785386265,0.01,325.53700653351194,3.2229430664508188e-68,329.3031186527554,9.758946550801005e-65,334.4964066172949,6.908551083166807e-59,z=Phi^{-1}(u),0.8015671760576591,369.0186036396145,0.956,41900,42150,250,50,overlapping,RED,"['PIT_uniformity_warn', 'ACF_dependence_fail', 'overcoverage']","Uniformity weakly rejected (min p=0.0102).; Independence strongly rejected (min Ljung-Box p=3.22e-68, |ACF lag-1|=0.8016).; Coverage off-target by 0.056 (target=0.900)."
0.134,0.0002242473030294,1.1151213333333332,0.0013038087740451,2.0482546225047717,0.01,330.3536968768336,2.963682314385691e-69,335.3896333675989,5.00442825755829e-66,344.30185647216,6.643515667302771e-61,z=Phi^{-1}(u),0.8102077490477845,239.77147583102183,0.96,41950,42200,250,50,overlapping,RED,"['PIT_uniformity_fail', 'ACF_dependence_fail', 'overcoverage']","Uniformity strongly rejected (min p=0.000224, KS=0.1340).; Independence strongly rejected (min Ljung-Box p=2.96e-69, |ACF lag-1|=0.8102).; Coverage off-target by 0.060 (target=0.900)."
0.122,0.0010608632709633,1.0778893333333337,0.0015936352790659,2.139089469093051,0.01,321.2558894499861,2.6872907909505867e-67,329.0636535066684,1.0968473541397189e-64,337.2748016059928,1.854374069680116e-59,z=Phi^{-1}(u),0.8036880259670951,222.13193101832968,0.96,42000,42250,250,50,overlapping,RED,"['PIT_uniformity_fail', 'ACF_dependence_fail', 'overcoverage']","Uniformity strongly rejected (min p=0.00106, KS=0.1220).; Independence strongly rejected (min Ljung-Box p=2.69e-67, |ACF lag-1|=0.8037).; Coverage off-target by 0.060 (target=0.900)."
0.102,0.0102089770242199,0.6098893333333333,0.0210786383899842,1.899459406956737,0.01,270.65435371247054,2.0248835094511698e-56,275.35210361796584,2.4887531990325787e-53,278.12481680344456,2.3116322094374423e-47,z=Phi^{-1}(u),0.7513576048399162,240.21523652360509,0.956,42050,42300,250,50,overlapping,RED,"['PIT_uniformity_warn', 'ACF_dependence_fail', 'overcoverage']","Uniformity weakly rejected (min p=0.0102).; Independence strongly rejected (min Ljung-Box p=2.02e-56, |ACF lag-1|=0.7514).; Coverage off-target by 0.056 (target=0.900)."
0.082,0.065501447806285,0.6830013333332693,0.0139375712440237,5.6873515104704495,0.01,341.9530588670668,9.449521095143082e-72,343.5050980746716,9.51459484462851e-68,345.70794772986284,3.4111665565901454e-61,z=Phi^{-1}(u),0.8184086077145677,304.7718259077008,0.928,42100,42350,250,50,overlapping,RED,"['PIT_uniformity_warn', 'ACF_dependence_fail', 'coverage_warn']","Uniformity weakly rejected (min p=0.0139).; Independence strongly rejected (min Ljung-Box p=9.45e-72, |ACF lag-1|=0.8184).; Coverage mildly off-target by 0.028 (target=0.900)."
0.1019999999999999,0.0102089770242199,1.210565333333269,0.0007809049189329,5.213253902461048,0.01,361.50861412902,5.821000675927117e-76,371.7532261330148,9.569656522250062e-74,377.17427089270217,1.0929752207896954e-67,z=Phi^{-1}(u),0.8117129796986208,332.7134955560392,0.904,42150,42400,250,50,overlapping,RED,"['PIT_uniformity_fail', 'ACF_dependence_fail']","Uniformity strongly rejected (min p=0.000781, KS=0.1020).; Independence strongly rejected (min Ljung-Box p=5.82e-76, |ACF lag-1|=0.8117)."
0.14,9.755941577025083e-05,1.5829213333332692,0.0001078754657424,4.730258445066568,0.01,330.41123405296,2.880383904831651e-69,345.1117818515902,4.340723422589659e-68,350.8742666437392,2.942278076514358e-62,z=Phi^{-1}(u),0.8004423560502156,339.3187068719959,0.896,42200,42450,250,50,overlapping,RED,"['PIT_uniformity_fail', 'ACF_dependence_fail']","Uniformity strongly rejected (min p=9.76e-05, KS=0.1400).; Independence strongly rejected (min Ljung-Box p=2.88e-69, |ACF lag-1|=0.8004)."
0.152,1.652679981066289e-05,1.8494013333332693,2.6513932701033305e-05,4.90436786693607,0.01,331.3286332808093,1.8282476568186216e-69,346.5462765025419,2.153918224261069e-68,358.00919897525785,9.944314012501884e-64,z=Phi^{-1}(u),0.7997496876280203,328.08615333127574,0.876,42250,42500,250,50,overlapping,RED,"['PIT_uniformity_fail', 'ACF_dependence_fail', 'coverage_warn']","Uniformity strongly rejected (min p=1.65e-05, KS=0.1520).; Independence strongly rejected (min Ljung-Box p=1.83e-69, |ACF lag-1|=0.7997).; Coverage mildly off-target by 0.024 (target=0.900)."
0.152,1.652679981066289e-05,2.3482733333332333,1.9487868521128604e-06,7.486457892947101,0.01,296.453413282593,5.795623492150627e-62,301.68104353407455,6.858786168041977e-59,308.9785034063804,1.1813463459108075e-53,z=Phi^{-1}(u),0.7796422943768568,346.42225038104993,0.852,42300,42550,250,50,overlapping,RED,"['PIT_uniformity_fail', 'ACF_dependence_fail', 'coverage_warn']","Uniformity strongly rejected (min p=1.95e-06, KS=0.1520).; Independence strongly rejected (min Ljung-Box p=5.8e-62, |ACF lag-1|=0.7796).; Coverage mildly off-target by 0.048 (target=0.900)."
0.1659999999999999,1.7261388018052491e-06,1.7829693333333294,3.7590489374572655e-05,7.267368819536045,0.01,240.3293077902377,6.525182699710354e-50,243.5351969329936,1.2396596354141642e-46,245.2811262512236,1.020065709143614e-40,z=Phi^{-1}(u),0.7129484819152856,265.3868291527681,0.88,42350,42600,250,50,overlapping,RED,"['PIT_uniformity_fail', 'ACF_dependence_fail', 'coverage_warn']","Uniformity strongly rejected (min p=1.73e-06, KS=0.1660).; Independence strongly rejected (min Ljung-Box p=6.53e-50, |ACF lag-1|=0.7129).; Coverage mildly off-target by 0.020 (target=0.900)."
0.152,1.652679981066289e-05,1.6811813333333292,6.423454691595332e-05,9.742265469404174,0.01,256.2350172185256,2.5242026958497072e-53,260.1331241204181,4.00607821476885e-50,261.82951027573444,4.658568964574561e-44,z=Phi^{-1}(u),0.7249606094813187,222.06448813464587,0.92,42400,42650,250,50,overlapping,RED,"['PIT_uniformity_fail', 'ACF_dependence_fail', 'coverage_warn']","Uniformity strongly rejected (min p=1.65e-05, KS=0.1520).; Independence strongly rejected (min Ljung-Box p=2.52e-53, |ACF lag-1|=0.7250).; Coverage mildly off-target by 0.020 (target=0.900)."
0.242,2.2568131237880093e-13,3.822485333333325,9.9513808304863e-10,14.128077972698634,0.01,258.32394747037984,8.990153600416773e-54,258.7622091515583,7.785785656723809e-50,261.91833501787994,4.469712261366908e-44,z=Phi^{-1}(u),0.7070796723432055,211.856394319619,0.916,42450,42700,250,50,overlapping,RED,"['PIT_uniformity_fail', 'ACF_dependence_fail']","Uniformity strongly rejected (min p=2.26e-13, KS=0.2420).; Independence strongly rejected (min Ljung-Box p=8.99e-54, |ACF lag-1|=0.7071)."
0.25,2.9716469677443324e-14,4.316465333333185,6.968425836362258e-11,18.306561678972,0.01,265.7634624386481,2.2732763243149877e-55,267.19471356221345,1.3046237591094748e-51,271.34081909683294,5.511418741593483e-46,z=Phi^{-1}(u),0.7561419724802312,346.11096723314614,0.888,42500,42750,250,50,overlapping,RED,"['PIT_uniformity_fail', 'ACF_dependence_fail']","Uniformity strongly rejected (min p=2.97e-14, KS=0.2500).; Independence strongly rejected (min Ljung-Box p=2.27e-55, |ACF lag-1|=0.7561)."
0.25,2.9716469677443324e-14,4.73481333333319,2.152222844387097e-11,16.288257004321736,0.01,274.4966680561241,3.0280848609836274e-57,277.9409138748612,7.078902718309541e-54,284.7070588423094,1.0600985256126904e-48,z=Phi^{-1}(u),0.7785383499676747,320.926076931638,0.9,42550,42800,250,50,overlapping,RED,"['PIT_uniformity_fail', 'ACF_dependence_fail']","Uniformity strongly rejected (min p=2.97e-14, KS=0.2500).; Independence strongly rejected (min Ljung-Box p=3.03e-57, |ACF lag-1|=0.7785)."
0.2199999999999999,4.1688134263188006e-11,3.928033333333189,6.827914900142672e-10,14.907492717365017,0.01,267.9828867932008,7.5873057914673625e-56,271.3746424114062,1.7162780251709902e-52,278.21405643706777,2.217098803256374e-47,z=Phi^{-1}(u),0.7822144840689335,343.1448003659981,0.888,42600,42850,250,50,overlapping,RED,"['PIT_uniformity_fail', 'ACF_dependence_fail']","Uniformity strongly rejected (min p=4.17e-11, KS=0.2200).; Independence strongly rejected (min Ljung-Box p=7.59e-56, |ACF lag-1|=0.7822)."
0.168,1.2294793527600963e-06,1.8254133333331888,3.007424937040426e-05,12.62395615174148,0.01,260.8402371580036,2.5919591947975202e-54,262.2980318885288,1.4024948206332372e-50,269.99306840362146,1.0342192379204965e-45,z=Phi^{-1}(u),0.7678088772715056,346.7893684514863,0.884,42650,42900,250,50,overlapping,RED,"['PIT_uniformity_fail', 'ACF_dependence_fail']","Uniformity strongly rejected (min p=1.23e-06, KS=0.1680).; Independence strongly rejected (min Ljung-Box p=2.59e-54, |ACF lag-1|=0.7678)."
0.144,5.487659392626315e-05,0.9436253333332332,0.0033007987138859,10.624485466172132,0.01,269.4514061521805,3.6705940229877843e-56,269.9368013621805,3.448667994445483e-52,274.6008216225413,1.2013871523748135e-46,z=Phi^{-1}(u),0.7878423803978073,312.6361587721125,0.908,42700,42950,250,50,overlapping,RED,"['PIT_uniformity_fail', 'ACF_dependence_fail']","Uniformity strongly rejected (min p=5.49e-05, KS=0.1440).; Independence strongly rejected (min Ljung-Box p=3.67e-56, |ACF lag-1|=0.7878)."
0.096,0.0186040510745637,0.5752013333333333,0.0257037418042778,4.056575773847129,0.01,211.5259138653923,9.699299032451697e-44,225.55342106997816,7.343495062430515e-43,240.50435241720672,9.325918199379456e-40,z=Phi^{-1}(u),0.7293192424649203,206.55080739165484,0.928,42750,43000,250,50,overlapping,RED,"['PIT_uniformity_warn', 'ACF_dependence_fail', 'coverage_warn']","Uniformity weakly rejected (min p=0.0186).; Independence strongly rejected (min Ljung-Box p=9.7e-44, |ACF lag-1|=0.7293).; Coverage mildly off-target by 0.028 (target=0.900)."
0.0999999999999999,0.0125203447299346,0.4311693333333333,0.0597746496623521,3.4338999443071714,0.01,179.8026594420775,5.896405994289659e-37,197.4013814183922,5.619293277765854e-37,226.06829389206624,7.323145988904349e-37,z=Phi^{-1}(u),0.6985290008772416,210.82100957878563,0.932,42800,43050,250,50,overlapping,RED,"['PIT_uniformity_warn', 'ACF_dependence_fail', 'coverage_warn']","Uniformity weakly rejected (min p=0.0125).; Independence strongly rejected (min Ljung-Box p=5.62e-37, |ACF lag-1|=0.6985).; Coverage mildly off-target by 0.032 (target=0.900)."
0.0879999999999999,0.0391297550232407,0.4069453333333334,0.0691887861375076,1.533765646918425,0.01,213.93508078186107,2.957365524674881e-44,227.3763873551921,3.0472551742008237e-43,243.85097839368737,1.979348105415206e-40,z=Phi^{-1}(u),0.7217217600354965,239.8155295117741,0.912,42850,43100,250,50,overlapping,RED,"['PIT_uniformity_warn', 'ACF_dependence_fail']","Uniformity weakly rejected (min p=0.0391).; Independence strongly rejected (min Ljung-Box p=2.96e-44, |ACF lag-1|=0.7217)."
0.142,7.331959943971247e-05,1.3323813333333334,0.0004073832864089,1.2342854235882896,0.01,271.5120937144599,1.3249218420559789e-56,281.7929612204293,1.0895366132052398e-54,298.1266918310615,1.9500075824519352e-51,z=Phi^{-1}(u),0.7725764233791976,292.1260769847549,0.88,42900,43150,250,50,overlapping,RED,"['PIT_uniformity_fail', 'ACF_dependence_fail', 'coverage_warn']","Uniformity strongly rejected (min p=7.33e-05, KS=0.1420).; Independence strongly rejected (min Ljung-Box p=1.32e-56, |ACF lag-1|=0.7726).; Coverage mildly off-target by 0.020 (target=0.900)."
0.154,1.211756149014716e-05,1.2282573333333335,0.0007103232943377,0.9623445942613102,0.0164495746054342,284.3502187288524,2.313702687195524e-59,308.77364076849483,2.1687532712500613e-60,346.80466815704114,2.0279571179254843e-61,z=Phi^{-1}(u),0.7814890358781094,304.4871648003232,0.888,42950,43200,250,50,overlapping,RED,"['PIT_uniformity_fail', 'ACF_dependence_fail']","Uniformity strongly rejected (min p=1.21e-05, KS=0.1540).; Independence strongly rejected (min Ljung-Box p=2.03e-61, |ACF lag-1|=0.7815)."
0.158,6.434116740158326e-06,1.9055613333333332,1.974493524314891e-05,1.703187104172173,0.01,253.712786839335,8.77860999680613e-53,302.1924494538891,5.347114471641289e-59,360.7382877378287,2.719389526117146e-64,z=Phi^{-1}(u),0.7680204597650586,272.08153163982126,0.916,43000,43250,250,50,overlapping,RED,"['PIT_uniformity_fail', 'ACF_dependence_fail']","Uniformity strongly rejected (min p=6.43e-06, KS=0.1580).; Independence strongly rejected (min Ljung-Box p=2.72e-64, |ACF lag-1|=0.7680)."
0.17,8.72093384377922e-07,2.5682693333333333,6.188554894093201e-07,2.378500488133568,0.01,239.2222038777249,1.1272346929523156e-49,323.18920609321646,1.9260529475763104e-63,405.3787698562469,1.5647923443091737e-73,z=Phi^{-1}(u),0.7649442289595368,262.60931365347955,0.916,43050,43300,250,50,overlapping,RED,"['PIT_uniformity_fail', 'ACF_dependence_fail']","Uniformity strongly rejected (min p=6.19e-07, KS=0.1700).; Independence strongly rejected (min Ljung-Box p=1.56e-73, |ACF lag-1|=0.7649)."
0.098,0.0152929430424031,0.5334213333333333,0.0327115936762794,2.5322266128287936,0.01,233.85338248255087,1.5965291600107445e-48,238.1242544602309,1.696566121859524e-45,265.29533682466166,9.260736999920829e-45,z=Phi^{-1}(u),0.7430339012019364,224.0667372354551,0.932,43100,43350,250,50,overlapping,RED,"['PIT_uniformity_warn', 'ACF_dependence_fail', 'coverage_warn']","Uniformity weakly rejected (min p=0.0153).; Independence strongly rejected (min Ljung-Box p=1.6e-48, |ACF lag-1|=0.7430).; Coverage mildly off-target by 0.032 (target=0.900)."
0.088,0.0391297550232401,0.3618933333333333,0.0912413812963583,2.528802346818509,0.01,163.16924487015586,2.0892241333414696e-33,172.14828927514318,9.957915761686866e-32,178.76136294136612,1.695885899497072e-27,z=Phi^{-1}(u),0.6881093097282902,169.76083839374337,0.96,43150,43400,250,50,overlapping,RED,"['PIT_uniformity_warn', 'ACF_dependence_fail', 'overcoverage']","Uniformity weakly rejected (min p=0.0391).; Independence strongly rejected (min Ljung-Box p=2.09e-33, |ACF lag-1|=0.6881).; Coverage off-target by 0.060 (target=0.900)."
0.0839999999999999,0.0553890740154743,0.3067413333333333,0.1293704847294498,1.7844383174786742,0.01,109.21463586422,6.004228789516808e-22,112.73640010017532,1.495840142913297e-19,118.76704255738578,4.821720743391109e-16,z=Phi^{-1}(u),0.6076879069126452,152.95974334445145,0.956,43200,43450,250,50,overlapping,RED,"['ACF_dependence_fail', 'overcoverage']","Independence strongly rejected (min Ljung-Box p=6e-22, |ACF lag-1|=0.6077).; Coverage off-target by 0.056 (target=0.900)."
0.0939999999999999,0.0225406568153297,0.7398293333333172,0.0101403929354997,1.9065180369912011,0.01,124.81762836208075,2.991058608000216e-25,126.27194467677845,2.686813324708492e-22,127.804163823922,1.0051554079830256e-17,z=Phi^{-1}(u),0.6482602325592068,193.5320326640524,0.92,43250,43500,250,50,overlapping,RED,"['PIT_uniformity_warn', 'ACF_dependence_fail', 'coverage_warn']","Uniformity weakly rejected (min p=0.0101).; Independence strongly rejected (min Ljung-Box p=2.99e-25, |ACF lag-1|=0.6483).; Coverage mildly off-target by 0.020 (target=0.900)."
0.1119999999999999,0.0034624885629555,1.1382333333333172,0.0011513256921008,2.093683913046249,0.01,133.25412041621763,4.8508227652701245e-27,135.74822676076337,3.1276612003120355e-24,139.88673659082326,5.317937646396824e-20,z=Phi^{-1}(u),0.6472352453444794,197.83920072629172,0.912,43300,43550,250,50,overlapping,RED,"['PIT_uniformity_fail', 'ACF_dependence_fail']","Uniformity strongly rejected (min p=0.00115, KS=0.1120).; Independence strongly rejected (min Ljung-Box p=4.85e-27, |ACF lag-1|=0.6472)."
0.076,0.1057293785294717,0.1781613333331893,0.3142317227712918,6.99945103059838,0.01,220.1540520338053,1.3771090820620569e-45,220.62428331671552,7.910743477251383e-42,224.72319152569077,1.3604339843757158e-36,z=Phi^{-1}(u),0.7482568367046137,336.0772234906107,0.888,43350,43600,250,50,overlapping,RED,['ACF_dependence_fail'],"Independence strongly rejected (min Ljung-Box p=1.38e-45, |ACF lag-1|=0.7483)."
0.0539999999999999,0.4440650591425555,0.1741813333331893,0.3237600380147211,7.124966472438814,0.01,226.2672209316323,6.748291854650404e-47,227.12191209154125,3.4453991221934175e-43,231.01132515682843,7.500453081550273e-38,z=Phi^{-1}(u),0.7521453629976947,357.9255263327475,0.88,43400,43650,250,50,overlapping,RED,"['ACF_dependence_fail', 'coverage_warn']","Independence strongly rejected (min Ljung-Box p=6.75e-47, |ACF lag-1|=0.7521).; Coverage mildly off-target by 0.020 (target=0.900)."
0.066,0.2164684877017035,0.2646173333331894,0.170668745406629,6.152107083862688,0.01,254.0842741266144,7.306409066701683e-53,255.19812809766083,4.378544428806903e-49,261.0275654168996,6.768609732242515e-44,z=Phi^{-1}(u),0.7725307714311169,394.8943443613896,0.856,43450,43700,250,50,overlapping,RED,"['ACF_dependence_fail', 'coverage_warn']","Independence strongly rejected (min Ljung-Box p=7.31e-53, |ACF lag-1|=0.7725).; Coverage mildly off-target by 0.044 (target=0.900)."
0.0979999999999999,0.0152929430424032,0.4184453333332053,0.0645350469178123,7.090617156927578,0.01,352.0041197306617,6.480567917167225e-74,366.8189695750121,1.0697240984917974e-72,404.399904893885,2.4981198292565215e-73,z=Phi^{-1}(u),0.8222345383674815,394.5748418575776,0.848,43500,43750,250,50,overlapping,RED,"['PIT_uniformity_warn', 'ACF_dependence_fail', 'undercoverage']","Uniformity weakly rejected (min p=0.0153).; Independence strongly rejected (min Ljung-Box p=6.48e-74, |ACF lag-1|=0.8222).; Coverage off-target by 0.052 (target=0.900)."
0.1099999999999999,0.0043334485784834,0.7204573333332053,0.0112982373245213,7.513894585397679,0.01,329.6236183831042,4.255333619508488e-69,341.8168395788095,2.1701141527507148e-67,377.2943703544173,1.0322112576763474e-67,z=Phi^{-1}(u),0.8195055136904941,388.04503386713736,0.848,43550,43800,250,50,overlapping,RED,"['PIT_uniformity_fail', 'ACF_dependence_fail', 'undercoverage']","Uniformity strongly rejected (min p=0.00433, KS=0.1100).; Independence strongly rejected (min Ljung-Box p=4.26e-69, |ACF lag-1|=0.8195).; Coverage off-target by 0.052 (target=0.900)."
0.152,1.652679981066289e-05,2.8384933333332696,1.51478204979405e-07,4.309841366903669,0.01,241.435920787206,3.778006468346425e-50,245.4766457818982,4.846199786952696e-47,254.39006880733575,1.4858090314246338e-42,z=Phi^{-1}(u),0.7596889223721918,244.04944935027672,0.88,43600,43850,250,50,overlapping,RED,"['PIT_uniformity_fail', 'ACF_dependence_fail', 'coverage_warn']","Uniformity strongly rejected (min p=1.51e-07, KS=0.1520).; Independence strongly rejected (min Ljung-Box p=3.78e-50, |ACF lag-1|=0.7597).; Coverage mildly off-target by 0.020 (target=0.900)."
0.174,4.333396074387833e-07,3.434553333333269,6.8132891550831695e-09,4.642838088169924,0.01,245.51177021173925,5.0468415957884883e-51,246.91564003520625,2.415447186148647e-47,250.74454525433677,8.084123055050253e-42,z=Phi^{-1}(u),0.7690836381534446,258.95555053280617,0.876,43650,43900,250,50,overlapping,RED,"['PIT_uniformity_fail', 'ACF_dependence_fail', 'coverage_warn']","Uniformity strongly rejected (min p=6.81e-09, KS=0.1740).; Independence strongly rejected (min Ljung-Box p=5.05e-51, |ACF lag-1|=0.7691).; Coverage mildly off-target by 0.024 (target=0.900)."
0.228,6.6370112177691386e-12,6.391185333333235,3.0333291434203596e-11,7.189219497141153,0.01,207.2691218793861,7.906302241790036e-43,210.97108548695329,8.267893372476339e-40,220.03048245788693,1.1775830041726733e-35,z=Phi^{-1}(u),0.7270054764700654,269.33723074260325,0.876,43700,43950,250,50,overlapping,RED,"['PIT_uniformity_fail', 'ACF_dependence_fail', 'coverage_warn']","Uniformity strongly rejected (min p=6.64e-12, KS=0.2280).; Independence strongly rejected (min Ljung-Box p=7.91e-43, |ACF lag-1|=0.7270).; Coverage mildly off-target by 0.024 (target=0.900)."
0.154,1.211756149014716e-05,2.7221453333333296,2.776158382067351e-07,0.8857117371413779,0.0235452095239464,177.3885367076375,1.9324118161164303e-36,178.78135595051532,4.194968678389527e-33,185.7879458068812,7.12034124987255e-29,z=Phi^{-1}(u),0.6984526819682527,324.54648808627815,0.864,43750,44000,250,50,overlapping,RED,"['PIT_uniformity_fail', 'ACF_dependence_fail', 'coverage_warn']","Uniformity strongly rejected (min p=2.78e-07, KS=0.1540).; Independence strongly rejected (min Ljung-Box p=1.93e-36, |ACF lag-1|=0.6985).; Coverage mildly off-target by 0.036 (target=0.900)."
0.072,0.1425669535852253,0.3934893333333293,0.0750980982059782,0.596666306759488,0.1230954951717943,325.07473227875545,4.052417278285766e-68,339.8432145734525,5.689185785849913e-67,402.4223555356575,6.4264407385174e-73,z=Phi^{-1}(u),0.7879075248857398,470.7035991210306,0.844,43800,44050,250,50,overlapping,RED,"['ACF_dependence_fail', 'undercoverage']","Independence strongly rejected (min Ljung-Box p=6.43e-73, |ACF lag-1|=0.7879).; Coverage off-target by 0.056 (target=0.900)."
0.066,0.2164684877017028,0.2143493333333293,0.241381940669323,0.5074013386469289,0.15,339.1058317245715,3.874916618907814e-71,353.9776953899513,5.703781450643639e-70,412.5623002893258,5.045244529437294e-75,z=Phi^{-1}(u),0.7914911972571383,490.67696709783854,0.856,43850,44100,250,50,overlapping,RED,"['ACF_dependence_fail', 'coverage_warn']","Independence strongly rejected (min Ljung-Box p=5.05e-75, |ACF lag-1|=0.7915).; Coverage mildly off-target by 0.044 (target=0.900)."
0.066,0.2164684877017035,0.3200733333333292,0.1187505675684857,0.4771372004515513,0.15,307.9569968048366,1.948792284506678e-64,324.68559035423635,9.28339916107049e-64,365.6574691739766,2.6237446634698764e-65,z=Phi^{-1}(u),0.7834109324885777,476.5820936882647,0.868,43900,44150,250,50,overlapping,RED,"['ACF_dependence_fail', 'coverage_warn']","Independence strongly rejected (min Ljung-Box p=2.62e-65, |ACF lag-1|=0.7834).; Coverage mildly off-target by 0.032 (target=0.900)."
0.134,0.0002242473030294,1.3292653333333333,0.0004142028426251,0.6976176501531768,0.0716455991102575,309.3447357059751,9.802389195602638e-65,310.4714100845336,9.48434812330765e-61,312.26655125426674,2.508896580804664e-54,z=Phi^{-1}(u),0.8142236072937533,459.28463727870303,0.896,43950,44200,250,50,overlapping,RED,"['PIT_uniformity_fail', 'ACF_dependence_fail']","Uniformity strongly rejected (min p=0.000224, KS=0.1340).; Independence strongly rejected (min Ljung-Box p=9.8e-65, |ACF lag-1|=0.8142)."
0.198,4.591565961933238e-09,2.7367253333332973,2.5731802344441945e-07,2.445071665440622,0.01,305.9452355825848,5.276817889898902e-64,307.7588794972494,3.5553456628665606e-60,321.1823513705804,3.738958532795987e-56,z=Phi^{-1}(u),0.8205414301447329,554.2966463318302,0.904,44000,44250,250,50,overlapping,RED,"['PIT_uniformity_fail', 'ACF_dependence_fail']","Uniformity strongly rejected (min p=4.59e-09, KS=0.1980).; Independence strongly rejected (min Ljung-Box p=5.28e-64, |ACF lag-1|=0.8205)."
0.1439999999999999,5.487659392626361e-05,1.5644453333332693,0.0001189388233411,3.837139234844472,0.01,288.65666459427354,2.74725283135814e-60,291.43218911242366,1.0049076342267965e-56,313.20240412241986,1.6139245234268028e-54,z=Phi^{-1}(u),0.787712526238272,583.851613637105,0.912,44050,44300,250,50,overlapping,RED,"['PIT_uniformity_fail', 'ACF_dependence_fail']","Uniformity strongly rejected (min p=5.49e-05, KS=0.1440).; Independence strongly rejected (min Ljung-Box p=2.75e-60, |ACF lag-1|=0.7877)."
0.134,0.0002242473030294,1.0146813333332052,0.0022432234381412,7.355141109219858,0.01,316.123218058434,3.4153379099504214e-66,317.70945335252503,2.7865207719209163e-62,338.7477749470251,9.231519152596073e-60,z=Phi^{-1}(u),0.8137847680814211,637.1776035701297,0.872,44100,44350,250,50,overlapping,RED,"['PIT_uniformity_fail', 'ACF_dependence_fail', 'coverage_warn']","Uniformity strongly rejected (min p=0.000224, KS=0.1340).; Independence strongly rejected (min Ljung-Box p=3.42e-66, |ACF lag-1|=0.8138).; Coverage mildly off-target by 0.028 (target=0.900)."
0.1139999999999999,0.0027553557925281,0.8982693333332054,0.0042287803489761,7.815286682705334,0.01,331.7428540876306,1.489008361791621e-69,334.4451582310424,7.935519302299836e-66,363.823055373604,6.276440420945085e-65,z=Phi^{-1}(u),0.8159933806074194,637.1191990484411,0.88,44150,44400,250,50,overlapping,RED,"['PIT_uniformity_fail', 'ACF_dependence_fail', 'coverage_warn']","Uniformity strongly rejected (min p=0.00276, KS=0.1140).; Independence strongly rejected (min Ljung-Box p=1.49e-69, |ACF lag-1|=0.8160).; Coverage mildly off-target by 0.020 (target=0.900)."
0.086,0.0466490537270688,0.4148733333329454,0.065943416363958,12.74492387420537,0.01,384.9181436264303,5.276414598309071e-81,391.8538002817687,5.0945402150927725e-78,419.7573374463303,1.6134020213335714e-76,z=Phi^{-1}(u),0.8417140146123232,742.5388756743223,0.84,44200,44450,250,50,overlapping,RED,"['PIT_uniformity_warn', 'ACF_dependence_fail', 'undercoverage']","Uniformity weakly rejected (min p=0.0466).; Independence strongly rejected (min Ljung-Box p=5.28e-81, |ACF lag-1|=0.8417).; Coverage off-target by 0.060 (target=0.900)."
0.1099999999999999,0.0043334485784834,1.1476893333329292,0.0010942565356475,12.838297521419465,0.01,346.3832361755849,1.0513467828461609e-72,349.1538182045242,6.024974740463837e-69,373.7068588641777,5.697049743541879e-67,z=Phi^{-1}(u),0.8171934790906227,696.409906809963,0.844,44250,44500,250,50,overlapping,RED,"['PIT_uniformity_fail', 'ACF_dependence_fail', 'undercoverage']","Uniformity strongly rejected (min p=0.00109, KS=0.1100).; Independence strongly rejected (min Ljung-Box p=1.05e-72, |ACF lag-1|=0.8172).; Coverage off-target by 0.056 (target=0.900)."
0.158,6.434116740158326e-06,3.098609333332849,3.911487755914322e-08,14.944088214268504,0.01,298.4392784724253,2.1686784381140652e-62,324.9058610531774,8.337707009832617e-64,424.2752093929936,1.8549763292317767e-77,z=Phi^{-1}(u),0.7920731031422015,618.0832321877526,0.852,44300,44550,250,50,overlapping,RED,"['PIT_uniformity_fail', 'ACF_dependence_fail', 'coverage_warn']","Uniformity strongly rejected (min p=3.91e-08, KS=0.1580).; Independence strongly rejected (min Ljung-Box p=1.85e-77, |ACF lag-1|=0.7921).; Coverage mildly off-target by 0.048 (target=0.900)."
0.144,5.487659392626315e-05,2.322021333333137,2.234943031864667e-06,11.087214426609536,0.01,350.20713202869456,1.5794605595993732e-73,369.2815542786069,3.206917407028312e-73,434.6052854870542,1.3145116434363729e-79,z=Phi^{-1}(u),0.7933410521595615,558.0837503905826,0.892,44350,44600,250,50,overlapping,RED,"['PIT_uniformity_fail', 'ACF_dependence_fail']","Uniformity strongly rejected (min p=2.23e-06, KS=0.1440).; Independence strongly rejected (min Ljung-Box p=1.31e-79, |ACF lag-1|=0.7933)."
0.176,3.03562815531506e-07,4.363577333333138,5.527944768601856e-11,9.981943474605032,0.01,357.0115579207962,5.412671958035823e-75,380.1100398160074,1.6019466508440515e-75,437.58763368890726,3.1460054552794833e-80,z=Phi^{-1}(u),0.8012453053302193,650.8927965367278,0.864,44400,44650,250,50,overlapping,RED,"['PIT_uniformity_fail', 'ACF_dependence_fail', 'coverage_warn']","Uniformity strongly rejected (min p=5.53e-11, KS=0.1760).; Independence strongly rejected (min Ljung-Box p=3.15e-80, |ACF lag-1|=0.8012).; Coverage mildly off-target by 0.036 (target=0.900)."
0.182,1.0177424069145845e-07,4.102517333333318,2.0904233899443622e-10,2.4368652753714173,0.01,305.5795920368133,6.324069743141002e-64,322.83692844609266,2.287081555882329e-63,388.2328445841259,5.6183783003000756e-70,z=Phi^{-1}(u),0.7490659475527355,565.6402966943479,0.896,44450,44700,250,50,overlapping,RED,"['PIT_uniformity_fail', 'ACF_dependence_fail']","Uniformity strongly rejected (min p=2.09e-10, KS=0.1820).; Independence strongly rejected (min Ljung-Box p=5.62e-70, |ACF lag-1|=0.7491)."
0.198,4.591565961933238e-09,4.67408133333333,2.087074957302093e-11,1.274376883044397,0.01,319.8205321841031,5.471413571704474e-67,332.1946849085706,2.380135638303398e-65,384.2928742725605,3.677132559018112e-69,z=Phi^{-1}(u),0.7615317375789135,459.410727228978,0.94,44500,44750,250,50,overlapping,RED,"['PIT_uniformity_fail', 'ACF_dependence_fail', 'coverage_warn']","Uniformity strongly rejected (min p=2.09e-11, KS=0.1980).; Independence strongly rejected (min Ljung-Box p=3.68e-69, |ACF lag-1|=0.7615).; Coverage mildly off-target by 0.040 (target=0.900)."
0.23,4.147683475508784e-12,5.821705333333334,3.798628078754973e-12,1.0491248021492652,0.01,353.03223856625385,3.89268337122776e-74,366.4934405779357,1.2543700777090446e-72,420.4418530500472,1.16262424154422e-76,z=Phi^{-1}(u),0.8254036233014164,399.2303640472272,0.964,44550,44800,250,50,overlapping,RED,"['PIT_uniformity_fail', 'ACF_dependence_fail', 'overcoverage']","Uniformity strongly rejected (min p=3.8e-12, KS=0.2300).; Independence strongly rejected (min Ljung-Box p=1.16e-76, |ACF lag-1|=0.8254).; Coverage off-target by 0.064 (target=0.900)."
0.206,8.815066355557083e-10,4.799401333333334,2.4205526472087516e-11,1.0182167255998138,0.0112762291111283,393.807777092321,6.408806836606353e-83,409.8253010220128,7.623411047567354e-82,469.9055063072141,5.7182699590304526e-87,z=Phi^{-1}(u),0.828141638714542,415.6287008978523,0.952,44600,44850,250,50,overlapping,RED,"['PIT_uniformity_fail', 'ACF_dependence_fail', 'overcoverage']","Uniformity strongly rejected (min p=2.42e-11, KS=0.2060).; Independence strongly rejected (min Ljung-Box p=5.72e-87, |ACF lag-1|=0.8281).; Coverage off-target by 0.052 (target=0.900)."
0.118,0.001723677123827,0.9210333333333331,0.0037338654139276,2.0171489173018813,0.01,398.579691694848,6.003104463594523e-84,429.9082769707781,4.016935829647077e-86,450.2082847021523,7.376306869108783e-83,z=Phi^{-1}(u),0.842466358951351,398.448519368883,0.944,44650,44900,250,50,overlapping,RED,"['PIT_uniformity_fail', 'ACF_dependence_fail', 'coverage_warn']","Uniformity strongly rejected (min p=0.00172, KS=0.1180).; Independence strongly rejected (min Ljung-Box p=4.02e-86, |ACF lag-1|=0.8425).; Coverage mildly off-target by 0.044 (target=0.900)."
0.07,0.1645397722936822,0.2000053333333333,0.2675510174146641,1.403693955719234,0.01,368.5765421061601,1.7488849118617968e-77,397.75166571703375,2.8328186130245753e-79,411.3397251893449,9.053558845931264e-75,z=Phi^{-1}(u),0.8266367621125682,406.239973946906,0.936,44700,44950,250,50,overlapping,RED,"['ACF_dependence_fail', 'coverage_warn']","Independence strongly rejected (min Ljung-Box p=2.83e-79, |ACF lag-1|=0.8266).; Coverage mildly off-target by 0.036 (target=0.900)."
0.074,0.1230243374005592,0.2363133333333333,0.2069394157534145,1.071958708603688,0.01,406.056545813381,1.4684009014418254e-85,420.0492971044344,5.065641533121318e-84,434.5797615989754,1.330694656343608e-79,z=Phi^{-1}(u),0.8508851811436388,538.8596843423873,0.892,44750,45000,250,50,overlapping,RED,['ACF_dependence_fail'],"Independence strongly rejected (min Ljung-Box p=1.47e-85, |ACF lag-1|=0.8509)."
0.11,0.0043334485784834,0.4492973333333334,0.0536301031806738,1.9478827529228795,0.01,443.1265802865481,1.4922207711448985e-93,456.9978341039641,6.71648862585813e-92,486.286843205728,2.155079357366437e-90,z=Phi^{-1}(u),0.8716843537698692,634.260831703132,0.868,44800,45050,250,50,overlapping,RED,"['PIT_uniformity_fail', 'ACF_dependence_fail', 'coverage_warn']","Uniformity strongly rejected (min p=0.00433, KS=0.1100).; Independence strongly rejected (min Ljung-Box p=1.49e-93, |ACF lag-1|=0.8717).; Coverage mildly off-target by 0.032 (target=0.900)."
0.0979999999999999,0.0152929430424032,0.5760573333333334,0.0255777469168976,2.215763705331369,0.01,437.0257177803292,3.087651549416564e-92,454.96088347400416,1.8269829548622117e-91,524.5190366058791,2.1186621814404605e-98,z=Phi^{-1}(u),0.8803183362090847,703.305124736283,0.864,44850,45100,250,50,overlapping,RED,"['PIT_uniformity_warn', 'ACF_dependence_fail', 'coverage_warn']","Uniformity weakly rejected (min p=0.0153).; Independence strongly rejected (min Ljung-Box p=2.12e-98, |ACF lag-1|=0.8803).; Coverage mildly off-target by 0.036 (target=0.900)."
0.136,0.0001706166522264,1.1014133333333174,0.0014037392269556,2.206012728060898,0.01,347.0117727004716,7.699016315243012e-73,428.80393733050846,6.906404924664769e-86,668.3701903916287,1.0794377209569892e-128,z=Phi^{-1}(u),0.7942235516916397,788.4162456533471,0.856,44900,45150,250,50,overlapping,RED,"['PIT_uniformity_fail', 'ACF_dependence_fail', 'coverage_warn']","Uniformity strongly rejected (min p=0.000171, KS=0.1360).; Independence strongly rejected (min Ljung-Box p=1.08e-128, |ACF lag-1|=0.7942).; Coverage mildly off-target by 0.044 (target=0.900)."
0.128,0.0004967972491749,0.9291733333333172,0.00357154347271,1.664400218076878,0.01,361.1184047516109,7.063677817985018e-76,423.5184351679089,9.237203925419634e-85,622.3155804787715,5.697130066261639e-119,z=Phi^{-1}(u),0.7969745122124846,814.3706734827047,0.856,44950,45200,250,50,overlapping,RED,"['PIT_uniformity_fail', 'ACF_dependence_fail', 'coverage_warn']","Uniformity strongly rejected (min p=0.000497, KS=0.1280).; Independence strongly rejected (min Ljung-Box p=5.7e-119, |ACF lag-1|=0.7970).; Coverage mildly off-target by 0.044 (target=0.900)."
0.0999999999999999,0.0125203447299346,0.5908093333333173,0.0235044439057088,1.1983358959502368,0.01,377.3839995243336,2.215886771479997e-79,399.6777623234016,1.1023553162514607e-79,472.8761449127224,1.3700071982300102e-87,z=Phi^{-1}(u),0.799421193658997,762.8118061358163,0.868,45000,45250,250,50,overlapping,RED,"['PIT_uniformity_warn', 'ACF_dependence_fail', 'coverage_warn']","Uniformity weakly rejected (min p=0.0125).; Independence strongly rejected (min Ljung-Box p=1.37e-87, |ACF lag-1|=0.7994).; Coverage mildly off-target by 0.032 (target=0.900)."
0.0939999999999999,0.0225406568153297,0.5335253333332692,0.0326918625603671,2.6327510788095765,0.01,372.9593940968011,1.989282101213604e-78,387.4658965104399,4.369837710288887e-77,421.4903026768491,7.038148378926254e-77,z=Phi^{-1}(u),0.8026219693716419,845.6990622853001,0.836,45050,45300,250,50,overlapping,RED,"['PIT_uniformity_warn', 'ACF_dependence_fail', 'undercoverage']","Uniformity weakly rejected (min p=0.0225).; Independence strongly rejected (min Ljung-Box p=1.99e-78, |ACF lag-1|=0.8026).; Coverage off-target by 0.064 (target=0.900)."
0.082,0.0655014478062846,0.5079333333332694,0.0379448381811637,2.846469193599688,0.01,356.1576819356922,8.265655594128799e-75,364.0673249997737,4.109375601547175e-72,379.630080469768,3.392859685952849e-68,z=Phi^{-1}(u),0.7926339746251695,835.8184838020619,0.844,45100,45350,250,50,overlapping,RED,"['PIT_uniformity_warn', 'ACF_dependence_fail', 'undercoverage']","Uniformity weakly rejected (min p=0.0379).; Independence strongly rejected (min Ljung-Box p=8.27e-75, |ACF lag-1|=0.7926).; Coverage off-target by 0.056 (target=0.900)."
0.0859999999999999,0.046649053727069,0.3346693333333173,0.108225023890924,1.0968735783330317,0.01,400.9452989233855,1.855780122417839e-84,415.7640905799578,4.144080166413859e-83,442.4260034124781,3.0895807962351087e-81,z=Phi^{-1}(u),0.8514715034902565,804.4583945795738,0.88,45150,45400,250,50,overlapping,RED,"['PIT_uniformity_warn', 'ACF_dependence_fail', 'coverage_warn']","Uniformity weakly rejected (min p=0.0466).; Independence strongly rejected (min Ljung-Box p=1.86e-84, |ACF lag-1|=0.8515).; Coverage mildly off-target by 0.020 (target=0.900)."
0.118,0.001723677123827,0.9853533333333172,0.0026302430712494,1.5831220494015668,0.01,426.0423718148062,7.21318268439356e-90,450.98063627819647,1.29073631577234e-90,513.8904370409754,3.5837113990407243e-96,z=Phi^{-1}(u),0.8579654030163774,822.730550831879,0.896,45200,45450,250,50,overlapping,RED,"['PIT_uniformity_fail', 'ACF_dependence_fail']","Uniformity strongly rejected (min p=0.00172, KS=0.1180).; Independence strongly rejected (min Ljung-Box p=3.58e-96, |ACF lag-1|=0.8580)."
0.138,0.0001292813412389,2.253305333333317,3.1994933499257527e-06,1.975020162228759,0.01,359.24826502011103,1.7855124330689211e-75,405.4729807939599,6.438551386376178e-81,534.0572000356314,2.1136894187068945e-100,z=Phi^{-1}(u),0.8318276729419881,837.2776169969761,0.916,45250,45500,250,50,overlapping,RED,"['PIT_uniformity_fail', 'ACF_dependence_fail']","Uniformity strongly rejected (min p=3.2e-06, KS=0.1380).; Independence strongly rejected (min Ljung-Box p=2.11e-100, |ACF lag-1|=0.8318)."
0.126,0.0006423606286764,1.4542133333333334,0.0002131955474272,0.955673271767438,0.0170672896511631,411.2438761249895,1.1185597720245029e-86,534.9770105182433,1.4680676432072153e-108,951.8896976499024,7.019372710016143e-189,z=Phi^{-1}(u),0.8578216181012267,789.3246815409243,0.948,45300,45550,250,50,overlapping,RED,"['PIT_uniformity_fail', 'ACF_dependence_fail', 'coverage_warn']","Uniformity strongly rejected (min p=0.000213, KS=0.1260).; Independence strongly rejected (min Ljung-Box p=7.02e-189, |ACF lag-1|=0.8578).; Coverage mildly off-target by 0.048 (target=0.900)."
0.1079999999999999,0.0054015033651195,0.9412013333333292,0.0033447106283566,1.144421787478791,0.01,416.01061399179855,1.049654708432194e-87,455.8121473468236,1.2025907328671477e-91,620.1515184865143,1.629315907817508e-118,z=Phi^{-1}(u),0.8372067929498839,835.9312408918851,0.916,45350,45600,250,50,overlapping,RED,"['PIT_uniformity_fail', 'ACF_dependence_fail']","Uniformity strongly rejected (min p=0.00334, KS=0.1080).; Independence strongly rejected (min Ljung-Box p=1.63e-118, |ACF lag-1|=0.8372)."
0.038,0.849438173129325,0.0703773333332973,0.7496993144173492,3.671112605446069,0.01,432.8074779795473,2.507945228979604e-91,444.88760562409584,2.5727549407353522e-89,469.9718716412663,5.538640401102527e-87,z=Phi^{-1}(u),0.8251145016916227,836.7711029221653,0.884,45400,45650,250,50,overlapping,RED,['ACF_dependence_fail'],"Independence strongly rejected (min Ljung-Box p=2.51e-91, |ACF lag-1|=0.8251)."
0.064,0.2467324500849861,0.0961493333332973,0.6044619656872583,3.4414906472911757,0.01,423.7243117458522,2.2800787856390057e-89,434.23041532704616,4.81560688123117e-87,458.76480176348105,1.2107941905178015e-84,z=Phi^{-1}(u),0.8216737213624783,833.4988392657689,0.884,45450,45700,250,50,overlapping,RED,['ACF_dependence_fail'],"Independence strongly rejected (min Ljung-Box p=2.28e-89, |ACF lag-1|=0.8217)."
0.1679999999999999,1.2294793527601086e-06,2.233121333333297,3.555230869700665e-06,2.477619743659801,0.01,386.0799539531662,2.9648870440881598e-81,391.39472305731647,6.379203622402777e-78,397.0616571433086,8.315449055565327e-72,z=Phi^{-1}(u),0.8026127614598784,765.7674020897888,0.876,45500,45750,250,50,overlapping,RED,"['PIT_uniformity_fail', 'ACF_dependence_fail', 'coverage_warn']","Uniformity strongly rejected (min p=1.23e-06, KS=0.1680).; Independence strongly rejected (min Ljung-Box p=2.96e-81, |ACF lag-1|=0.8026).; Coverage mildly off-target by 0.024 (target=0.900)."
0.188,3.286109425382505e-08,3.5837573333332693,3.151578220617068e-09,4.558184821549418,0.01,350.8043762957112,1.1746880471473129e-73,356.0546062821579,2.0666758133963543e-70,368.5524856485077,6.621041134433102e-66,z=Phi^{-1}(u),0.7613333690738006,727.0285970796324,0.864,45550,45800,250,50,overlapping,RED,"['PIT_uniformity_fail', 'ACF_dependence_fail', 'coverage_warn']","Uniformity strongly rejected (min p=3.15e-09, KS=0.1880).; Independence strongly rejected (min Ljung-Box p=1.17e-73, |ACF lag-1|=0.7613).; Coverage mildly off-target by 0.036 (target=0.900)."
0.16,4.659433156552637e-06,2.619085333333297,4.748685216160453e-07,4.752604453936499,0.01,380.3968666795178,4.971239371980047e-80,399.04862317502375,1.5004260611331858e-79,416.3093792011993,8.40190627439835e-76,z=Phi^{-1}(u),0.7633609763488162,630.8274859872946,0.904,45600,45850,250,50,overlapping,RED,"['PIT_uniformity_fail', 'ACF_dependence_fail']","Uniformity strongly rejected (min p=4.75e-07, KS=0.1600).; Independence strongly rejected (min Ljung-Box p=4.97e-80, |ACF lag-1|=0.7634)."
0.16,4.659433156552637e-06,1.566301333333329,0.0001177777574603,2.136380818110297,0.01,383.9889661528203,8.366444818535534e-81,392.6805620744893,3.3979615430014647e-78,420.0178817737713,1.424228014393991e-76,z=Phi^{-1}(u),0.7819515375672654,646.9173706329775,0.916,45650,45900,250,50,overlapping,RED,"['PIT_uniformity_fail', 'ACF_dependence_fail']","Uniformity strongly rejected (min p=4.66e-06, KS=0.1600).; Independence strongly rejected (min Ljung-Box p=8.37e-81, |ACF lag-1|=0.7820)."
0.176,3.0356281553150745e-07,1.7671773333333294,4.084565280837449e-05,1.8937810372076456,0.01,386.655915278983,2.227952023687801e-81,395.8587246269048,7.161776221606177e-79,402.6425758241621,5.784657472296564e-73,z=Phi^{-1}(u),0.7876945031201537,678.0250599766949,0.9,45700,45950,250,50,overlapping,RED,"['PIT_uniformity_fail', 'ACF_dependence_fail']","Uniformity strongly rejected (min p=3.04e-07, KS=0.1760).; Independence strongly rejected (min Ljung-Box p=2.23e-81, |ACF lag-1|=0.7877)."
0.098,0.0152929430424031,0.3423933333333293,0.103076986266148,1.8519492341170576,0.01,308.6392293611209,1.3901219096835728e-64,310.139556727492,1.1148664477975651e-60,321.9840262051269,2.560647134210708e-56,z=Phi^{-1}(u),0.7817152373360254,713.310235013281,0.912,45750,46000,250,50,overlapping,RED,"['PIT_uniformity_warn', 'ACF_dependence_fail']","Uniformity weakly rejected (min p=0.0153).; Independence strongly rejected (min Ljung-Box p=1.39e-64, |ACF lag-1|=0.7817)."
0.074,0.1230243374005586,0.3601013333333333,0.0922641907122596,1.107846136749231,0.01,310.1337173614519,6.632167022937914e-65,326.6520501447822,3.5572959265677405e-64,375.125493507133,2.899511736850628e-67,z=Phi^{-1}(u),0.8154049792973683,715.0028346221982,0.932,45800,46050,250,50,overlapping,RED,"['ACF_dependence_fail', 'coverage_warn']","Independence strongly rejected (min Ljung-Box p=2.9e-67, |ACF lag-1|=0.8154).; Coverage mildly off-target by 0.032 (target=0.900)."
0.0899999999999999,0.0326901325154183,0.5756413333333332,0.0256388976213766,0.8130114461192193,0.0368726153918293,318.0594129974681,1.3090223704868917e-66,342.18394024197124,1.813933351106338e-67,435.8405721743079,7.270538128984704e-80,z=Phi^{-1}(u),0.8283487986270196,738.7810904889433,0.932,45850,46100,250,50,overlapping,RED,"['PIT_uniformity_warn', 'ACF_dependence_fail', 'coverage_warn']","Uniformity weakly rejected (min p=0.0256).; Independence strongly rejected (min Ljung-Box p=7.27e-80, |ACF lag-1|=0.8283).; Coverage mildly off-target by 0.032 (target=0.900)."
0.0519999999999999,0.4922632346865274,0.1217253333333292,0.4887669233960394,1.4594324506368253,0.01,267.35961300135887,1.0325811136372654e-55,267.89021839039134,9.309793515255988e-52,284.47989128288646,1.1791746261452549e-48,z=Phi^{-1}(u),0.759711301862468,706.6269273986488,0.924,45900,46150,250,50,overlapping,RED,"['ACF_dependence_fail', 'coverage_warn']","Independence strongly rejected (min Ljung-Box p=1.03e-55, |ACF lag-1|=0.7597).; Coverage mildly off-target by 0.024 (target=0.900)."
0.0519999999999999,0.4922632346865274,0.1050173333333293,0.5611796543715928,0.7715032821115813,0.0455201495600872,278.3986523518206,4.395332283601331e-58,280.0183406079004,2.580479351958828e-54,296.65963372513653,3.8856014090784255e-51,z=Phi^{-1}(u),0.7614375242790467,712.6397865729183,0.912,45950,46200,250,50,overlapping,RED,['ACF_dependence_fail'],"Independence strongly rejected (min Ljung-Box p=4.4e-58, |ACF lag-1|=0.7614)."
0.074,0.1230243374005592,0.4374533333332933,0.0575635997383277,4.99164502989737,0.01,324.3373525347264,5.839341165879781e-68,332.101594159153,2.4907618008753016e-65,407.2277950297648,6.466109609566558e-74,z=Phi^{-1}(u),0.7669107679432197,843.5962533522755,0.868,46000,46250,250,50,overlapping,RED,"['ACF_dependence_fail', 'coverage_warn']","Independence strongly rejected (min Ljung-Box p=6.47e-74, |ACF lag-1|=0.7669).; Coverage mildly off-target by 0.032 (target=0.900)."
0.086,0.046649053727069,0.4680133333332933,0.04798630325237,5.496626197158122,0.01,315.5244773311925,4.59432130237889e-66,321.4660679174309,4.462871868440935e-63,381.9555965648152,1.1202804230523888e-68,z=Phi^{-1}(u),0.7628131592135615,888.5066198340696,0.86,46050,46300,250,50,overlapping,RED,"['PIT_uniformity_warn', 'ACF_dependence_fail', 'coverage_warn']","Uniformity weakly rejected (min p=0.0466).; Independence strongly rejected (min Ljung-Box p=1.12e-68, |ACF lag-1|=0.7628).; Coverage mildly off-target by 0.040 (target=0.900)."
0.086,0.0466490537270688,0.3960813333332934,0.073918712241897,4.92764175596912,0.01,311.6326621476389,3.1570725800731187e-65,317.1380905570892,3.6815030685415007e-62,369.5820856711988,4.056899034000149e-66,z=Phi^{-1}(u),0.764559898256661,898.152596811023,0.86,46100,46350,250,50,overlapping,RED,"['PIT_uniformity_warn', 'ACF_dependence_fail', 'coverage_warn']","Uniformity weakly rejected (min p=0.0466).; Independence strongly rejected (min Ljung-Box p=4.06e-66, |ACF lag-1|=0.7646).; Coverage mildly off-target by 0.040 (target=0.900)."
0.1639999999999999,2.413393214965833e-06,1.9953933333332967,1.2328964148489163e-05,5.467335190353111,0.01,281.8495711900305,7.97264615826738e-59,320.6113777082386,6.770369576216049e-63,468.5280420691904,1.109055058325612e-86,z=Phi^{-1}(u),0.7637510473678532,825.2718046967685,0.896,46150,46400,250,50,overlapping,RED,"['PIT_uniformity_fail', 'ACF_dependence_fail']","Uniformity strongly rejected (min p=2.41e-06, KS=0.1640).; Independence strongly rejected (min Ljung-Box p=1.11e-86, |ACF lag-1|=0.7638)."
0.1359999999999999,0.0001706166522264,1.2298173333332971,0.0007044173647461,4.427921536328796,0.01,256.03329846633505,2.7888030404106023e-53,272.9441088180792,8.011715035399278e-53,349.2195509075481,6.4511012861121496e-62,z=Phi^{-1}(u),0.7532621776762279,795.7135693598859,0.916,46200,46450,250,50,overlapping,RED,"['PIT_uniformity_fail', 'ACF_dependence_fail']","Uniformity strongly rejected (min p=0.000171, KS=0.1360).; Independence strongly rejected (min Ljung-Box p=6.45e-62, |ACF lag-1|=0.7533)."
0.062,0.2800260038615025,0.1521773333333293,0.3832069162186441,1.5051275900138137,0.01,292.39934704456203,4.310425100144213e-61,319.8026574437827,1.0043013489963449e-62,326.78220198035655,2.653892931553819e-57,z=Phi^{-1}(u),0.7452386236880675,676.94651355574,0.928,46250,46500,250,50,overlapping,RED,"['ACF_dependence_fail', 'coverage_warn']","Independence strongly rejected (min Ljung-Box p=1e-62, |ACF lag-1|=0.7452).; Coverage mildly off-target by 0.028 (target=0.900)."
0.0639999999999999,0.2467324500849869,0.2332093333333292,0.2114382800453853,2.423780149284653,0.01,260.23413514270453,3.497338295974845e-54,275.2328809104273,2.6370837757805013e-53,283.0533115599093,2.3006551944197923e-48,z=Phi^{-1}(u),0.7247373502927996,580.9802458500276,0.952,46300,46550,250,50,overlapping,RED,"['ACF_dependence_fail', 'overcoverage']","Independence strongly rejected (min Ljung-Box p=3.5e-54, |ACF lag-1|=0.7247).; Coverage off-target by 0.052 (target=0.900)."
0.082,0.0655014478062846,0.3789293333333293,0.0821137849424817,2.913807752591424,0.01,292.45297112504073,4.197535973273039e-61,314.0498104841603,1.658617589139791e-61,316.2937995140091,3.756041973736948e-55,z=Phi^{-1}(u),0.7411152218973078,574.8499401177627,0.948,46350,46600,250,50,overlapping,RED,"['ACF_dependence_fail', 'coverage_warn']","Independence strongly rejected (min Ljung-Box p=1.66e-61, |ACF lag-1|=0.7411).; Coverage mildly off-target by 0.048 (target=0.900)."
0.074,0.1230243374005592,0.3297333333333293,0.1116637438463766,2.7864831620240125,0.01,305.8734089796913,5.4678563340788346e-64,327.6939761858019,2.1397679566270254e-64,329.49685829455024,7.354166807147207e-58,z=Phi^{-1}(u),0.750177135921087,610.3539308794916,0.94,46400,46650,250,50,overlapping,RED,"['ACF_dependence_fail', 'coverage_warn']","Independence strongly rejected (min Ljung-Box p=2.14e-64, |ACF lag-1|=0.7502).; Coverage mildly off-target by 0.040 (target=0.900)."
0.096,0.0186040510745637,0.4212493333333293,0.0634521214825863,3.2267644727255917,0.01,282.18316731794096,6.759711388150793e-59,285.91061878655137,1.4727342136727555e-55,293.26149501683693,1.9170978729966725e-50,z=Phi^{-1}(u),0.7696834404205785,615.7211073780979,0.928,46450,46700,250,50,overlapping,RED,"['PIT_uniformity_warn', 'ACF_dependence_fail', 'coverage_warn']","Uniformity weakly rejected (min p=0.0186).; Independence strongly rejected (min Ljung-Box p=6.76e-59, |ACF lag-1|=0.7697).; Coverage mildly off-target by 0.028 (target=0.900)."
0.122,0.0010608632709633,0.4976613333333333,0.0402962339717686,3.0014354398557543,0.01,286.25124078252065,9.03267225222162e-60,309.56965600314527,1.4716380020825592e-60,359.283662979784,5.427970559836362e-64,z=Phi^{-1}(u),0.8199442945142773,578.5792415056197,0.948,46500,46750,250,50,overlapping,RED,"['PIT_uniformity_fail', 'ACF_dependence_fail', 'coverage_warn']","Uniformity strongly rejected (min p=0.00106, KS=0.1220).; Independence strongly rejected (min Ljung-Box p=5.43e-64, |ACF lag-1|=0.8199).; Coverage mildly off-target by 0.048 (target=0.900)."
0.12,0.0013550102442608,0.4491293333333334,0.0536838494523901,2.58514208768986,0.01,284.01912903896783,2.7255184292791004e-59,299.90804305245274,1.6258436340815953e-58,335.1051751999464,5.17913674833037e-59,z=Phi^{-1}(u),0.8105599008847936,612.1884226468063,0.924,46550,46800,250,50,overlapping,RED,"['PIT_uniformity_fail', 'ACF_dependence_fail', 'coverage_warn']","Uniformity strongly rejected (min p=0.00136, KS=0.1200).; Independence strongly rejected (min Ljung-Box p=2.73e-59, |ACF lag-1|=0.8106).; Coverage mildly off-target by 0.024 (target=0.900)."
0.09,0.0326901325154183,0.4489573333333334,0.0537389348234835,1.5311654549792593,0.01,327.3566207814517,1.3083905157372349e-68,328.4327431163161,1.4922215218207226e-64,341.5747722610389,2.4192650966898112e-60,z=Phi^{-1}(u),0.834403590295653,671.5300900007558,0.868,46600,46850,250,50,overlapping,RED,"['PIT_uniformity_warn', 'ACF_dependence_fail', 'coverage_warn']","Uniformity weakly rejected (min p=0.0327).; Independence strongly rejected (min Ljung-Box p=1.31e-68, |ACF lag-1|=0.8344).; Coverage mildly off-target by 0.032 (target=0.900)."
0.134,0.0002242473030294,1.5646053333333334,0.0001188382798363,0.9373866241717224,0.0187604977618775,318.6810477434675,9.621101761678871e-67,330.3490224318188,5.858180409689639e-65,349.22760224381483,6.426508874808709e-62,z=Phi^{-1}(u),0.8355222107552669,681.0738509183468,0.84,46650,46900,250,50,overlapping,RED,"['PIT_uniformity_fail', 'ACF_dependence_fail', 'undercoverage']","Uniformity strongly rejected (min p=0.000119, KS=0.1340).; Independence strongly rejected (min Ljung-Box p=9.62e-67, |ACF lag-1|=0.8355).; Coverage off-target by 0.060 (target=0.900)."
0.154,1.2117561490147223e-05,2.897801333333333,1.1124117704763849e-07,0.7201575986657645,0.0623315707992708,269.7770466048588,3.1246791168384826e-56,276.6234661134796,1.3423093875124774e-53,299.2905598025197,1.128309124382288e-51,z=Phi^{-1}(u),0.7992936033155913,616.587520985117,0.86,46700,46950,250,50,overlapping,RED,"['PIT_uniformity_fail', 'ACF_dependence_fail', 'coverage_warn']","Uniformity strongly rejected (min p=1.11e-07, KS=0.1540).; Independence strongly rejected (min Ljung-Box p=3.12e-56, |ACF lag-1|=0.7993).; Coverage mildly off-target by 0.040 (target=0.900)."
0.2,3.058649177480583e-09,4.8532413333333295,2.8055224809975243e-11,0.3482520126429165,0.15,255.8233812878224,3.093645979446929e-53,256.0550621449306,2.890853967029717e-49,275.14285113995606,9.324624268675122e-47,z=Phi^{-1}(u),0.7649318128421464,672.3373527648929,0.828,46750,47000,250,50,overlapping,RED,"['PIT_uniformity_fail', 'ACF_dependence_fail', 'undercoverage']","Uniformity strongly rejected (min p=2.81e-11, KS=0.2000).; Independence strongly rejected (min Ljung-Box p=3.09e-53, |ACF lag-1|=0.7649).; Coverage off-target by 0.072 (target=0.900)."
0.1999999999999999,3.058649177480617e-09,4.487873333333329,3.1811331346887066e-11,0.3897223539219112,0.15,281.8703525472106,7.891100346772189e-59,282.2115532093921,8.890082286295112e-55,296.8150631771383,3.611935870783848e-51,z=Phi^{-1}(u),0.7937952752940169,663.2362998851087,0.828,46800,47050,250,50,overlapping,RED,"['PIT_uniformity_fail', 'ACF_dependence_fail', 'undercoverage']","Uniformity strongly rejected (min p=3.18e-11, KS=0.2000).; Independence strongly rejected (min Ljung-Box p=7.89e-59, |ACF lag-1|=0.7938).; Coverage off-target by 0.072 (target=0.900)."
0.084,0.0553890740154738,0.4039413333333292,0.0704630835539449,0.6626918989161652,0.0860777277205929,391.0249709824493,2.5495271514560318e-82,432.5537308967927,1.096601947653028e-86,522.6098337600619,5.3265091408241904e-98,z=Phi^{-1}(u),0.8324226933524043,741.1304097378348,0.832,46850,47100,250,50,overlapping,RED,"['ACF_dependence_fail', 'undercoverage']","Independence strongly rejected (min Ljung-Box p=5.33e-98, |ACF lag-1|=0.8324).; Coverage off-target by 0.068 (target=0.900)."
0.1259999999999999,0.0006423606286764,0.5578413333333291,0.0284033545511953,1.8122568844162568,0.01,497.7913359539886,2.393256923913949e-105,597.8293060721937,5.138356370573942e-122,724.38615101261,1.5245476057414788e-140,z=Phi^{-1}(u),0.8541902427527096,780.0030336101514,0.836,46900,47150,250,50,overlapping,RED,"['PIT_uniformity_fail', 'ACF_dependence_fail', 'undercoverage']","Uniformity strongly rejected (min p=0.000642, KS=0.1260).; Independence strongly rejected (min Ljung-Box p=1.52e-140, |ACF lag-1|=0.8542).; Coverage off-target by 0.064 (target=0.900)."
0.182,1.0177424069145733e-07,1.553033333333329,0.0001263351586411,3.484056294435476,0.01,515.6872453852984,3.279894712445069e-109,612.5479296059217,3.604347608681745e-125,716.9884716475199,5.617182006211516e-139,z=Phi^{-1}(u),0.8510282426952361,802.2836038689045,0.832,46950,47200,250,50,overlapping,RED,"['PIT_uniformity_fail', 'ACF_dependence_fail', 'undercoverage']","Uniformity strongly rejected (min p=1.02e-07, KS=0.1820).; Independence strongly rejected (min Ljung-Box p=5.62e-139, |ACF lag-1|=0.8510).; Coverage off-target by 0.068 (target=0.900)."
0.304,5.340517055476455e-21,5.431601333333334,2.4130553111234576e-10,5.256613118633993,0.01,501.3943454812508,3.992869566300018e-106,561.0497257084206,3.8680211417079e-114,579.9698374438959,4.7468870418772425e-110,z=Phi^{-1}(u),0.8696288216140099,736.3854746468146,0.872,47000,47250,250,50,overlapping,RED,"['PIT_uniformity_fail', 'ACF_dependence_fail', 'coverage_warn']","Uniformity strongly rejected (min p=5.34e-21, KS=0.3040).; Independence strongly rejected (min Ljung-Box p=3.87e-114, |ACF lag-1|=0.8696).; Coverage mildly off-target by 0.028 (target=0.900)."
0.326,3.7102576451881135e-24,6.323401333333318,2.414046740284448e-11,11.198674732803568,0.01,305.1008417249609,8.015695610441561e-64,328.4548994857063,1.476177461992848e-64,344.398800723244,6.345129981955702e-61,z=Phi^{-1}(u),0.8282632556235486,757.781929015851,0.876,47050,47300,250,50,overlapping,RED,"['PIT_uniformity_fail', 'ACF_dependence_fail', 'coverage_warn']","Uniformity strongly rejected (min p=3.71e-24, KS=0.3260).; Independence strongly rejected (min Ljung-Box p=1.48e-64, |ACF lag-1|=0.8283).; Coverage mildly off-target by 0.024 (target=0.900)."
0.2339999999999999,1.5990656520224716e-12,2.6768933333333176,3.513955688649873e-07,11.174133375618624,0.01,236.8807640607181,3.581769303075495e-49,241.96299687511365,2.6518224990668025e-46,251.24952325334544,6.394046927640993e-42,z=Phi^{-1}(u),0.7981089971391896,662.4981708059606,0.896,47100,47350,250,50,overlapping,RED,"['PIT_uniformity_fail', 'ACF_dependence_fail']","Uniformity strongly rejected (min p=1.6e-12, KS=0.2340).; Independence strongly rejected (min Ljung-Box p=3.58e-49, |ACF lag-1|=0.7981)."
0.186,4.8100899143052806e-08,1.503685333333317,0.0001640294474865,8.214809962713389,0.01,220.42771427501697,1.2032207124920891e-45,223.91019037410135,1.622327832011484e-42,243.5434652297537,2.2824880714046276e-40,z=Phi^{-1}(u),0.7833157968185073,591.0200525386259,0.92,47150,47400,250,50,overlapping,RED,"['PIT_uniformity_fail', 'ACF_dependence_fail', 'coverage_warn']","Uniformity strongly rejected (min p=4.81e-08, KS=0.1860).; Independence strongly rejected (min Ljung-Box p=1.2e-45, |ACF lag-1|=0.7833).; Coverage mildly off-target by 0.020 (target=0.900)."
0.134,0.0002242473030294,0.7818013333332934,0.0080305144088004,8.732411854473071,0.01,208.78050338060356,3.7537799131202484e-43,211.4655331566318,6.517098855465449e-40,230.97864709843364,7.61439838474361e-38,z=Phi^{-1}(u),0.746596477980149,648.7370558623267,0.896,47200,47450,250,50,overlapping,RED,"['PIT_uniformity_fail', 'ACF_dependence_fail']","Uniformity strongly rejected (min p=0.000224, KS=0.1340).; Independence strongly rejected (min Ljung-Box p=3.75e-43, |ACF lag-1|=0.7466)."
0.122,0.0010608632709633,0.4881813333332933,0.0426027440397402,7.222409430127129,0.01,211.01975672137945,1.2448154977942472e-43,213.7769016023104,2.14215467095291e-40,242.0105594006181,4.643129457821877e-40,z=Phi^{-1}(u),0.7485359198932667,670.4924952849524,0.892,47250,47500,250,50,overlapping,RED,"['PIT_uniformity_fail', 'ACF_dependence_fail']","Uniformity strongly rejected (min p=0.00106, KS=0.1220).; Independence strongly rejected (min Ljung-Box p=1.24e-43, |ACF lag-1|=0.7485)."
0.082,0.065501447806285,0.3320813333333254,0.1100130970783391,3.3965646994112437,0.01,225.15306310405,1.169345494737661e-46,231.09833343601133,5.054217860986182e-44,254.81118014362232,1.2216057990498082e-42,z=Phi^{-1}(u),0.7328750199076725,591.3603442421073,0.912,47300,47550,250,50,overlapping,RED,['ACF_dependence_fail'],"Independence strongly rejected (min Ljung-Box p=1.17e-46, |ACF lag-1|=0.7329)."
0.068,0.1891189832154274,0.2962933333333253,0.1384406929888473,2.586576283578012,0.01,271.8263040232811,1.134248683839587e-56,283.7777945302426,4.1528512754218005e-55,292.01007806077695,3.449777373163876e-50,z=Phi^{-1}(u),0.7512605490773955,586.3075273716677,0.94,47350,47600,250,50,overlapping,RED,"['ACF_dependence_fail', 'coverage_warn']","Independence strongly rejected (min Ljung-Box p=1.13e-56, |ACF lag-1|=0.7513).; Coverage mildly off-target by 0.040 (target=0.900)."
0.084,0.0553890740154738,0.2217213333333253,0.2291178095951009,2.3358968031021163,0.01,249.67996058433357,6.438540891159009e-52,254.15512823669005,7.256991497980252e-49,259.0042250014864,1.7365750506456285e-43,z=Phi^{-1}(u),0.742376184627789,625.696521187475,0.936,47400,47650,250,50,overlapping,RED,"['ACF_dependence_fail', 'coverage_warn']","Independence strongly rejected (min Ljung-Box p=6.44e-52, |ACF lag-1|=0.7424).; Coverage mildly off-target by 0.036 (target=0.900)."
0.048,0.5949413009568145,0.0900653333333333,0.6361927196479686,0.7024659573040992,0.0696421664032647,299.95303804447,1.0250862659655851e-62,302.1725989111629,5.399040946754234e-59,334.9421491546798,5.59458511957219e-59,z=Phi^{-1}(u),0.8244492548524189,584.4669771863206,0.956,47450,47700,250,50,overlapping,RED,"['ACF_dependence_fail', 'overcoverage']","Independence strongly rejected (min Ljung-Box p=1.03e-62, |ACF lag-1|=0.8244).; Coverage off-target by 0.056 (target=0.900)."
0.104,0.008290637497102,0.7818813333333293,0.0080269542290507,0.6852135121954746,0.0767712759522832,298.5449766366935,2.0581273147742227e-62,303.8985955714469,2.3299655658638907e-59,323.3291303415041,1.356604135048146e-56,z=Phi^{-1}(u),0.7871280544997861,586.6984304465143,0.948,47500,47750,250,50,overlapping,RED,"['PIT_uniformity_fail', 'ACF_dependence_fail', 'coverage_warn']","Uniformity strongly rejected (min p=0.00803, KS=0.1040).; Independence strongly rejected (min Ljung-Box p=2.06e-62, |ACF lag-1|=0.7871).; Coverage mildly off-target by 0.048 (target=0.900)."
0.13,0.0003826527409824,1.5322413333333291,0.0001410205094207,0.7072876144322322,0.0676497461023833,273.54615628738634,4.845357116526657e-57,273.99029001207543,4.821105249337707e-53,295.1631617525874,7.848495428839955e-51,z=Phi^{-1}(u),0.7822565985568234,577.9640955702574,0.948,47550,47800,250,50,overlapping,RED,"['PIT_uniformity_fail', 'ACF_dependence_fail', 'coverage_warn']","Uniformity strongly rejected (min p=0.000141, KS=0.1300).; Independence strongly rejected (min Ljung-Box p=4.85e-57, |ACF lag-1|=0.7823).; Coverage mildly off-target by 0.048 (target=0.900)."
0.1119999999999999,0.0034624885629555,1.1216413333333293,0.0012588337612391,0.8047170804006782,0.0386006082498587,244.41691115641083,8.667171115870111e-51,245.178564538034,5.598034748146911e-47,258.7192334472339,1.9829447019035937e-43,z=Phi^{-1}(u),0.7631605467483493,541.4120678479853,0.936,47600,47850,250,50,overlapping,RED,"['PIT_uniformity_fail', 'ACF_dependence_fail', 'coverage_warn']","Uniformity strongly rejected (min p=0.00126, KS=0.1120).; Independence strongly rejected (min Ljung-Box p=8.67e-51, |ACF lag-1|=0.7632).; Coverage mildly off-target by 0.036 (target=0.900)."
0.2259999999999999,1.0574852054710952e-11,4.872213333333298,2.978250979168706e-11,3.599295062607325,0.01,248.02868013353708,1.4556949470243188e-51,250.5428818206341,4.1732933506122457e-48,255.0669213557433,1.084641018091084e-42,z=Phi^{-1}(u),0.7547142041224818,555.0994793595843,0.912,47650,47900,250,50,overlapping,RED,"['PIT_uniformity_fail', 'ACF_dependence_fail']","Uniformity strongly rejected (min p=1.06e-11, KS=0.2260).; Independence strongly rejected (min Ljung-Box p=1.46e-51, |ACF lag-1|=0.7547)."
0.242,2.2568131237880093e-13,4.904821333333298,3.3232860907617123e-11,4.526724156918249,0.01,308.3105101915614,1.6358506131149907e-64,315.4582065166528,8.349108696608623e-62,321.1816323135822,3.740228164158813e-56,z=Phi^{-1}(u),0.7744164681425166,546.8805818391149,0.9,47700,47950,250,50,overlapping,RED,"['PIT_uniformity_fail', 'ACF_dependence_fail']","Uniformity strongly rejected (min p=2.26e-13, KS=0.2420).; Independence strongly rejected (min Ljung-Box p=1.64e-64, |ACF lag-1|=0.7744)."
0.212,2.445463195097008e-10,2.813793333333318,1.7226496107358713e-07,3.546466484643588,0.01,362.97168317412894,2.8178177418422766e-76,369.7288405797091,2.5766304780961112e-73,382.182944547074,1.0052450567197656e-68,z=Phi^{-1}(u),0.8287546272481102,539.0432875431521,0.904,47750,48000,250,50,overlapping,RED,"['PIT_uniformity_fail', 'ACF_dependence_fail']","Uniformity strongly rejected (min p=2.45e-10, KS=0.2120).; Independence strongly rejected (min Ljung-Box p=2.82e-76, |ACF lag-1|=0.8288)."
0.292,2.2332193771684467e-19,5.379369333333317,2.000447585359666e-10,4.534009794632652,0.01,392.6123279646541,1.1598322360845549e-82,402.8886617524477,2.2851458446784112e-80,404.3923342349083,2.5071736550177043e-73,z=Phi^{-1}(u),0.8406404855186562,599.5573412563353,0.872,47800,48050,250,50,overlapping,RED,"['PIT_uniformity_fail', 'ACF_dependence_fail', 'coverage_warn']","Uniformity strongly rejected (min p=2.23e-19, KS=0.2920).; Independence strongly rejected (min Ljung-Box p=1.16e-82, |ACF lag-1|=0.8406).; Coverage mildly off-target by 0.028 (target=0.900)."
0.3499999999999999,6.994883326630413e-28,7.888641333333318,1.749581479693063e-09,6.639884881396256,0.01,425.1023415584709,1.1503227515665182e-89,436.392341528436,1.6664114340642151e-87,437.0117504789807,4.1465595001505636e-80,z=Phi^{-1}(u),0.8516986931451377,602.553062165903,0.876,47850,48100,250,50,overlapping,RED,"['PIT_uniformity_fail', 'ACF_dependence_fail', 'coverage_warn']","Uniformity strongly rejected (min p=6.99e-28, KS=0.3500).; Independence strongly rejected (min Ljung-Box p=1.15e-89, |ACF lag-1|=0.8517).; Coverage mildly off-target by 0.024 (target=0.900)."
0.346,3.0625802848085595e-27,8.624825333333334,1.1663991994481648e-10,3.4837944724101817,0.01,499.3561325696016,1.0995992947698415e-105,512.9636271932673,7.484764662436772e-104,544.481617832052,1.3698688516916818e-102,z=Phi^{-1}(u),0.8957802079638232,594.6516740913551,0.876,47900,48150,250,50,overlapping,RED,"['PIT_uniformity_fail', 'ACF_dependence_fail', 'coverage_warn']","Uniformity strongly rejected (min p=3.06e-27, KS=0.3460).; Independence strongly rejected (min Ljung-Box p=1.1e-105, |ACF lag-1|=0.8958).; Coverage mildly off-target by 0.024 (target=0.900)."
0.28,7.93905600217698e-18,5.0189493333333335,5.0774828785904447e-11,3.665794046221549,0.01,477.8379042232335,4.8448566915412e-101,497.042338692556,1.8918553965948303e-100,502.8561028069402,7.343618925598213e-94,z=Phi^{-1}(u),0.8881459883583214,568.2116590914314,0.896,47950,48200,250,50,overlapping,RED,"['PIT_uniformity_fail', 'ACF_dependence_fail']","Uniformity strongly rejected (min p=7.94e-18, KS=0.2800).; Independence strongly rejected (min Ljung-Box p=4.84e-101, |ACF lag-1|=0.8881)."
0.2959999999999999,6.551690935751895e-20,6.690789333333334,7.876210794677263e-11,2.591831323851494,0.01,389.89982443073706,4.455685426636956e-82,400.2315848203848,8.403378373543461e-80,424.3325897303223,1.8046974189865664e-77,z=Phi^{-1}(u),0.8585380819020124,535.3245219534201,0.904,48000,48250,250,50,overlapping,RED,"['PIT_uniformity_fail', 'ACF_dependence_fail']","Uniformity strongly rejected (min p=6.55e-20, KS=0.2960).; Independence strongly rejected (min Ljung-Box p=4.46e-82, |ACF lag-1|=0.8585)."
0.158,6.434116740158326e-06,1.5979813333333333,9.962699383569972e-05,2.2962122025449503,0.01,530.0451940793826,2.605508042849914e-112,606.6031866358495,6.7736943519956124e-124,713.6876617892653,2.807345210205045e-138,z=Phi^{-1}(u),0.8903996317953115,528.2100960350035,0.904,48050,48300,250,50,overlapping,RED,"['PIT_uniformity_fail', 'ACF_dependence_fail']","Uniformity strongly rejected (min p=6.43e-06, KS=0.1580).; Independence strongly rejected (min Ljung-Box p=2.81e-138, |ACF lag-1|=0.8904)."
0.0899999999999999,0.0326901325154183,0.3071893333332693,0.1289967916184856,6.876624852707835,0.01,498.8862001467909,1.3888907616144635e-105,539.3625552526248,1.6926478835023098e-109,547.9723230223171,2.5326009134550945e-103,z=Phi^{-1}(u),0.8566660917556344,618.0154959092762,0.872,48100,48350,250,50,overlapping,RED,"['PIT_uniformity_warn', 'ACF_dependence_fail', 'coverage_warn']","Uniformity weakly rejected (min p=0.0327).; Independence strongly rejected (min Ljung-Box p=1.69e-109, |ACF lag-1|=0.8567).; Coverage mildly off-target by 0.028 (target=0.900)."
0.108,0.0054015033651195,0.8844333333332692,0.0045617012561296,6.156653000676727,0.01,468.76289185305694,4.4000382182220684e-99,489.8564994915066,6.487515732905562e-99,558.2496821116497,1.7547931852876077e-105,z=Phi^{-1}(u),0.8334197273539372,603.1427058588852,0.876,48150,48400,250,50,overlapping,RED,"['PIT_uniformity_fail', 'ACF_dependence_fail', 'coverage_warn']","Uniformity strongly rejected (min p=0.00456, KS=0.1080).; Independence strongly rejected (min Ljung-Box p=1.75e-105, |ACF lag-1|=0.8334).; Coverage mildly off-target by 0.024 (target=0.900)."
0.1099999999999999,0.0043334485784834,0.8210693333332693,0.0064630640219144,5.692791329972351,0.01,449.2654577013768,7.074822423465431e-95,460.4598348787108,1.2258325726075795e-92,506.86833086471376,1.060723611111365e-94,z=Phi^{-1}(u),0.8307023449727842,627.3761155032048,0.856,48200,48450,250,50,overlapping,RED,"['PIT_uniformity_fail', 'ACF_dependence_fail', 'coverage_warn']","Uniformity strongly rejected (min p=0.00433, KS=0.1100).; Independence strongly rejected (min Ljung-Box p=7.07e-95, |ACF lag-1|=0.8307).; Coverage mildly off-target by 0.044 (target=0.900)."
0.158,6.434116740158326e-06,1.4261773333332537,0.0002473908794226,7.215040887802615,0.01,408.2421333376187,4.962838808498831e-86,412.12681667967513,2.4663925072155096e-82,437.7416966621684,2.921961696803573e-80,z=Phi^{-1}(u),0.797251562814778,718.8160319140427,0.824,48250,48500,250,50,overlapping,RED,"['PIT_uniformity_fail', 'ACF_dependence_fail', 'undercoverage']","Uniformity strongly rejected (min p=6.43e-06, KS=0.1580).; Independence strongly rejected (min Ljung-Box p=4.96e-86, |ACF lag-1|=0.7973).; Coverage off-target by 0.076 (target=0.900)."
0.102,0.0102089770242199,0.5878093333332532,0.0239114559536415,7.523985483552565,0.01,382.5225211699304,1.7317922941838855e-80,388.42781500010574,2.7281753614653902e-77,437.31948446204245,3.577690214344764e-80,z=Phi^{-1}(u),0.7894359057473197,724.1341801921355,0.832,48300,48550,250,50,overlapping,RED,"['PIT_uniformity_warn', 'ACF_dependence_fail', 'undercoverage']","Uniformity weakly rejected (min p=0.0102).; Independence strongly rejected (min Ljung-Box p=1.73e-80, |ACF lag-1|=0.7894).; Coverage off-target by 0.068 (target=0.900)."
0.1139999999999999,0.0027553557925281,0.9121693333333172,0.0039191706925801,5.265296349036561,0.01,289.77379310635786,1.5805789378112402e-60,375.775549137885,1.336761694877523e-74,553.9836901846652,1.3826153038888157e-104,z=Phi^{-1}(u),0.7618489614352929,672.437137693697,0.876,48350,48600,250,50,overlapping,RED,"['PIT_uniformity_fail', 'ACF_dependence_fail', 'coverage_warn']","Uniformity strongly rejected (min p=0.00276, KS=0.1140).; Independence strongly rejected (min Ljung-Box p=1.38e-104, |ACF lag-1|=0.7618).; Coverage mildly off-target by 0.024 (target=0.900)."
0.11,0.0043334485784834,1.0504853333332334,0.0018479303507524,8.799955037013092,0.01,290.4218879198229,1.1469105535628042e-60,347.61648061476507,1.2769168173652791e-68,512.852891705684,5.912419197787579e-96,z=Phi^{-1}(u),0.778210383618166,682.3020751025942,0.888,48400,48650,250,50,overlapping,RED,"['PIT_uniformity_fail', 'ACF_dependence_fail']","Uniformity strongly rejected (min p=0.00185, KS=0.1100).; Independence strongly rejected (min Ljung-Box p=5.91e-96, |ACF lag-1|=0.7782)."
0.104,0.008290637497102,0.6317213333332333,0.0186182592007723,8.008825087518005,0.01,331.11751318814845,2.0298616785875144e-69,359.37718505275086,4.0721887638438e-71,453.72653782679566,1.3619068567307064e-83,z=Phi^{-1}(u),0.7976787349608216,695.0756664871944,0.888,48450,48700,250,50,overlapping,RED,"['PIT_uniformity_fail', 'ACF_dependence_fail']","Uniformity strongly rejected (min p=0.00829, KS=0.1040).; Independence strongly rejected (min Ljung-Box p=1.36e-83, |ACF lag-1|=0.7977)."
0.068,0.189118983215428,0.2354933333332973,0.2081169250112856,5.180422681882874,0.01,367.8104822150064,2.557178127269472e-77,382.8497446142582,4.1892733911057384e-76,450.77049262964135,5.631352377703026e-83,z=Phi^{-1}(u),0.8462823544589453,585.8006733363087,0.928,48500,48750,250,50,overlapping,RED,"['ACF_dependence_fail', 'coverage_warn']","Independence strongly rejected (min Ljung-Box p=5.63e-83, |ACF lag-1|=0.8463).; Coverage mildly off-target by 0.028 (target=0.900)."
0.088,0.0391297550232403,0.3342613333332973,0.1085047627667659,4.224468609614348,0.01,404.923878828605,2.576258364178552e-85,420.5241437334151,4.013063963024675e-84,451.3128913977516,4.340213974375255e-83,z=Phi^{-1}(u),0.8661256744845494,663.4676045972016,0.9,48550,48800,250,50,overlapping,RED,"['PIT_uniformity_warn', 'ACF_dependence_fail']","Uniformity weakly rejected (min p=0.0391).; Independence strongly rejected (min Ljung-Box p=2.58e-85, |ACF lag-1|=0.8661)."
0.08,0.0771476533902126,0.3242853333332973,0.1156007485700436,4.544810406083172,0.01,379.346725023894,8.369675246067358e-80,390.0386510107062,1.239468985531678e-77,421.8302687011193,5.9809703753161695e-77,z=Phi^{-1}(u),0.8615575942071867,665.1903475732043,0.884,48600,48850,250,50,overlapping,RED,['ACF_dependence_fail'],"Independence strongly rejected (min Ljung-Box p=8.37e-80, |ACF lag-1|=0.8616)."
0.094,0.0225406568153296,0.6708973333333332,0.01491996523458,1.1573750139111212,0.01,398.8278451935413,5.307542522709438e-84,411.9189886488112,2.7309863046978084e-82,430.65462930937935,8.732046431585549e-79,z=Phi^{-1}(u),0.8504049549566003,599.5212987353543,0.9,48650,48900,250,50,overlapping,RED,"['PIT_uniformity_warn', 'ACF_dependence_fail']","Uniformity weakly rejected (min p=0.0149).; Independence strongly rejected (min Ljung-Box p=5.31e-84, |ACF lag-1|=0.8504)."
0.07,0.1645397722936827,0.4536653333333174,0.0522526151240317,2.203585458789604,0.01,320.71675642521177,3.5099306698334016e-67,325.6197184171019,5.886041850896732e-64,342.97522016616085,1.2458773450509403e-60,z=Phi^{-1}(u),0.7621024819864984,636.916494038546,0.888,48700,48950,250,50,overlapping,RED,['ACF_dependence_fail'],"Independence strongly rejected (min Ljung-Box p=3.51e-67, |ACF lag-1|=0.7621)."
0.122,0.0010608632709633,1.3708093333333171,0.0003320179035182,1.5653642499060825,0.01,379.1782269821807,9.099333713242902e-80,392.9252435451145,3.014137747361906e-78,408.4722094045841,3.566870097792873e-74,z=Phi^{-1}(u),0.7755173015729943,695.585627013346,0.86,48750,49000,250,50,overlapping,RED,"['PIT_uniformity_fail', 'ACF_dependence_fail', 'coverage_warn']","Uniformity strongly rejected (min p=0.000332, KS=0.1220).; Independence strongly rejected (min Ljung-Box p=9.1e-80, |ACF lag-1|=0.7755).; Coverage mildly off-target by 0.040 (target=0.900)."
0.1139999999999999,0.0027553557925281,1.3645893333333132,0.0003431882756687,3.0865063837392768,0.01,317.0499302376768,2.158219335885496e-66,323.11409958051627,1.9979111499427188e-63,326.9653204584147,2.4338589659979642e-57,z=Phi^{-1}(u),0.7357413949645703,701.7802123160382,0.86,48800,49050,250,50,overlapping,RED,"['PIT_uniformity_fail', 'ACF_dependence_fail', 'coverage_warn']","Uniformity strongly rejected (min p=0.000343, KS=0.1140).; Independence strongly rejected (min Ljung-Box p=2.16e-66, |ACF lag-1|=0.7357).; Coverage mildly off-target by 0.040 (target=0.900)."
0.17,8.720933843779262e-07,3.239949333333313,1.8744448104790482e-08,3.635804991297192,0.01,232.1330333274109,3.7323036856438365e-48,235.292583043914,6.665878220262712e-45,239.7018821375264,1.3520655761342976e-39,z=Phi^{-1}(u),0.6863457873923383,649.336189650191,0.868,48850,49100,250,50,overlapping,RED,"['PIT_uniformity_fail', 'ACF_dependence_fail', 'coverage_warn']","Uniformity strongly rejected (min p=1.87e-08, KS=0.1700).; Independence strongly rejected (min Ljung-Box p=3.73e-48, |ACF lag-1|=0.6863).; Coverage mildly off-target by 0.032 (target=0.900)."
0.184,7.011396336604567e-08,4.215993333333314,1.1610423733543483e-10,3.751066437143209,0.01,268.32173186803084,6.416901591034125e-56,275.0365389812841,2.9008714893489936e-53,288.60805607651537,1.7023839662582282e-49,z=Phi^{-1}(u),0.7053855702326416,666.0571626322719,0.864,48900,49150,250,50,overlapping,RED,"['PIT_uniformity_fail', 'ACF_dependence_fail', 'coverage_warn']","Uniformity strongly rejected (min p=1.16e-10, KS=0.1840).; Independence strongly rejected (min Ljung-Box p=6.42e-56, |ACF lag-1|=0.7054).; Coverage mildly off-target by 0.036 (target=0.900)."
0.12,0.0013550102442608,1.3780613333333291,0.0003194555985983,1.6490465573732536,0.01,331.71537201800254,1.509423641770246e-69,344.300841755744,6.4504898820966245e-68,346.6616645381499,2.1702473922751837e-61,z=Phi^{-1}(u),0.7839216089451412,665.2529377438279,0.872,48950,49200,250,50,overlapping,RED,"['PIT_uniformity_fail', 'ACF_dependence_fail', 'coverage_warn']","Uniformity strongly rejected (min p=0.000319, KS=0.1200).; Independence strongly rejected (min Ljung-Box p=1.51e-69, |ACF lag-1|=0.7839).; Coverage mildly off-target by 0.028 (target=0.900)."
0.078,0.0904978738065936,0.2772933333333173,0.1568415751367085,2.895150299874558,0.01,349.01180076575105,2.8566502032856443e-73,359.35467529821443,4.11725373584535e-71,377.6691403692452,8.634705829513005e-68,z=Phi^{-1}(u),0.7795859274069672,774.309229350209,0.864,49000,49250,250,50,overlapping,RED,"['ACF_dependence_fail', 'coverage_warn']","Independence strongly rejected (min Ljung-Box p=2.86e-73, |ACF lag-1|=0.7796).; Coverage mildly off-target by 0.036 (target=0.900)."
0.0979999999999999,0.0152929430424032,0.5674093333333293,0.0268807901712111,1.2239820951948277,0.01,338.5058329777307,5.216792599940904e-71,346.6055957895529,2.0923955510078982e-68,387.47724901933947,8.055872621333724e-70,z=Phi^{-1}(u),0.7835940113189136,699.0919293318182,0.9,49050,49300,250,50,overlapping,RED,"['PIT_uniformity_warn', 'ACF_dependence_fail']","Uniformity weakly rejected (min p=0.0153).; Independence strongly rejected (min Ljung-Box p=5.22e-71, |ACF lag-1|=0.7836)."
0.0839999999999999,0.0553890740154743,0.3931653333333133,0.0752469475013929,3.3723223157512905,0.01,356.279166934673,7.782481509740994e-75,370.9348029754607,1.4282586718338395e-73,373.8533279114334,5.313342250472543e-67,z=Phi^{-1}(u),0.7988204923240116,757.6164064866542,0.888,49100,49350,250,50,overlapping,RED,['ACF_dependence_fail'],"Independence strongly rejected (min Ljung-Box p=7.78e-75, |ACF lag-1|=0.7988)."
0.1559999999999999,8.848081887923778e-06,2.354009333333313,1.8913198938097509e-06,3.865484752627879,0.01,328.8602745278306,6.21141307818684e-69,336.2388965437623,3.3060247872874187e-66,341.65880860657336,2.324828093754918e-60,z=Phi^{-1}(u),0.7909690532787973,843.6556426219586,0.876,49150,49400,250,50,overlapping,RED,"['PIT_uniformity_fail', 'ACF_dependence_fail', 'coverage_warn']","Uniformity strongly rejected (min p=1.89e-06, KS=0.1560).; Independence strongly rejected (min Ljung-Box p=6.21e-69, |ACF lag-1|=0.7910).; Coverage mildly off-target by 0.024 (target=0.900)."
0.132,0.000293531424011,1.6970653333333132,5.907759163203963e-05,4.132208589232619,0.01,312.69967041616525,1.8612260635997254e-65,320.333002559119,7.75463431391849e-63,324.47564151357903,7.892917418335566e-57,z=Phi^{-1}(u),0.7717773629783888,768.6277043514182,0.896,49200,49450,250,50,overlapping,RED,"['PIT_uniformity_fail', 'ACF_dependence_fail']","Uniformity strongly rejected (min p=5.91e-05, KS=0.1320).; Independence strongly rejected (min Ljung-Box p=1.86e-65, |ACF lag-1|=0.7718)."
0.1099999999999999,0.0043334485784834,1.0752613333333172,0.0016164038143445,3.0228890637970096,0.01,287.6701681384432,4.4760908685009156e-60,292.7355677068643,5.330883302362011e-57,301.7567455770416,3.537974146618317e-52,z=Phi^{-1}(u),0.7724056019338665,651.0932225336899,0.924,49250,49500,250,50,overlapping,RED,"['PIT_uniformity_fail', 'ACF_dependence_fail', 'coverage_warn']","Uniformity strongly rejected (min p=0.00162, KS=0.1100).; Independence strongly rejected (min Ljung-Box p=4.48e-60, |ACF lag-1|=0.7724).; Coverage mildly off-target by 0.024 (target=0.900)."
0.0959999999999999,0.0186040510745638,0.7810493333333173,0.0080640591186342,3.333153043448334,0.01,259.5775130104844,4.838248266998081e-54,263.52135484256377,7.749626552304553e-51,268.26225652992866,2.320134344504505e-45,z=Phi^{-1}(u),0.7557185416822519,586.1364987856562,0.94,49300,49550,250,50,overlapping,RED,"['PIT_uniformity_fail', 'ACF_dependence_fail', 'coverage_warn']","Uniformity strongly rejected (min p=0.00806, KS=0.0960).; Independence strongly rejected (min Ljung-Box p=4.84e-54, |ACF lag-1|=0.7557).; Coverage mildly off-target by 0.040 (target=0.900)."
0.1499999999999999,2.244766886754412e-05,2.786557333333333,1.985095414713811e-07,0.4524323093332612,0.15,258.4911035419759,8.277282572060506e-54,280.62651706627923,1.9203402809863642e-54,350.944892636217,2.8453093137648978e-62,z=Phi^{-1}(u),0.7448908052639359,581.4586458109602,0.964,49350,49600,250,50,overlapping,RED,"['PIT_uniformity_fail', 'ACF_dependence_fail', 'overcoverage']","Uniformity strongly rejected (min p=1.99e-07, KS=0.1500).; Independence strongly rejected (min Ljung-Box p=2.85e-62, |ACF lag-1|=0.7449).; Coverage off-target by 0.064 (target=0.900)."
0.162,3.360315096730175e-06,2.974493333333333,7.46270309992525e-08,0.9425669476687516,0.0182808381788192,210.6275179167305,1.5103513612358228e-43,252.1702627221605,1.8978153081832467e-48,344.2663783764119,6.756185880568813e-61,z=Phi^{-1}(u),0.7179181665960643,556.0453147027858,0.98,49400,49650,250,50,overlapping,RED,"['PIT_uniformity_fail', 'ACF_dependence_fail', 'overcoverage']","Uniformity strongly rejected (min p=7.46e-08, KS=0.1620).; Independence strongly rejected (min Ljung-Box p=6.76e-61, |ACF lag-1|=0.7179).; Coverage off-target by 0.080 (target=0.900)."
0.158,6.434116740158326e-06,2.9130453333333333,1.0275519446434345e-07,1.154350543752912,0.01,242.48115655990023,2.2546733608023917e-50,285.0448041280717,2.243377908721416e-55,417.6235972431325,4.4797873691154214e-76,z=Phi^{-1}(u),0.7604453864984335,592.7819412019929,0.98,49450,49700,250,50,overlapping,RED,"['PIT_uniformity_fail', 'ACF_dependence_fail', 'overcoverage']","Uniformity strongly rejected (min p=1.03e-07, KS=0.1580).; Independence strongly rejected (min Ljung-Box p=4.48e-76, |ACF lag-1|=0.7604).; Coverage off-target by 0.080 (target=0.900)."
0.138,0.0001292813412389,1.9769053333333333,1.3583036575282035e-05,1.449358615560982,0.01,228.01218439360383,2.8525982005893407e-47,260.2763213234402,3.73743027440098e-50,368.09957804234,8.212867447384578e-66,z=Phi^{-1}(u),0.7699006465596047,587.6196223828455,0.98,49500,49750,250,50,overlapping,RED,"['PIT_uniformity_fail', 'ACF_dependence_fail', 'overcoverage']","Uniformity strongly rejected (min p=1.36e-05, KS=0.1380).; Independence strongly rejected (min Ljung-Box p=8.21e-66, |ACF lag-1|=0.7699).; Coverage off-target by 0.080 (target=0.900)."
0.074,0.1230243374005592,0.3671093333333334,0.0883342617477926,1.662565884988453,0.01,299.9269177086708,1.0384271152400623e-62,315.8213436827908,6.994741134778735e-62,371.48156362381576,1.6430570136922494e-66,z=Phi^{-1}(u),0.7934122412979313,592.2286656777133,0.964,49550,49800,250,50,overlapping,RED,"['ACF_dependence_fail', 'overcoverage']","Independence strongly rejected (min Ljung-Box p=1.64e-66, |ACF lag-1|=0.7934).; Coverage off-target by 0.064 (target=0.900)."
0.074,0.1230243374005586,0.1675373333333333,0.3404548913853328,1.4967044426812492,0.01,261.8001634410595,1.6127147679511484e-54,279.8732219776053,2.768971609440111e-54,319.7469865208999,7.362807091711567e-56,z=Phi^{-1}(u),0.7723873267671902,529.3082240317132,0.96,49600,49850,250,50,overlapping,RED,"['ACF_dependence_fail', 'overcoverage']","Independence strongly rejected (min Ljung-Box p=7.36e-56, |ACF lag-1|=0.7724).; Coverage off-target by 0.060 (target=0.900)."
0.154,1.211756149014716e-05,1.2006173333333332,0.0008236598444166,1.6798401890442278,0.01,237.38737778830293,2.789124438352978e-49,248.9422835822444,9.057354874546952e-48,276.6084450819557,4.698811662357485e-47,z=Phi^{-1}(u),0.7659000657141207,493.5980252502717,0.936,49650,49900,250,50,overlapping,RED,"['PIT_uniformity_fail', 'ACF_dependence_fail', 'coverage_warn']","Uniformity strongly rejected (min p=1.21e-05, KS=0.1540).; Independence strongly rejected (min Ljung-Box p=2.79e-49, |ACF lag-1|=0.7659).; Coverage mildly off-target by 0.036 (target=0.900)."
0.186,4.8100899143052806e-08,1.8958213333333167,2.078018621853861e-05,3.644426733155967,0.01,230.05338613100932,1.0417287858514565e-47,231.07072869153728,5.122035220136483e-44,247.11870538973275,4.3503611933419744e-41,z=Phi^{-1}(u),0.7631439266890241,491.5301241562977,0.924,49700,49950,250,50,overlapping,RED,"['PIT_uniformity_fail', 'ACF_dependence_fail', 'coverage_warn']","Uniformity strongly rejected (min p=4.81e-08, KS=0.1860).; Independence strongly rejected (min Ljung-Box p=1.04e-47, |ACF lag-1|=0.7631).; Coverage mildly off-target by 0.024 (target=0.900)."
0.174,4.333396074387833e-07,1.506853333333189,0.0001613009659702,10.39483328173219,0.01,338.217432020286,6.0183447547102205e-71,341.4517915056561,2.593621034038001e-67,382.2466761102482,9.751715307271248e-69,z=Phi^{-1}(u),0.8289216097993072,715.8754589124385,0.892,49750,50000,250,50,overlapping,RED,"['PIT_uniformity_fail', 'ACF_dependence_fail']","Uniformity strongly rejected (min p=4.33e-07, KS=0.1740).; Independence strongly rejected (min Ljung-Box p=6.02e-71, |ACF lag-1|=0.8289)."
0.1139999999999999,0.0027553557925281,0.4720973333331893,0.0468406894388113,9.60356550607753,0.01,337.4516859919936,8.796073238102922e-71,354.25939088572545,4.970126940684555e-70,425.46063801995535,1.05142506430227e-77,z=Phi^{-1}(u),0.8358672190441625,759.4437988055399,0.9,49800,50050,250,50,overlapping,RED,"['PIT_uniformity_fail', 'ACF_dependence_fail']","Uniformity strongly rejected (min p=0.00276, KS=0.1140).; Independence strongly rejected (min Ljung-Box p=1.05e-77, |ACF lag-1|=0.8359)."
0.1159999999999999,0.0021837382351525,0.4211613333331892,0.0634858096681798,8.99997232797267,0.01,338.2388189804085,5.954892038623217e-71,347.54023048665823,1.325382511113624e-68,396.56158522088367,1.055783546445732e-71,z=Phi^{-1}(u),0.8361739826077792,766.3830848343174,0.888,49850,50100,250,50,overlapping,RED,"['PIT_uniformity_fail', 'ACF_dependence_fail']","Uniformity strongly rejected (min p=0.00218, KS=0.1160).; Independence strongly rejected (min Ljung-Box p=1.06e-71, |ACF lag-1|=0.8362)."
0.0999999999999999,0.0125203447299346,0.3619893333331893,0.0911869395811514,8.702191126960713,0.01,329.02551443400085,5.723138837597594e-69,349.1732089769762,5.968160485374878e-69,417.9174747197372,3.8920518202683876e-76,z=Phi^{-1}(u),0.8364014049228333,769.7105073677958,0.888,49900,50150,250,50,overlapping,RED,"['PIT_uniformity_warn', 'ACF_dependence_fail']","Uniformity weakly rejected (min p=0.0125).; Independence strongly rejected (min Ljung-Box p=3.89e-76, |ACF lag-1|=0.8364)."
0.128,0.0004967972491749,0.4696093333332533,0.0475351100290863,7.364111314087552,0.01,331.77513529478966,1.465380364713332e-69,333.1209972435785,1.5144795828843717e-65,349.2568275438418,6.338026518353515e-62,z=Phi^{-1}(u),0.8376615794501187,743.3040478946809,0.88,49950,50200,250,50,overlapping,RED,"['PIT_uniformity_fail', 'ACF_dependence_fail', 'coverage_warn']","Uniformity strongly rejected (min p=0.000497, KS=0.1280).; Independence strongly rejected (min Ljung-Box p=1.47e-69, |ACF lag-1|=0.8377).; Coverage mildly off-target by 0.020 (target=0.900)."
0.18,1.4711437559622018e-07,1.4491053333333173,0.0002190505288159,2.735493512779783,0.01,224.94779440568183,1.2939796735457944e-46,225.6730891628989,6.931549361686613e-43,246.3722373887268,6.150290116125497e-41,z=Phi^{-1}(u),0.7735819607805867,475.9897042574008,0.92,50000,50250,250,50,overlapping,RED,"['PIT_uniformity_fail', 'ACF_dependence_fail', 'coverage_warn']","Uniformity strongly rejected (min p=1.47e-07, KS=0.1800).; Independence strongly rejected (min Ljung-Box p=1.29e-46, |ACF lag-1|=0.7736).; Coverage mildly off-target by 0.020 (target=0.900)."
0.194,1.0217160464819998e-08,2.294697333333317,2.577582299045922e-06,3.392950750407522,0.01,227.98819216298529,2.8865726917883103e-47,229.2176227034739,1.2530700325461464e-43,252.31097252256384,3.9050321589921555e-42,z=Phi^{-1}(u),0.7751396178297952,424.9123505988052,0.924,50050,50300,250,50,overlapping,RED,"['PIT_uniformity_fail', 'ACF_dependence_fail', 'coverage_warn']","Uniformity strongly rejected (min p=1.02e-08, KS=0.1940).; Independence strongly rejected (min Ljung-Box p=2.89e-47, |ACF lag-1|=0.7751).; Coverage mildly off-target by 0.024 (target=0.900)."
0.2279999999999999,6.637011217769186e-12,3.2316093333333176,1.9575920884307152e-08,5.018131647809213,0.01,202.193501779062,9.641313532041656e-42,204.53609283874383,1.8257942386942275e-38,232.49196376234917,3.7871623155358815e-38,z=Phi^{-1}(u),0.7522206973378136,380.6888714454391,0.932,50100,50350,250,50,overlapping,RED,"['PIT_uniformity_fail', 'ACF_dependence_fail', 'coverage_warn']","Uniformity strongly rejected (min p=6.64e-12, KS=0.2280).; Independence strongly rejected (min Ljung-Box p=9.64e-42, |ACF lag-1|=0.7522).; Coverage mildly off-target by 0.032 (target=0.900)."
0.294,1.2123370693895142e-19,6.12463733333327,1.2005396676784129e-11,9.3384498453878,0.01,184.19048908762352,6.812668483853002e-38,185.21671335858025,1.932193056740256e-34,190.5096885453716,8.397670187901179e-30,z=Phi^{-1}(u),0.7387253635755461,344.18387369645444,0.924,50150,50400,250,50,overlapping,RED,"['PIT_uniformity_fail', 'ACF_dependence_fail', 'coverage_warn']","Uniformity strongly rejected (min p=1.21e-19, KS=0.2940).; Independence strongly rejected (min Ljung-Box p=6.81e-38, |ACF lag-1|=0.7387).; Coverage mildly off-target by 0.024 (target=0.900)."
0.2759999999999999,2.518670826585925e-17,5.286357333333317,1.4205836507130698e-10,6.007503187180816,0.01,185.23458352516008,4.076032949325235e-38,188.02642139042584,5.032673440935621e-35,197.8610021889538,2.979817540706924e-31,z=Phi^{-1}(u),0.7158851846110938,315.72894761624883,0.948,50200,50450,250,50,overlapping,RED,"['PIT_uniformity_fail', 'ACF_dependence_fail', 'coverage_warn']","Uniformity strongly rejected (min p=2.52e-17, KS=0.2760).; Independence strongly rejected (min Ljung-Box p=4.08e-38, |ACF lag-1|=0.7159).; Coverage mildly off-target by 0.048 (target=0.900)."
0.1839999999999999,7.011396336604636e-08,2.072141333333317,8.248985277625742e-06,3.7272069561855687,0.01,233.41947394219423,1.977877337588405e-48,235.93948814364057,4.876543833651685e-45,244.8385106990658,1.2523978292461267e-40,z=Phi^{-1}(u),0.7534273138488812,411.5408967216748,0.924,50250,50500,250,50,overlapping,RED,"['PIT_uniformity_fail', 'ACF_dependence_fail', 'coverage_warn']","Uniformity strongly rejected (min p=7.01e-08, KS=0.1840).; Independence strongly rejected (min Ljung-Box p=1.98e-48, |ACF lag-1|=0.7534).; Coverage mildly off-target by 0.024 (target=0.900)."
0.1479999999999999,3.03643622223989e-05,1.464661333333317,0.0002017054384595,2.458209891334576,0.01,195.3206465365273,2.8461303114499443e-40,202.04498449343168,6.043870117477633e-38,221.78564880848495,5.255542537263966e-36,z=Phi^{-1}(u),0.7228548016179421,390.5947959720124,0.908,50300,50550,250,50,overlapping,RED,"['PIT_uniformity_fail', 'ACF_dependence_fail']","Uniformity strongly rejected (min p=3.04e-05, KS=0.1480).; Independence strongly rejected (min Ljung-Box p=2.85e-40, |ACF lag-1|=0.7229)."
0.046,0.6481270411246203,0.1645373333333173,0.3483329368761445,2.005283182030553,0.01,219.21943363432663,2.1835936168990844e-45,227.48468368765532,2.8920937702227353e-43,239.8019731846779,1.2908643179362944e-39,z=Phi^{-1}(u),0.7500692655949431,438.1849093969142,0.916,50350,50600,250,50,overlapping,RED,['ACF_dependence_fail'],"Independence strongly rejected (min Ljung-Box p=2.18e-45, |ACF lag-1|=0.7501)."
0.176,3.035628155315092e-07,1.7261053333333334,5.069991502748561e-05,1.3361048899521393,0.01,210.7508986653479,1.421229083359115e-43,239.57055886720832,8.432172524432091e-46,262.0814425687432,4.142618413533375e-44,z=Phi^{-1}(u),0.750870926398212,553.6281794705754,0.92,50400,50650,250,50,overlapping,RED,"['PIT_uniformity_fail', 'ACF_dependence_fail', 'coverage_warn']","Uniformity strongly rejected (min p=3.04e-07, KS=0.1760).; Independence strongly rejected (min Ljung-Box p=8.43e-46, |ACF lag-1|=0.7509).; Coverage mildly off-target by 0.020 (target=0.900)."
0.2479999999999999,4.9654153462027336e-14,3.2932653333333333,1.4203051401651125e-08,3.842931049622337,0.01,235.60727787418844,6.7166015167447335e-49,265.554485900564,2.8909516564731574e-51,275.9826748781195,6.2963260336422225e-47,z=Phi^{-1}(u),0.7966707647061494,565.3964208933813,0.908,50450,50700,250,50,overlapping,RED,"['PIT_uniformity_fail', 'ACF_dependence_fail']","Uniformity strongly rejected (min p=4.97e-14, KS=0.2480).; Independence strongly rejected (min Ljung-Box p=2.89e-51, |ACF lag-1|=0.7967)."
0.222,2.6502806870438265e-11,2.471289333333333,1.02589222439331e-06,3.63061928954977,0.01,249.43549194256465,7.265074724593852e-52,256.6036471982211,2.216107382556227e-49,265.75784653225605,7.463921761988543e-45,z=Phi^{-1}(u),0.7759288024761704,506.5365919656449,0.908,50500,50750,250,50,overlapping,RED,"['PIT_uniformity_fail', 'ACF_dependence_fail']","Uniformity strongly rejected (min p=2.65e-11, KS=0.2220).; Independence strongly rejected (min Ljung-Box p=7.27e-52, |ACF lag-1|=0.7759)."
0.198,4.591565961933238e-09,2.998013333333317,6.602823299228788e-08,3.46952194168432,0.01,265.3531897993764,2.784472355701064e-55,288.5186872717356,4.1443152401862225e-56,322.8899232874616,1.669348493596903e-56,z=Phi^{-1}(u),0.8018887165726014,707.0018310331424,0.88,50550,50800,250,50,overlapping,RED,"['PIT_uniformity_fail', 'ACF_dependence_fail', 'coverage_warn']","Uniformity strongly rejected (min p=4.59e-09, KS=0.1980).; Independence strongly rejected (min Ljung-Box p=1.67e-56, |ACF lag-1|=0.8019).; Coverage mildly off-target by 0.020 (target=0.900)."
0.206,8.815066355557083e-10,2.8531373333333176,1.4035936002354532e-07,5.055702195358606,0.01,253.5890700461386,9.332011684297904e-53,270.2391210853942,2.9780595089081893e-52,289.82538727459666,9.617223971455689e-50,z=Phi^{-1}(u),0.7960510880935044,661.4074037758105,0.872,50600,50850,250,50,overlapping,RED,"['PIT_uniformity_fail', 'ACF_dependence_fail', 'coverage_warn']","Uniformity strongly rejected (min p=8.82e-10, KS=0.2060).; Independence strongly rejected (min Ljung-Box p=9.33e-53, |ACF lag-1|=0.7961).; Coverage mildly off-target by 0.028 (target=0.900)."
0.1759999999999999,3.0356281553151184e-07,1.908885333333317,1.940360491459181e-05,6.042614367766362,0.01,231.1339367597307,6.111423036684165e-48,241.5165078993425,3.290915594749168e-46,254.004422354244,1.777560967510281e-42,z=Phi^{-1}(u),0.7753805170112396,516.8129283844129,0.896,50650,50900,250,50,overlapping,RED,"['PIT_uniformity_fail', 'ACF_dependence_fail']","Uniformity strongly rejected (min p=3.04e-07, KS=0.1760).; Independence strongly rejected (min Ljung-Box p=6.11e-48, |ACF lag-1|=0.7754)."
0.168,1.2294793527600963e-06,1.473037333333317,0.0001929454899259,5.1515232979323855,0.01,211.98001694764451,7.753842938645844e-44,224.05093396262535,1.5158569348473396e-42,235.7825707483145,8.283292671625607e-39,z=Phi^{-1}(u),0.7571302744492753,513.8238204561792,0.896,50700,50950,250,50,overlapping,RED,"['PIT_uniformity_fail', 'ACF_dependence_fail']","Uniformity strongly rejected (min p=1.23e-06, KS=0.1680).; Independence strongly rejected (min Ljung-Box p=7.75e-44, |ACF lag-1|=0.7571)."
0.156,8.848081887923624e-06,1.1208013333333176,0.001264538907717,4.590314397788347,0.01,205.34642644931768,2.0392421562140726e-42,214.74907842450884,1.3413820738841388e-40,224.4523678996802,1.541052561728366e-36,z=Phi^{-1}(u),0.7577874947708918,467.5298165512697,0.912,50750,51000,250,50,overlapping,RED,"['PIT_uniformity_fail', 'ACF_dependence_fail']","Uniformity strongly rejected (min p=8.85e-06, KS=0.1560).; Independence strongly rejected (min Ljung-Box p=2.04e-42, |ACF lag-1|=0.7578)."
0.148,3.036436222239841e-05,1.4517173333333333,0.0002160366152348,3.619090999464106,0.01,133.69269404209084,3.914615100055199e-27,146.00079256508792,2.474799040495837e-26,163.97358762780718,1.2802888316005608e-24,z=Phi^{-1}(u),0.6704077032312294,269.3853393849534,0.956,50800,51050,250,50,overlapping,RED,"['PIT_uniformity_fail', 'ACF_dependence_fail', 'overcoverage']","Uniformity strongly rejected (min p=3.04e-05, KS=0.1480).; Independence strongly rejected (min Ljung-Box p=3.91e-27, |ACF lag-1|=0.6704).; Coverage off-target by 0.056 (target=0.900)."
0.1159999999999999,0.0021837382351525,0.9877053333332974,0.0025968493838733,9.251103608478845,0.01,201.23393405262465,1.546804041290853e-41,206.6917864096664,6.477111938206999e-39,224.40401851352036,1.5757318907502162e-36,z=Phi^{-1}(u),0.7484612819356915,273.47267955011364,0.94,50850,51100,250,50,overlapping,RED,"['PIT_uniformity_fail', 'ACF_dependence_fail', 'coverage_warn']","Uniformity strongly rejected (min p=0.00218, KS=0.1160).; Independence strongly rejected (min Ljung-Box p=1.55e-41, |ACF lag-1|=0.7485).; Coverage mildly off-target by 0.040 (target=0.900)."
0.1,0.0125203447299346,0.8677293333332973,0.0049994198961768,9.169905367154117,0.01,196.93023990287224,1.288333111002922e-40,202.01525283226584,6.130814846975567e-38,216.6103471524033,5.662785482035018e-35,z=Phi^{-1}(u),0.7446944052088138,254.3110817881584,0.932,50900,51150,250,50,overlapping,RED,"['PIT_uniformity_fail', 'ACF_dependence_fail', 'coverage_warn']","Uniformity strongly rejected (min p=0.005, KS=0.1000).; Independence strongly rejected (min Ljung-Box p=1.29e-40, |ACF lag-1|=0.7447).; Coverage mildly off-target by 0.032 (target=0.900)."
0.12,0.0013550102442608,0.9718053333332974,0.0028312606837583,9.963831298066909,0.01,197.798138986599,8.402375450756499e-41,203.8939513097013,2.48589725268811e-38,220.50049566168144,9.488316815262894e-36,z=Phi^{-1}(u),0.7457942447807171,228.7988170957533,0.924,50950,51200,250,50,overlapping,RED,"['PIT_uniformity_fail', 'ACF_dependence_fail', 'coverage_warn']","Uniformity strongly rejected (min p=0.00136, KS=0.1200).; Independence strongly rejected (min Ljung-Box p=8.4e-41, |ACF lag-1|=0.7458).; Coverage mildly off-target by 0.024 (target=0.900)."
0.13,0.0003826527409824,0.9649613333332974,0.0029386658107033,9.83543935954333,0.01,208.265932787804,4.837424248339968e-43,210.36235369632632,1.1081745766571976e-39,218.85635138288416,2.0194861365970265e-35,z=Phi^{-1}(u),0.757023282839447,219.06023403654004,0.924,51000,51250,250,50,overlapping,RED,"['PIT_uniformity_fail', 'ACF_dependence_fail', 'coverage_warn']","Uniformity strongly rejected (min p=0.000383, KS=0.1300).; Independence strongly rejected (min Ljung-Box p=4.84e-43, |ACF lag-1|=0.7570).; Coverage mildly off-target by 0.024 (target=0.900)."
0.124,0.0008271899609853,0.9687613333332974,0.0028785304527479,9.889842333021363,0.01,220.3031982188669,1.2794368349941509e-45,222.53062630906675,3.155504295478875e-42,225.5644892456596,9.235477594774984e-37,z=Phi^{-1}(u),0.7663811608906993,202.170499253806,0.924,51050,51300,250,50,overlapping,RED,"['PIT_uniformity_fail', 'ACF_dependence_fail', 'coverage_warn']","Uniformity strongly rejected (min p=0.000827, KS=0.1240).; Independence strongly rejected (min Ljung-Box p=1.28e-45, |ACF lag-1|=0.7664).; Coverage mildly off-target by 0.024 (target=0.900)."
0.124,0.0008271899609853,0.6279733333333333,0.0190185071743926,3.4079935984317444,0.01,176.7766329773633,2.6106408463787612e-36,178.82726625580588,4.103934018570711e-33,194.1809506943825,1.587542307234201e-30,z=Phi^{-1}(u),0.7214070539326384,174.75575602413718,0.936,51100,51350,250,50,overlapping,RED,"['PIT_uniformity_fail', 'ACF_dependence_fail', 'coverage_warn']","Uniformity strongly rejected (min p=0.000827, KS=0.1240).; Independence strongly rejected (min Ljung-Box p=2.61e-36, |ACF lag-1|=0.7214).; Coverage mildly off-target by 0.036 (target=0.900)."
0.116,0.0021837382351525,0.8523173333333334,0.0054411901669393,2.1263944211747514,0.01,166.99033689037583,3.199951644516416e-34,173.90705859421183,4.302350298289641e-32,189.7529339364861,1.1833281124307405e-29,z=Phi^{-1}(u),0.7115850240866906,168.73359831192582,0.94,51150,51400,250,50,overlapping,RED,"['PIT_uniformity_fail', 'ACF_dependence_fail', 'coverage_warn']","Uniformity strongly rejected (min p=0.00218, KS=0.1160).; Independence strongly rejected (min Ljung-Box p=3.2e-34, |ACF lag-1|=0.7116).; Coverage mildly off-target by 0.040 (target=0.900)."
0.0979999999999999,0.0152929430424031,0.5877573333333332,0.0239185750291255,1.0980198835808324,0.01,157.20314102395136,3.904302947248007e-32,162.89762794172924,8.168557631653514e-30,186.64813101790145,4.825693553448544e-29,z=Phi^{-1}(u),0.7019844433770469,186.97263924243248,0.944,51200,51450,250,50,overlapping,RED,"['PIT_uniformity_warn', 'ACF_dependence_fail', 'coverage_warn']","Uniformity weakly rejected (min p=0.0153).; Independence strongly rejected (min Ljung-Box p=3.9e-32, |ACF lag-1|=0.7020).; Coverage mildly off-target by 0.044 (target=0.900)."
0.0579999999999999,0.355945705909541,0.1631093333333333,0.352160178513743,0.8438651860047344,0.0304447529156803,182.52313165055904,1.5471044962182594e-37,184.19871556836773,3.145122125465149e-34,207.27000412172129,4.080503607727029e-33,z=Phi^{-1}(u),0.7273865589810438,191.35685482531625,0.944,51250,51500,250,50,overlapping,RED,"['ACF_dependence_fail', 'coverage_warn']","Independence strongly rejected (min Ljung-Box p=1.55e-37, |ACF lag-1|=0.7274).; Coverage mildly off-target by 0.044 (target=0.900)."
0.046,0.648127041124621,0.1102733333333333,0.5371511527197632,0.6618679264348373,0.0864182122170094,175.85430660876625,4.108264662120488e-36,178.14931810034832,5.674037748352508e-33,198.321343118898,2.4166439162838528e-31,z=Phi^{-1}(u),0.7218953767391121,199.05772547605577,0.928,51300,51550,250,50,overlapping,RED,"['ACF_dependence_fail', 'coverage_warn']","Independence strongly rejected (min Ljung-Box p=4.11e-36, |ACF lag-1|=0.7219).; Coverage mildly off-target by 0.028 (target=0.900)."
0.096,0.0186040510745637,0.5429613333333173,0.0309524554568053,2.601480428190428,0.01,220.2100267703612,1.3396078850974172e-45,225.6727255897032,6.932765265274152e-43,239.6811115078405,1.3651247220511464e-39,z=Phi^{-1}(u),0.7639117894877837,276.7264698557742,0.908,51350,51600,250,50,overlapping,RED,"['PIT_uniformity_warn', 'ACF_dependence_fail']","Uniformity weakly rejected (min p=0.0186).; Independence strongly rejected (min Ljung-Box p=1.34e-45, |ACF lag-1|=0.7639)."
0.1019999999999999,0.0102089770242199,0.7872453333333134,0.0077918881373577,3.5525173365351463,0.01,229.96552564489625,1.0878941454217496e-47,234.9839917109668,7.737613065710655e-45,244.27558122569155,1.625780005959085e-40,z=Phi^{-1}(u),0.7548191531878582,311.98801901460064,0.876,51400,51650,250,50,overlapping,RED,"['PIT_uniformity_fail', 'ACF_dependence_fail', 'coverage_warn']","Uniformity strongly rejected (min p=0.00779, KS=0.1020).; Independence strongly rejected (min Ljung-Box p=1.09e-47, |ACF lag-1|=0.7548).; Coverage mildly off-target by 0.024 (target=0.900)."
0.0599999999999999,0.3164237517245064,0.1183493333333133,0.5024838004042403,3.235296957559626,0.01,246.3275942902297,3.372945656760129e-51,248.8724832998148,9.368609742089271e-48,266.0561031449249,6.494577039524711e-45,z=Phi^{-1}(u),0.7591599451914447,280.1034601669585,0.868,51450,51700,250,50,overlapping,RED,"['ACF_dependence_fail', 'coverage_warn']","Independence strongly rejected (min Ljung-Box p=3.37e-51, |ACF lag-1|=0.7592).; Coverage mildly off-target by 0.032 (target=0.900)."
0.068,0.189118983215428,0.3161533333332653,0.1217682656981427,6.590755297140447,0.01,257.8339814148589,1.1453406254055387e-53,259.76344022712794,4.79230049301949e-50,264.0669679112549,1.6420531619010816e-44,z=Phi^{-1}(u),0.7714149033105795,339.7825893961422,0.84,51500,51750,250,50,overlapping,RED,"['ACF_dependence_fail', 'undercoverage']","Independence strongly rejected (min Ljung-Box p=1.15e-53, |ACF lag-1|=0.7714).; Coverage off-target by 0.060 (target=0.900)."
0.1159999999999999,0.0021837382351525,1.0190053333332654,0.0021912604983055,7.574166868763143,0.01,274.6732012678714,2.7749177869317604e-57,283.3997961472965,4.9903239643901136e-55,290.44623112574453,7.186849618552893e-50,z=Phi^{-1}(u),0.7855733484606003,394.5335926654718,0.836,51550,51800,250,50,overlapping,RED,"['PIT_uniformity_fail', 'ACF_dependence_fail', 'undercoverage']","Uniformity strongly rejected (min p=0.00218, KS=0.1160).; Independence strongly rejected (min Ljung-Box p=2.77e-57, |ACF lag-1|=0.7856).; Coverage off-target by 0.064 (target=0.900)."
0.1639999999999999,2.413393214965833e-06,1.7173533333333133,5.309074725690088e-05,5.638010121802779,0.01,242.0510525980264,2.788255073659996e-50,257.7405467164309,1.2774245064469852e-49,277.3326081599032,3.348728022141935e-47,z=Phi^{-1}(u),0.7611122403960565,332.7732407566942,0.856,51600,51850,250,50,overlapping,RED,"['PIT_uniformity_fail', 'ACF_dependence_fail', 'coverage_warn']","Uniformity strongly rejected (min p=2.41e-06, KS=0.1640).; Independence strongly rejected (min Ljung-Box p=2.79e-50, |ACF lag-1|=0.7611).; Coverage mildly off-target by 0.044 (target=0.900)."
0.12,0.0013550102442608,0.7968773333333172,0.0073872914277546,4.068766182906785,0.01,252.5018837009979,1.5969008760899357e-52,287.9468584426566,5.472700322970155e-56,342.7634641929468,1.3773940574580403e-60,z=Phi^{-1}(u),0.7840072784479943,312.7858159139574,0.892,51650,51900,250,50,overlapping,RED,"['PIT_uniformity_fail', 'ACF_dependence_fail']","Uniformity strongly rejected (min p=0.00136, KS=0.1200).; Independence strongly rejected (min Ljung-Box p=1.38e-60, |ACF lag-1|=0.7840)."
