{
  "n": 210227,
  "alpha": 0.1,
  "lower_breaches": 8561,
  "upper_breaches": 13033,
  "total_breaches": 21594,
  "lower_breach_rate": 0.040722647423975036,
  "upper_breach_rate": 0.06199489123661566,
  "total_breach_rate": 0.10271753866059069,
  "binom_pvalue_lower_greater": 1.0,
  "binom_pvalue_upper_greater": 2.2129007251950588e-131,
  "binom_pvalue_total_greater": 1.7811061965380678e-05,
  "traffic_light_lower": "GREEN",
  "traffic_light_upper": "RED",
  "traffic_light_total": "RED",
  "cutoffs_lower_q95": 10676,
  "cutoffs_lower_q999": 10821,
  "cutoffs_upper_q95": 10676,
  "cutoffs_upper_q999": 10821,
  "cutoffs_total_q95": 21249,
  "cutoffs_total_q999": 21449
}