{
  "n": 4287,
  "alpha": 0.1,
  "lower_breaches": 156,
  "upper_breaches": 214,
  "total_breaches": 370,
  "lower_breach_rate": 0.0363890832750175,
  "upper_breach_rate": 0.04991835782598554,
  "total_breach_rate": 0.08630744110100304,
  "binom_pvalue_lower_greater": 0.9999920654567761,
  "binom_pvalue_upper_greater": 0.5195712439550704,
  "binom_pvalue_total_greater": 0.9989386907827292,
  "traffic_light_lower": "GREEN",
  "traffic_light_upper": "GREEN",
  "traffic_light_total": "GREEN",
  "cutoffs_lower_q95": 238,
  "cutoffs_lower_q999": 260,
  "cutoffs_upper_q95": 238,
  "cutoffs_upper_q999": 260,
  "cutoffs_total_q95": 461,
  "cutoffs_total_q999": 491
}