pit_ks_stat,pit_ks_pvalue,pit_cvm_stat,pit_cvm_pvalue,pit_ad_stat,pit_ad_pvalue,pit_lb_stat_lag5,pit_lb_pvalue_lag5,pit_lb_stat_lag10,pit_lb_pvalue_lag10,pit_lb_stat_lag20,pit_lb_pvalue_lag20,pit_lb_input,pit_acf_lag1,crps_mean,empirical_coverage,window_start,window_end,window_len,window_step,window_mode,governance_label,reason_codes,reason_summary
0.166,1.7261388018052337e-06,2.3426453333317814,2.0068713220133816e-06,18.480628841932457,0.01,286.7657653819611,7.002456271574627e-60,288.3516752462278,4.494901504480978e-56,300.1817942165578,7.420611514186936e-52,z=Phi^{-1}(u),0.7786341356007899,1108.3997757071916,0.876,0,250,250,50,overlapping,RED,"['PIT_uniformity_fail', 'ACF_dependence_fail', 'coverage_warn']","Uniformity strongly rejected (min p=1.73e-06, KS=0.1660).; Independence strongly rejected (min Ljung-Box p=7e-60, |ACF lag-1|=0.7786).; Coverage mildly off-target by 0.024 (target=0.900)."
0.12,0.0013550102442608,1.1253453333331014,0.0012339855060253,8.797774433832501,0.01,375.2537772924287,6.374577061420298e-79,393.0948475084197,2.773830318359585e-78,397.8741629968575,5.641579765840791e-72,z=Phi^{-1}(u),0.8062685068364788,1380.686557709096,0.804,50,300,250,50,overlapping,RED,"['PIT_uniformity_fail', 'ACF_dependence_fail', 'undercoverage']","Uniformity strongly rejected (min p=0.00123, KS=0.1200).; Independence strongly rejected (min Ljung-Box p=6.37e-79, |ACF lag-1|=0.8063).; Coverage off-target by 0.096 (target=0.900)."
0.1699999999999999,8.720933843779303e-07,1.9336453333331527,1.7040529862621945e-05,7.660305718696918,0.01,410.9100680667843,1.3201347716975697e-86,443.0991417377873,6.191453732807253e-89,457.2279680471893,2.5335697997476204e-84,z=Phi^{-1}(u),0.8317987038020143,1421.4191519030337,0.788,100,350,250,50,overlapping,RED,"['PIT_uniformity_fail', 'ACF_dependence_fail', 'undercoverage']","Uniformity strongly rejected (min p=8.72e-07, KS=0.1700).; Independence strongly rejected (min Ljung-Box p=6.19e-89, |ACF lag-1|=0.8318).; Coverage off-target by 0.112 (target=0.900)."
0.0959999999999999,0.0186040510745638,0.3925093333332934,0.0755493003862831,3.505524377576535,0.01,574.8116582987942,5.592501901971429e-122,679.4939274305005,1.5823686937845818e-139,696.6158410738346,1.150892703061186e-134,z=Phi^{-1}(u),0.8779477766202831,1355.435023823434,0.828,150,400,250,50,overlapping,RED,"['PIT_uniformity_warn', 'ACF_dependence_fail', 'undercoverage']","Uniformity weakly rejected (min p=0.0186).; Independence strongly rejected (min Ljung-Box p=1.58e-139, |ACF lag-1|=0.8779).; Coverage off-target by 0.072 (target=0.900)."
0.072,0.1425669535852258,0.2707453333333293,0.1638170425445293,0.9151513391443872,0.0208193204495937,708.9934996217355,5.5800262752077376e-151,1089.3869872750454,1.0237973887971171e-227,1307.9091229614737,5.988482008366895e-265,z=Phi^{-1}(u),0.8866768077546386,1322.0948903268022,0.852,200,450,250,50,overlapping,RED,"['ACF_dependence_fail', 'coverage_warn']","Independence strongly rejected (min Ljung-Box p=5.99e-265, |ACF lag-1|=0.8867).; Coverage mildly off-target by 0.048 (target=0.900)."
0.058,0.3559457059095403,0.1046693333333293,0.5628126576635811,0.4001993920265363,0.15,664.7267232030711,2.075716961822703e-141,984.6094760467528,3.863932256397402e-205,1154.733764887131,3.5716077783852014e-232,z=Phi^{-1}(u),0.8808070999012333,1325.79325185183,0.836,250,500,250,50,overlapping,RED,"['ACF_dependence_fail', 'undercoverage']","Independence strongly rejected (min Ljung-Box p=3.57e-232, |ACF lag-1|=0.8808).; Coverage off-target by 0.064 (target=0.900)."
0.1159999999999999,0.0021837382351525,1.1211733333333334,0.0012620091249065,0.6730023785463572,0.0818171989477862,699.5165365982955,6.248720166765736e-149,981.4270548085292,1.872712212669661e-204,1136.1126078519312,3.4116509335661746e-228,z=Phi^{-1}(u),0.9348652080284116,1082.6489231083942,0.932,300,550,250,50,overlapping,RED,"['PIT_uniformity_fail', 'ACF_dependence_fail', 'coverage_warn']","Uniformity strongly rejected (min p=0.00126, KS=0.1160).; Independence strongly rejected (min Ljung-Box p=3.41e-228, |ACF lag-1|=0.9349).; Coverage mildly off-target by 0.032 (target=0.900)."
0.24,3.706006465531486e-13,6.104797333333334,1.1170064873056162e-11,0.2072421446158898,0.15,480.5312407289544,1.2707983429909943e-101,517.1248973432342,9.650512949371604e-105,603.7510839497054,4.665581608549531e-115,z=Phi^{-1}(u),0.8975007612955266,996.754708958863,0.94,350,600,250,50,overlapping,RED,"['PIT_uniformity_fail', 'ACF_dependence_fail', 'coverage_warn']","Uniformity strongly rejected (min p=3.71e-13, KS=0.2400).; Independence strongly rejected (min Ljung-Box p=4.67e-115, |ACF lag-1|=0.8975).; Coverage mildly off-target by 0.040 (target=0.900)."
0.254,1.0505011839469013e-14,7.267181333333334,3.9601866230754007e-10,1.3705391654625316,0.01,479.4295719165696,2.1969085868593152e-101,487.9467903846621,1.6596206743060602e-98,508.7025833539041,4.378862099897997e-95,z=Phi^{-1}(u),0.897308576287623,1067.5695018696445,0.896,400,650,250,50,overlapping,RED,"['PIT_uniformity_fail', 'ACF_dependence_fail']","Uniformity strongly rejected (min p=1.05e-14, KS=0.2540).; Independence strongly rejected (min Ljung-Box p=2.2e-101, |ACF lag-1|=0.8973)."
0.2019999999999999,2.028919410194914e-09,3.6839053333333336,1.8993251416077332e-09,1.99896893903599,0.01,594.589016514052,2.985170073693724e-126,657.9462370801126,6.645336163169076e-135,678.8884016029818,6.457194539719784e-131,z=Phi^{-1}(u),0.9163987302826287,983.8463347989864,0.912,450,700,250,50,overlapping,RED,"['PIT_uniformity_fail', 'ACF_dependence_fail']","Uniformity strongly rejected (min p=1.9e-09, KS=0.2020).; Independence strongly rejected (min Ljung-Box p=6.65e-135, |ACF lag-1|=0.9164)."
0.1699999999999999,8.720933843779303e-07,3.0432813333333333,5.2168038666700056e-08,1.862573352020263,0.01,663.0350381750046,4.817901037968577e-141,789.8484050106333,3.1394366325015416e-163,861.8359687221255,1.0318831367995362e-169,z=Phi^{-1}(u),0.9251223343300612,1036.435856655385,0.908,500,750,250,50,overlapping,RED,"['PIT_uniformity_fail', 'ACF_dependence_fail']","Uniformity strongly rejected (min p=5.22e-08, KS=0.1700).; Independence strongly rejected (min Ljung-Box p=1.03e-169, |ACF lag-1|=0.9251)."
0.13,0.0003826527409824,1.3608573333333334,0.0003500714253177,2.302389603878339,0.01,609.05659563845,2.2334867350928583e-129,685.5830169786379,7.807839772487778e-141,780.4595193646506,1.9842481414479403e-152,z=Phi^{-1}(u),0.917833470490118,1044.8160023807757,0.896,550,800,250,50,overlapping,RED,"['PIT_uniformity_fail', 'ACF_dependence_fail']","Uniformity strongly rejected (min p=0.00035, KS=0.1300).; Independence strongly rejected (min Ljung-Box p=1.98e-152, |ACF lag-1|=0.9178)."
0.056,0.398540394838254,0.2113773333333333,0.2465448742809353,2.147704879529812,0.01,660.3406777745008,1.8419853237611923e-140,784.7702639008647,3.875964880058546e-162,926.8377997462404,1.5213464726800601e-183,z=Phi^{-1}(u),0.9281066473019902,1073.2427348333797,0.904,600,850,250,50,overlapping,RED,['ACF_dependence_fail'],"Independence strongly rejected (min Ljung-Box p=1.52e-183, |ACF lag-1|=0.9281)."
0.09,0.0326901325154178,0.4841173333333334,0.0436338092663471,1.82049317826295,0.01,650.0909932709736,3.025638818869417e-138,778.7627173032039,7.578561538800102e-161,892.7284804622869,2.771665724777265e-176,z=Phi^{-1}(u),0.9249640880008332,1036.2013542063823,0.924,650,900,250,50,overlapping,RED,"['PIT_uniformity_warn', 'ACF_dependence_fail', 'coverage_warn']","Uniformity weakly rejected (min p=0.0327).; Independence strongly rejected (min Ljung-Box p=2.77e-176, |ACF lag-1|=0.9250).; Coverage mildly off-target by 0.024 (target=0.900)."
0.06,0.3164237517245055,0.2105093333333333,0.2480773903543601,0.9838621305075606,0.0144572101381888,614.8846859767419,1.2291742034739233e-130,712.0453155442015,1.6289835140013185e-146,769.9906997406118,3.297811499908105e-150,z=Phi^{-1}(u),0.9253177967613008,1048.6934882152086,0.924,700,950,250,50,overlapping,RED,"['ACF_dependence_fail', 'coverage_warn']","Independence strongly rejected (min Ljung-Box p=3.3e-150, |ACF lag-1|=0.9253).; Coverage mildly off-target by 0.024 (target=0.900)."
0.102,0.0102089770242199,0.6678533333333334,0.0151780668433196,1.202291511215407,0.01,650.6743840968454,2.2631738790439162e-138,755.086150323709,9.276710564212485e-156,805.333330086988,1.0438289527433064e-157,z=Phi^{-1}(u),0.9305154140874852,1061.0472327296263,0.896,750,1000,250,50,overlapping,RED,"['PIT_uniformity_warn', 'ACF_dependence_fail']","Uniformity weakly rejected (min p=0.0102).; Independence strongly rejected (min Ljung-Box p=1.04e-157, |ACF lag-1|=0.9305)."
0.072,0.1425669535852258,0.3544773333333333,0.095556695455686,1.245152778897932,0.01,649.5179971007169,4.024101684952841e-138,787.104986772233,1.2205301324633814e-162,852.3162948420014,1.09015939337169e-167,z=Phi^{-1}(u),0.9324557047492824,1025.607118270017,0.9,800,1050,250,50,overlapping,RED,['ACF_dependence_fail'],"Independence strongly rejected (min Ljung-Box p=1.09e-167, |ACF lag-1|=0.9325)."
0.1099999999999999,0.0043334485784834,1.0313453333333331,0.0020495738231396,1.0367084636541222,0.01,606.135119531911,9.555465366573508e-129,711.7088620943439,1.9237910817459741e-146,737.2868231205354,2.822280310187697e-143,z=Phi^{-1}(u),0.9231985498377618,971.4406821070684,0.896,850,1100,250,50,overlapping,RED,"['PIT_uniformity_fail', 'ACF_dependence_fail']","Uniformity strongly rejected (min p=0.00205, KS=0.1100).; Independence strongly rejected (min Ljung-Box p=1.92e-146, |ACF lag-1|=0.9232)."
0.084,0.0553890740154738,0.4945013333333334,0.0410500833047193,0.4445439730152998,0.15,602.1430028790684,6.963674789837271e-128,757.8586710384043,2.353416200123906e-156,812.6455665636155,2.924407992168536e-159,z=Phi^{-1}(u),0.91563205306755,901.9803663341974,0.928,900,1150,250,50,overlapping,RED,"['PIT_uniformity_warn', 'ACF_dependence_fail', 'coverage_warn']","Uniformity weakly rejected (min p=0.0411).; Independence strongly rejected (min Ljung-Box p=2.92e-159, |ACF lag-1|=0.9156).; Coverage mildly off-target by 0.028 (target=0.900)."
0.0539999999999999,0.4440650591425555,0.1436093333333333,0.4098722602430876,0.3897068707149742,0.15,598.5940760294967,4.070428376517328e-127,736.9772472710845,7.2050385639815775e-152,783.4740751644895,4.55011637457597e-153,z=Phi^{-1}(u),0.9158491439750972,857.6568049861905,0.928,950,1200,250,50,overlapping,RED,"['ACF_dependence_fail', 'coverage_warn']","Independence strongly rejected (min Ljung-Box p=4.55e-153, |ACF lag-1|=0.9158).; Coverage mildly off-target by 0.028 (target=0.900)."
0.0699999999999999,0.1645397722936834,0.4119213333333333,0.0671322723598084,0.7079868623346783,0.0673608006881494,545.2162490071221,1.379924301467875e-115,609.5418276498443,1.5888222595924027e-124,621.6435634061928,7.895389880713419e-119,z=Phi^{-1}(u),0.9097682027751112,761.3530199405429,0.976,1000,1250,250,50,overlapping,RED,"['ACF_dependence_fail', 'overcoverage']","Independence strongly rejected (min Ljung-Box p=1.59e-124, |ACF lag-1|=0.9098).; Coverage off-target by 0.076 (target=0.900)."
0.064,0.2467324500849861,0.2085173333333292,0.2516373684887176,1.2942917223464008,0.01,521.5121791266482,1.81251055865216e-110,626.675793729059,3.37662346919762e-128,757.508050955052,1.462463159595673e-147,z=Phi^{-1}(u),0.8590031998748062,871.6174203987462,0.964,1050,1300,250,50,overlapping,RED,"['ACF_dependence_fail', 'overcoverage']","Independence strongly rejected (min Ljung-Box p=1.46e-147, |ACF lag-1|=0.8590).; Coverage off-target by 0.064 (target=0.900)."
0.09,0.032690132515418,0.8789653333333293,0.0047005174122085,1.2678137796459907,0.01,455.65124050025656,2.966293824458445e-96,512.0504731355949,1.173232289633692e-103,637.059958725112,4.4175807740930696e-122,z=Phi^{-1}(u),0.847242869331329,866.470091306794,0.976,1100,1350,250,50,overlapping,RED,"['PIT_uniformity_fail', 'ACF_dependence_fail', 'overcoverage']","Uniformity strongly rejected (min p=0.0047, KS=0.0900).; Independence strongly rejected (min Ljung-Box p=4.42e-122, |ACF lag-1|=0.8472).; Coverage off-target by 0.076 (target=0.900)."
0.218,6.529461679456593e-11,4.97643733333333,4.315670043553155e-11,1.556740530056004,0.01,434.6722269093139,9.935295364421184e-92,482.9748694691015,1.913947050850166e-97,688.4132007195533,6.2525129607170835e-133,z=Phi^{-1}(u),0.8359185000487008,945.6661280506836,0.952,1150,1400,250,50,overlapping,RED,"['PIT_uniformity_fail', 'ACF_dependence_fail', 'overcoverage']","Uniformity strongly rejected (min p=4.32e-11, KS=0.2180).; Independence strongly rejected (min Ljung-Box p=6.25e-133, |ACF lag-1|=0.8359).; Coverage off-target by 0.052 (target=0.900)."
0.296,6.551690935751788e-20,9.98040133333333,1.754516976149034e-09,1.7518870585349475,0.01,334.8572301479715,3.1817767719766945e-70,341.30601774722754,2.7849890073884922e-67,376.9964543615959,1.1895691393079558e-67,z=Phi^{-1}(u),0.8005029156273498,1005.7579909715153,0.94,1200,1450,250,50,overlapping,RED,"['PIT_uniformity_fail', 'ACF_dependence_fail', 'coverage_warn']","Uniformity strongly rejected (min p=6.55e-20, KS=0.2960).; Independence strongly rejected (min Ljung-Box p=3.18e-70, |ACF lag-1|=0.8005).; Coverage mildly off-target by 0.040 (target=0.900)."
0.306,2.821306890600364e-21,9.53052533333333,7.71428143586661e-10,1.8598987343153224,0.01,340.6963953742292,1.761596301764114e-71,349.4986454336733,5.090750637730655e-69,352.82876741523245,1.1637321465969924e-62,z=Phi^{-1}(u),0.8043304650800761,1011.110756964898,0.936,1250,1500,250,50,overlapping,RED,"['PIT_uniformity_fail', 'ACF_dependence_fail', 'coverage_warn']","Uniformity strongly rejected (min p=2.82e-21, KS=0.3060).; Independence strongly rejected (min Ljung-Box p=1.76e-71, |ACF lag-1|=0.8043).; Coverage mildly off-target by 0.036 (target=0.900)."
0.1479999999999999,3.0364362222398674e-05,2.038641333333233,9.830089502727011e-06,9.85404135637873,0.01,665.5362082293378,1.3873343457404763e-141,802.8897035542931,4.935674254854888e-166,861.7840481401109,1.0584491569712836e-169,z=Phi^{-1}(u),0.9173382854223004,947.4258580846822,0.904,1300,1550,250,50,overlapping,RED,"['PIT_uniformity_fail', 'ACF_dependence_fail']","Uniformity strongly rejected (min p=9.83e-06, KS=0.1480).; Independence strongly rejected (min Ljung-Box p=1.06e-169, |ACF lag-1|=0.9173)."
0.062,0.2800260038615019,0.2462733333332333,0.1932402231012784,6.95997382748908,0.01,719.2060789734243,3.4537699088396984e-153,927.125550541302,9.230456519274428e-193,1075.2178353160043,3.4766968710632825e-215,z=Phi^{-1}(u),0.9231298150726231,949.416283451098,0.9,1350,1600,250,50,overlapping,RED,['ACF_dependence_fail'],"Independence strongly rejected (min Ljung-Box p=3.48e-215, |ACF lag-1|=0.9231)."
0.04,0.8033518023976386,0.0408413333332333,0.9291220188109144,7.336293397751206,0.01,632.5755867944112,1.8471497143316616e-134,783.2238507327664,8.332233534960672e-162,860.5894230160485,1.899635726823668e-169,z=Phi^{-1}(u),0.905274642755709,898.9065715183564,0.904,1400,1650,250,50,overlapping,RED,['ACF_dependence_fail'],"Independence strongly rejected (min Ljung-Box p=1.9e-169, |ACF lag-1|=0.9053)."
0.104,0.0082906374971019,0.6859613333332332,0.0137076249788878,9.152293523840854,0.01,607.0884753824998,5.946394133748492e-129,733.3518120457042,4.3285870514531944e-151,795.8833116609438,1.0584140260572018e-155,z=Phi^{-1}(u),0.9021198352145264,819.6793855560082,0.916,1450,1700,250,50,overlapping,RED,"['PIT_uniformity_fail', 'ACF_dependence_fail']","Uniformity strongly rejected (min p=0.00829, KS=0.1040).; Independence strongly rejected (min Ljung-Box p=1.06e-155, |ACF lag-1|=0.9021)."
0.154,1.211756149014716e-05,1.856845333333233,2.549752560698781e-05,9.54116556181998,0.01,589.2345740836815,4.283496010653013e-125,711.9653286039087,1.6946929724624e-146,782.2493442663346,8.276953977243347e-153,z=Phi^{-1}(u),0.8988954901329678,800.1208073826446,0.908,1500,1750,250,50,overlapping,RED,"['PIT_uniformity_fail', 'ACF_dependence_fail']","Uniformity strongly rejected (min p=1.21e-05, KS=0.1540).; Independence strongly rejected (min Ljung-Box p=8.28e-153, |ACF lag-1|=0.8989)."
0.146,4.090430161748266e-05,1.6577333333333333,7.26854412780309e-05,1.0683328917706092,0.01,503.821672194168,1.1948996954242606e-106,658.6603876813004,4.670032622074742e-135,852.0526341597574,1.2403286161758901e-167,z=Phi^{-1}(u),0.8684269063260183,694.5822107413227,0.96,1550,1800,250,50,overlapping,RED,"['PIT_uniformity_fail', 'ACF_dependence_fail', 'overcoverage']","Uniformity strongly rejected (min p=4.09e-05, KS=0.1460).; Independence strongly rejected (min Ljung-Box p=1.24e-167, |ACF lag-1|=0.8684).; Coverage off-target by 0.060 (target=0.900)."
0.146,4.090430161748266e-05,1.633457333333317,8.261406964615858e-05,4.160722317662248,0.01,261.25115951923107,2.115510267232676e-54,333.1272223278683,1.5098852007763246e-65,427.2929704960818,4.371275703274781e-78,z=Phi^{-1}(u),0.7884051824912985,765.6338237179207,0.944,1600,1850,250,50,overlapping,RED,"['PIT_uniformity_fail', 'ACF_dependence_fail', 'coverage_warn']","Uniformity strongly rejected (min p=4.09e-05, KS=0.1460).; Independence strongly rejected (min Ljung-Box p=4.37e-78, |ACF lag-1|=0.7884).; Coverage mildly off-target by 0.044 (target=0.900)."
0.272,7.849561393665856e-17,8.064193333333318,2.9315661009832183e-11,4.722290088560442,0.01,236.1807364654937,5.060517363944836e-49,271.41459617479177,1.68331588383534e-52,315.7377784014744,4.882443573299014e-55,z=Phi^{-1}(u),0.7877223482976246,759.4137022364837,0.94,1650,1900,250,50,overlapping,RED,"['PIT_uniformity_fail', 'ACF_dependence_fail', 'coverage_warn']","Uniformity strongly rejected (min p=7.85e-17, KS=0.2720).; Independence strongly rejected (min Ljung-Box p=4.88e-55, |ACF lag-1|=0.7877).; Coverage mildly off-target by 0.040 (target=0.900)."
0.312,4.047022864305581e-22,9.958373333333316,1.6889932785701942e-09,5.989274855758936,0.01,204.17547014439097,3.631194912488331e-42,222.2266358331217,3.653646221370134e-42,253.137798855495,2.659269166617973e-42,z=Phi^{-1}(u),0.7677318700029199,743.0599563215832,0.94,1700,1950,250,50,overlapping,RED,"['PIT_uniformity_fail', 'ACF_dependence_fail', 'coverage_warn']","Uniformity strongly rejected (min p=4.05e-22, KS=0.3120).; Independence strongly rejected (min Ljung-Box p=2.66e-42, |ACF lag-1|=0.7677).; Coverage mildly off-target by 0.040 (target=0.900)."
0.2119999999999999,2.4454631950970394e-10,4.651769333333317,2.1097124047742e-11,4.317656760375854,0.01,244.05928195511265,1.0341641075786273e-50,318.32730025348576,2.061826130176037e-62,401.198973131231,1.1528834205347018e-72,z=Phi^{-1}(u),0.7869193230415005,771.3605845341242,0.928,1750,2000,250,50,overlapping,RED,"['PIT_uniformity_fail', 'ACF_dependence_fail', 'coverage_warn']","Uniformity strongly rejected (min p=2.11e-11, KS=0.2120).; Independence strongly rejected (min Ljung-Box p=1.15e-72, |ACF lag-1|=0.7869).; Coverage mildly off-target by 0.028 (target=0.900)."
0.1919999999999999,1.5145111443713852e-08,3.797349333333317,1.1093956864272059e-09,2.466659650152053,0.01,231.23662051228044,5.809405705722935e-48,283.28287796822525,5.282086398431303e-55,330.3623204604389,4.884149599494463e-58,z=Phi^{-1}(u),0.7894806787411328,840.192902849147,0.892,1800,2050,250,50,overlapping,RED,"['PIT_uniformity_fail', 'ACF_dependence_fail']","Uniformity strongly rejected (min p=1.11e-09, KS=0.1920).; Independence strongly rejected (min Ljung-Box p=4.88e-58, |ACF lag-1|=0.7895)."
0.1659999999999999,1.7261388018052646e-06,2.780533333333333,2.0483448393004977e-07,0.2060774589284619,0.15,389.954850278554,4.335680496364429e-82,505.4975418952044,2.9515401724062743e-102,575.5893758645461,3.9635596789384093e-109,z=Phi^{-1}(u),0.8576049422917206,730.7710801554748,0.912,1850,2100,250,50,overlapping,RED,"['PIT_uniformity_fail', 'ACF_dependence_fail']","Uniformity strongly rejected (min p=2.05e-07, KS=0.1660).; Independence strongly rejected (min Ljung-Box p=3.96e-109, |ACF lag-1|=0.8576)."
0.132,0.000293531424011,1.1834493333333331,0.0009030815905647,0.7195462766939329,0.0625841831843252,310.5832192722561,5.308658620909989e-65,370.193981630771,2.0522024890570412e-73,379.88889447362806,2.999262104370736e-68,z=Phi^{-1}(u),0.8336005114488344,605.5389545323125,0.94,1900,2150,250,50,overlapping,RED,"['PIT_uniformity_fail', 'ACF_dependence_fail', 'coverage_warn']","Uniformity strongly rejected (min p=0.000294, KS=0.1320).; Independence strongly rejected (min Ljung-Box p=2.05e-73, |ACF lag-1|=0.8336).; Coverage mildly off-target by 0.040 (target=0.900)."
0.1119999999999999,0.0034624885629555,1.0547413333333333,0.0018058940112356,0.9998349744290635,0.01297824310842,400.6421720157073,2.157046197805065e-84,526.7024558823848,8.641048941947663e-107,557.1301585817799,3.016545615672566e-105,z=Phi^{-1}(u),0.869002768242962,675.5036522683084,0.9,1950,2200,250,50,overlapping,RED,"['PIT_uniformity_fail', 'ACF_dependence_fail']","Uniformity strongly rejected (min p=0.00181, KS=0.1120).; Independence strongly rejected (min Ljung-Box p=8.64e-107, |ACF lag-1|=0.8690)."
0.12,0.0013550102442608,1.6748293333333333,6.642126377354174e-05,1.0352948781703617,0.01,441.1617489406702,3.959213525572813e-93,534.5982216132624,1.769184919747681e-108,564.5817277202227,8.18773307750465e-107,z=Phi^{-1}(u),0.8882348227922886,671.0817608386709,0.896,2000,2250,250,50,overlapping,RED,"['PIT_uniformity_fail', 'ACF_dependence_fail']","Uniformity strongly rejected (min p=6.64e-05, KS=0.1200).; Independence strongly rejected (min Ljung-Box p=1.77e-108, |ACF lag-1|=0.8882)."
0.146,4.090430161748266e-05,2.705545333333333,3.026834112240806e-07,1.0634996229617002,0.01,543.1737684597349,3.8101164060152828e-115,650.2286936724962,3.0055652599948518e-133,689.6567203239673,3.412407588514458e-133,z=Phi^{-1}(u),0.9053303107836026,659.0171644562022,0.896,2050,2300,250,50,overlapping,RED,"['PIT_uniformity_fail', 'ACF_dependence_fail']","Uniformity strongly rejected (min p=3.03e-07, KS=0.1460).; Independence strongly rejected (min Ljung-Box p=3.01e-133, |ACF lag-1|=0.9053)."
0.142,7.331959943971247e-05,2.616057333333333,4.824190353858171e-07,1.254251662309457,0.01,547.14309818126,5.293404509677268e-116,657.5909810598645,7.919986709076249e-135,708.9787368630003,2.786283296058413e-137,z=Phi^{-1}(u),0.9009103494845144,643.5176112835431,0.896,2100,2350,250,50,overlapping,RED,"['PIT_uniformity_fail', 'ACF_dependence_fail']","Uniformity strongly rejected (min p=4.82e-07, KS=0.1420).; Independence strongly rejected (min Ljung-Box p=2.79e-137, |ACF lag-1|=0.9009)."
0.154,1.211756149014716e-05,2.8864213333333333,1.1803005639521304e-07,1.1263420372603434,0.01,496.57230479308674,4.386394925799095e-105,582.3047085476295,1.087417038503483e-118,652.651886874867,2.257627609205761e-125,z=Phi^{-1}(u),0.8906094908888251,663.3264916768072,0.888,2150,2400,250,50,overlapping,RED,"['PIT_uniformity_fail', 'ACF_dependence_fail']","Uniformity strongly rejected (min p=1.18e-07, KS=0.1540).; Independence strongly rejected (min Ljung-Box p=2.26e-125, |ACF lag-1|=0.8906)."
0.096,0.0186040510745635,0.7274133333333332,0.0108676339428473,0.7793621897459957,0.0438828771362509,445.0970687275523,5.608211256993307e-94,525.030996992807,1.9679710875052463e-106,551.4441656022112,4.7234560693865435e-104,z=Phi^{-1}(u),0.8793366607973734,572.8524213344228,0.928,2200,2450,250,50,overlapping,RED,"['PIT_uniformity_warn', 'ACF_dependence_fail', 'coverage_warn']","Uniformity weakly rejected (min p=0.0109).; Independence strongly rejected (min Ljung-Box p=1.97e-106, |ACF lag-1|=0.8793).; Coverage mildly off-target by 0.028 (target=0.900)."
0.076,0.1057293785294712,0.3769893333333254,0.0831011100292695,1.994783150535312,0.01,314.46193359669303,7.776179000122238e-66,334.79455825358724,6.69124667125067e-66,347.4412597954284,1.4995113107014579e-61,z=Phi^{-1}(u),0.778824164112564,608.5616726788501,0.896,2250,2500,250,50,overlapping,RED,['ACF_dependence_fail'],"Independence strongly rejected (min Ljung-Box p=6.69e-66, |ACF lag-1|=0.7788)."
0.0759999999999999,0.1057293785294721,0.3160533333332933,0.1218463605970711,5.529474653774855,0.01,295.09664718205886,1.134357762010771e-61,300.31247764328793,1.3353102036336893e-58,326.53913867045554,2.976967878048721e-57,z=Phi^{-1}(u),0.7867135635644903,641.2549727603929,0.9,2300,2550,250,50,overlapping,RED,['ACF_dependence_fail'],"Independence strongly rejected (min Ljung-Box p=1.13e-61, |ACF lag-1|=0.7867)."
0.148,3.036436222239816e-05,2.226253333333293,3.6851033203832975e-06,6.340824250008382,0.01,296.56564958090524,5.482432471458218e-62,300.0449494949488,1.5210286494260705e-58,316.630590321369,3.2042728242205937e-55,z=Phi^{-1}(u),0.7878091325846353,658.3082704703766,0.9,2350,2600,250,50,overlapping,RED,"['PIT_uniformity_fail', 'ACF_dependence_fail']","Uniformity strongly rejected (min p=3.69e-06, KS=0.1480).; Independence strongly rejected (min Ljung-Box p=5.48e-62, |ACF lag-1|=0.7878)."
0.136,0.0001706166522264,1.619409333333293,8.897087306114493e-05,5.592094781468092,0.01,305.3673903104893,7.024672626668953e-64,308.9798607264916,1.961472680631477e-60,319.7097565547274,7.493343627196904e-56,z=Phi^{-1}(u),0.7924097089707035,668.2596645478878,0.908,2400,2650,250,50,overlapping,RED,"['PIT_uniformity_fail', 'ACF_dependence_fail']","Uniformity strongly rejected (min p=8.9e-05, KS=0.1360).; Independence strongly rejected (min Ljung-Box p=7.02e-64, |ACF lag-1|=0.7924)."
0.1079999999999999,0.0054015033651195,0.7218733333332933,0.0112091840930269,3.689286183668827,0.01,320.7899326056675,3.384980939679702e-67,328.34572952938703,1.5569354077343975e-64,338.61017257203144,9.853145052667273e-60,z=Phi^{-1}(u),0.802886166803556,720.2331149987792,0.892,2450,2700,250,50,overlapping,RED,"['PIT_uniformity_fail', 'ACF_dependence_fail']","Uniformity strongly rejected (min p=0.0054, KS=0.1080).; Independence strongly rejected (min Ljung-Box p=3.38e-67, |ACF lag-1|=0.8029)."
0.0499999999999999,0.5427406465653759,0.0960333333333173,0.6050513851490649,2.506547447195885,0.01,381.363603176394,3.077409711130616e-80,386.9273301142021,5.6886579049747534e-77,401.5860870652696,9.582411728970961e-73,z=Phi^{-1}(u),0.8632640440047019,589.7743633945358,0.948,2500,2750,250,50,overlapping,RED,"['ACF_dependence_fail', 'coverage_warn']","Independence strongly rejected (min Ljung-Box p=3.08e-80, |ACF lag-1|=0.8633).; Coverage mildly off-target by 0.048 (target=0.900)."
0.0579999999999999,0.3559457059095411,0.1674693333333013,0.3406310618132645,3.992519603581172,0.01,376.508913591217,3.420312067297532e-79,386.9788304861386,5.5469806546077814e-77,420.6849481219239,1.03490414804938e-76,z=Phi^{-1}(u),0.8145321409740893,703.6231505749801,0.868,2550,2800,250,50,overlapping,RED,"['ACF_dependence_fail', 'coverage_warn']","Independence strongly rejected (min Ljung-Box p=3.42e-79, |ACF lag-1|=0.8145).; Coverage mildly off-target by 0.032 (target=0.900)."
0.142,7.331959943971247e-05,1.2355093333333014,0.0006832853598771,8.092457237660028,0.01,378.0437591110053,1.597402894474491e-79,395.3554117142466,9.164629450178207e-79,459.8916007479035,7.0458676724302e-85,z=Phi^{-1}(u),0.800356020298163,660.2688181561115,0.868,2600,2850,250,50,overlapping,RED,"['PIT_uniformity_fail', 'ACF_dependence_fail', 'coverage_warn']","Uniformity strongly rejected (min p=7.33e-05, KS=0.1420).; Independence strongly rejected (min Ljung-Box p=7.05e-85, |ACF lag-1|=0.8004).; Coverage mildly off-target by 0.032 (target=0.900)."
0.138,0.0001292813412389,0.9428333333333012,0.0033150813969895,9.684308013920711,0.01,372.1530106271632,2.967548657852245e-78,390.764201514931,8.687526957543925e-78,473.6275568288393,9.544096436442124e-88,z=Phi^{-1}(u),0.7965607327673305,626.3719058710712,0.868,2650,2900,250,50,overlapping,RED,"['PIT_uniformity_fail', 'ACF_dependence_fail', 'coverage_warn']","Uniformity strongly rejected (min p=0.000129, KS=0.1380).; Independence strongly rejected (min Ljung-Box p=9.54e-88, |ACF lag-1|=0.7966).; Coverage mildly off-target by 0.032 (target=0.900)."
0.124,0.0008271899609853,0.8744653333332812,0.0048179801202342,8.85190618393915,0.01,357.08041493018874,5.230997679320906e-75,385.8762781613559,9.517924527700789e-77,424.9468791128856,1.3447449733280403e-77,z=Phi^{-1}(u),0.7787082889012955,674.7122641877036,0.856,2700,2950,250,50,overlapping,RED,"['PIT_uniformity_fail', 'ACF_dependence_fail', 'coverage_warn']","Uniformity strongly rejected (min p=0.000827, KS=0.1240).; Independence strongly rejected (min Ljung-Box p=1.34e-77, |ACF lag-1|=0.7787).; Coverage mildly off-target by 0.044 (target=0.900)."
0.1399999999999999,9.755941577025124e-05,1.4912453333332611,0.0001752002370655,7.18005042563334,0.01,295.96562729169256,7.378294680215344e-62,315.93034147887425,6.632827038374162e-62,335.14785772265395,5.0755569220261465e-59,z=Phi^{-1}(u),0.7594465772996046,768.9473507666082,0.844,2750,3000,250,50,overlapping,RED,"['PIT_uniformity_fail', 'ACF_dependence_fail', 'undercoverage']","Uniformity strongly rejected (min p=9.76e-05, KS=0.1400).; Independence strongly rejected (min Ljung-Box p=6.63e-62, |ACF lag-1|=0.7594).; Coverage off-target by 0.056 (target=0.900)."
0.1559999999999999,8.848081887923706e-06,1.6182173333333132,8.953237299991201e-05,5.574053606299572,0.01,239.6024065291654,9.342870238967852e-50,254.4306483273688,6.350316078734415e-49,272.73366533066934,2.87520146434473e-46,z=Phi^{-1}(u),0.7329995519368797,595.9930052433524,0.936,2800,3050,250,50,overlapping,RED,"['PIT_uniformity_fail', 'ACF_dependence_fail', 'coverage_warn']","Uniformity strongly rejected (min p=8.85e-06, KS=0.1560).; Independence strongly rejected (min Ljung-Box p=9.34e-50, |ACF lag-1|=0.7330).; Coverage mildly off-target by 0.036 (target=0.900)."
0.1079999999999999,0.0054015033651195,1.0141253333331852,0.0022499950808936,6.457212181792897,0.01,390.97252226503065,2.616747373133499e-82,403.89238779352894,1.3971995297324799e-80,414.33610716696575,2.1596839257582102e-75,z=Phi^{-1}(u),0.8198915709253234,899.0292488845082,0.864,2850,3100,250,50,overlapping,RED,"['PIT_uniformity_fail', 'ACF_dependence_fail', 'coverage_warn']","Uniformity strongly rejected (min p=0.00225, KS=0.1080).; Independence strongly rejected (min Ljung-Box p=2.62e-82, |ACF lag-1|=0.8199).; Coverage mildly off-target by 0.036 (target=0.900)."
0.116,0.0021837382351525,0.9209453333331854,0.0037356606180398,5.2666496513244,0.01,446.4089768748031,2.9231817923164714e-94,468.427478664628,2.443162139276044e-94,486.6646307813965,1.7965953608127226e-90,z=Phi^{-1}(u),0.8368489322595117,1005.1694103971756,0.84,2900,3150,250,50,overlapping,RED,"['PIT_uniformity_fail', 'ACF_dependence_fail', 'undercoverage']","Uniformity strongly rejected (min p=0.00218, KS=0.1160).; Independence strongly rejected (min Ljung-Box p=2.44e-94, |ACF lag-1|=0.8368).; Coverage off-target by 0.060 (target=0.900)."
0.104,0.008290637497102,1.0565053333332295,0.0017887560790611,7.183725278761756,0.01,464.8582034333612,3.061420413662297e-98,486.91861962452094,2.7518458617690512e-98,558.1477706296162,1.8435068177351675e-105,z=Phi^{-1}(u),0.8493913627757492,896.6863070208194,0.868,2950,3200,250,50,overlapping,RED,"['PIT_uniformity_fail', 'ACF_dependence_fail', 'coverage_warn']","Uniformity strongly rejected (min p=0.00179, KS=0.1040).; Independence strongly rejected (min Ljung-Box p=1.84e-105, |ACF lag-1|=0.8494).; Coverage mildly off-target by 0.032 (target=0.900)."
0.128,0.0004967972491749,1.7176333333332334,5.3012532659324485e-05,9.244792321278169,0.01,537.805584909563,5.4976636815318206e-114,561.6673385534023,2.852859072716612e-114,633.9252711871978,2.026072994504955e-121,z=Phi^{-1}(u),0.8789736146647735,819.7759406526794,0.884,3000,3250,250,50,overlapping,RED,"['PIT_uniformity_fail', 'ACF_dependence_fail']","Uniformity strongly rejected (min p=5.3e-05, KS=0.1280).; Independence strongly rejected (min Ljung-Box p=2.03e-121, |ACF lag-1|=0.8790)."
0.12,0.0013550102442608,1.6228133333332693,8.738679976183494e-05,6.2662423410963015,0.01,589.976360425059,2.9616812576880454e-125,627.449160138737,2.3050686595281138e-128,672.9799893089869,1.1454506234875069e-129,z=Phi^{-1}(u),0.9104356826130852,868.9897833823663,0.868,3050,3300,250,50,overlapping,RED,"['PIT_uniformity_fail', 'ACF_dependence_fail', 'coverage_warn']","Uniformity strongly rejected (min p=8.74e-05, KS=0.1200).; Independence strongly rejected (min Ljung-Box p=1.15e-129, |ACF lag-1|=0.9104).; Coverage mildly off-target by 0.032 (target=0.900)."
0.186,4.810089914305226e-08,3.312101333333333,1.287715944986445e-08,0.3194412551332846,0.15,656.581735112233,1.1962517642660297e-139,791.1692330950448,1.6327990729298348e-163,832.8375116455601,1.5035141746739626e-163,z=Phi^{-1}(u),0.921743436643374,663.760839685045,0.896,3100,3350,250,50,overlapping,RED,"['PIT_uniformity_fail', 'ACF_dependence_fail']","Uniformity strongly rejected (min p=1.29e-08, KS=0.1860).; Independence strongly rejected (min Ljung-Box p=1.5e-163, |ACF lag-1|=0.9217)."
0.0959999999999999,0.0186040510745638,0.4227613333333334,0.0628762829873439,0.7000472888229297,0.070641616188872,738.3555022195777,2.4952858754244587e-157,932.445936051457,6.604426550855147e-194,966.7069697371724,4.8866904480651705e-192,z=Phi^{-1}(u),0.9359530065965302,644.6074091681513,0.896,3150,3400,250,50,overlapping,RED,"['PIT_uniformity_warn', 'ACF_dependence_fail']","Uniformity weakly rejected (min p=0.0186).; Independence strongly rejected (min Ljung-Box p=6.6e-194, |ACF lag-1|=0.9360)."
0.13,0.0003826527409824,1.3621613333333331,0.0003476507157063,0.7845476132649196,0.0428025805698084,754.9659985552796,6.377506391193898e-161,973.5767528243484,9.187974857384832e-203,1012.5820651926128,8.094895697849675e-202,z=Phi^{-1}(u),0.9355338465706048,712.5027427587822,0.892,3200,3450,250,50,overlapping,RED,"['PIT_uniformity_fail', 'ACF_dependence_fail']","Uniformity strongly rejected (min p=0.000348, KS=0.1300).; Independence strongly rejected (min Ljung-Box p=9.19e-203, |ACF lag-1|=0.9355)."
0.2139999999999999,1.5814280556184449e-10,3.3086613333333337,1.3109698326907449e-08,2.667799762655477,0.01,787.8608221409952,4.890372354130993e-168,1042.4119299154086,1.36235765100094e-217,1089.7984945590397,2.676492646793039e-218,z=Phi^{-1}(u),0.9433058379647274,727.8641743582066,0.892,3250,3500,250,50,overlapping,RED,"['PIT_uniformity_fail', 'ACF_dependence_fail']","Uniformity strongly rejected (min p=1.58e-10, KS=0.2140).; Independence strongly rejected (min Ljung-Box p=2.68e-218, |ACF lag-1|=0.9433)."
0.178,2.117668987962672e-07,2.707917333333333,2.9896731723599856e-07,1.9424503312205277,0.01,848.8186799286112,3.1691355547125573e-181,1248.5239860677432,4.903483559524962e-262,1396.9350820168358,5.041716024072419e-284,z=Phi^{-1}(u),0.9508779425089527,629.0430707570741,0.928,3300,3550,250,50,overlapping,RED,"['PIT_uniformity_fail', 'ACF_dependence_fail', 'coverage_warn']","Uniformity strongly rejected (min p=2.12e-07, KS=0.1780).; Independence strongly rejected (min Ljung-Box p=5.04e-284, |ACF lag-1|=0.9509).; Coverage mildly off-target by 0.028 (target=0.900)."
0.088,0.0391297550232406,0.2278653333333332,0.2194551974682748,2.8987374887829844,0.01,733.6537047566603,2.5938947323306576e-156,1088.4053510942497,1.666519626580252e-227,1261.9928402233616,4.0592388832113537e-255,z=Phi^{-1}(u),0.9309264944136986,598.3671892622189,0.968,3350,3600,250,50,overlapping,RED,"['PIT_uniformity_warn', 'ACF_dependence_fail', 'overcoverage']","Uniformity weakly rejected (min p=0.0391).; Independence strongly rejected (min Ljung-Box p=4.06e-255, |ACF lag-1|=0.9309).; Coverage off-target by 0.068 (target=0.900)."
0.088,0.0391297550232406,0.2431173333333333,0.1974633745744262,2.8012461958478525,0.01,619.3766088464954,1.3150162576632837e-131,827.7501552703797,2.22746515239931e-171,1062.654190808723,1.6729160877346064e-212,z=Phi^{-1}(u),0.9141061564357428,599.5308605537468,0.948,3400,3650,250,50,overlapping,RED,"['PIT_uniformity_warn', 'ACF_dependence_fail', 'coverage_warn']","Uniformity weakly rejected (min p=0.0391).; Independence strongly rejected (min Ljung-Box p=1.67e-212, |ACF lag-1|=0.9141).; Coverage mildly off-target by 0.048 (target=0.900)."
0.042,0.7535349147957915,0.1128773333331893,0.5256805750214607,9.011869489169214,0.01,484.587001785734,1.6936819952401978e-102,597.224754043843,6.923877042808748e-122,862.2887221009818,8.267312282116432e-170,z=Phi^{-1}(u),0.8798356019346721,727.6993759888018,0.884,3450,3700,250,50,overlapping,RED,['ACF_dependence_fail'],"Independence strongly rejected (min Ljung-Box p=8.27e-170, |ACF lag-1|=0.8798)."
0.09,0.0326901325154178,0.4215973333331894,0.0633190878082265,8.727490617425929,0.01,482.33215251172095,5.193263885694622e-102,563.344624887944,1.248025934999108e-114,827.2148484506768,2.353101203776053e-162,z=Phi^{-1}(u),0.8833331668671054,807.5378872371718,0.852,3500,3750,250,50,overlapping,RED,"['PIT_uniformity_warn', 'ACF_dependence_fail', 'coverage_warn']","Uniformity weakly rejected (min p=0.0327).; Independence strongly rejected (min Ljung-Box p=2.35e-162, |ACF lag-1|=0.8833).; Coverage mildly off-target by 0.048 (target=0.900)."
0.18,1.471143755962186e-07,2.375385333333189,1.6917118429438105e-06,8.755860645957796,0.01,511.343160784471,2.842342456983994e-108,631.955853779566,2.4914996630263525e-129,959.841171783758,1.419395189725967e-190,z=Phi^{-1}(u),0.8892870256387524,907.5286452440782,0.824,3550,3800,250,50,overlapping,RED,"['PIT_uniformity_fail', 'ACF_dependence_fail', 'undercoverage']","Uniformity strongly rejected (min p=1.47e-07, KS=0.1800).; Independence strongly rejected (min Ljung-Box p=1.42e-190, |ACF lag-1|=0.8893).; Coverage off-target by 0.076 (target=0.900)."
0.098,0.0152929430424031,0.7054733333330774,0.0122863216177939,7.663215175864025,0.01,465.1971122015757,2.5870367514551344e-98,546.3623395055632,5.38145242180359e-111,647.6789171222761,2.5334737374164438e-124,z=Phi^{-1}(u),0.8743687143392233,1029.3565201892736,0.792,3600,3850,250,50,overlapping,RED,"['PIT_uniformity_warn', 'ACF_dependence_fail', 'undercoverage']","Uniformity weakly rejected (min p=0.0123).; Independence strongly rejected (min Ljung-Box p=2.53e-124, |ACF lag-1|=0.8744).; Coverage off-target by 0.108 (target=0.900)."
0.102,0.0102089770242199,0.8570893333330772,0.0053003103178993,7.207868693019236,0.01,444.25247398596713,8.530883602965441e-94,505.6024669036892,2.803003433314664e-102,569.1273028390378,9.06430759595646e-108,z=Phi^{-1}(u),0.8716425913775109,1015.9119712374878,0.828,3650,3900,250,50,overlapping,RED,"['PIT_uniformity_fail', 'ACF_dependence_fail', 'undercoverage']","Uniformity strongly rejected (min p=0.0053, KS=0.1020).; Independence strongly rejected (min Ljung-Box p=9.06e-108, |ACF lag-1|=0.8716).; Coverage off-target by 0.072 (target=0.900)."
0.174,4.333396074387789e-07,2.4380773333332173,1.2198613512648393e-06,4.294017844252153,0.01,556.6587204710147,4.662678414496165e-118,634.7540699551565,6.258734581334621e-130,653.7382691869896,1.3311526066226476e-125,z=Phi^{-1}(u),0.8711844599541637,1203.6872737285898,0.8,3700,3950,250,50,overlapping,RED,"['PIT_uniformity_fail', 'ACF_dependence_fail', 'undercoverage']","Uniformity strongly rejected (min p=4.33e-07, KS=0.1740).; Independence strongly rejected (min Ljung-Box p=6.26e-130, |ACF lag-1|=0.8712).; Coverage off-target by 0.100 (target=0.900)."
0.166,1.7261388018052337e-06,2.811169333333217,1.7463448498400425e-07,6.789040065241068,0.01,544.0740041305968,2.435170488060821e-115,624.7114389643642,8.904315719007448e-128,644.5348948594693,1.1680795131898808e-123,z=Phi^{-1}(u),0.8619232404554641,1103.8080804687486,0.832,3750,4000,250,50,overlapping,RED,"['PIT_uniformity_fail', 'ACF_dependence_fail', 'undercoverage']","Uniformity strongly rejected (min p=1.75e-07, KS=0.1660).; Independence strongly rejected (min Ljung-Box p=8.9e-128, |ACF lag-1|=0.8619).; Coverage off-target by 0.068 (target=0.900)."
0.06,0.3164237517245062,0.2016173333332172,0.2644472844889911,10.845652188672204,0.01,538.5543645314572,3.788660938879086e-114,619.4272519550566,1.208755125709894e-126,671.679470616053,2.156963014123238e-129,z=Phi^{-1}(u),0.8611367614001327,992.236764100911,0.86,3800,4050,250,50,overlapping,RED,"['ACF_dependence_fail', 'coverage_warn']","Independence strongly rejected (min Ljung-Box p=2.16e-129, |ACF lag-1|=0.8611).; Coverage mildly off-target by 0.040 (target=0.900)."
0.116,0.0021837382351525,0.7786893333332332,0.0081702657795856,14.13749531762079,0.01,627.577929836643,2.221154381227291e-133,710.6291883237733,3.2807732727212425e-146,824.723665974634,7.958555764185165e-162,z=Phi^{-1}(u),0.8719485313692332,812.4926239484133,0.896,3850,4100,250,50,overlapping,RED,"['PIT_uniformity_fail', 'ACF_dependence_fail']","Uniformity strongly rejected (min p=0.00218, KS=0.1160).; Independence strongly rejected (min Ljung-Box p=7.96e-162, |ACF lag-1|=0.8719)."
0.16,4.659433156552637e-06,1.6975693333332336,5.892095052895119e-05,18.79280848764222,0.01,604.7145461937804,1.9373224733785958e-128,679.872170142192,1.312614497723168e-139,852.4899659116498,1.0013185638169379e-167,z=Phi^{-1}(u),0.8652845920496743,739.776531000438,0.904,3900,4150,250,50,overlapping,RED,"['PIT_uniformity_fail', 'ACF_dependence_fail']","Uniformity strongly rejected (min p=4.66e-06, KS=0.1600).; Independence strongly rejected (min Ljung-Box p=1e-167, |ACF lag-1|=0.8653)."
0.17,8.72093384377922e-07,2.780385333333333,2.0499238917448537e-07,0.2746229447960218,0.15,359.05197294139185,1.9680362617782774e-75,364.7817985483792,2.897455753369924e-72,412.9580688446118,4.175140824166113e-75,z=Phi^{-1}(u),0.8771655441334825,372.1976902159661,1.0,3950,4200,250,50,overlapping,RED,"['PIT_uniformity_fail', 'ACF_dependence_fail', 'overcoverage']","Uniformity strongly rejected (min p=2.05e-07, KS=0.1700).; Independence strongly rejected (min Ljung-Box p=1.97e-75, |ACF lag-1|=0.8772).; Coverage off-target by 0.100 (target=0.900)."
0.18,1.471143755962186e-07,2.572817333333333,6.043640223829527e-07,0.2636926296665365,0.15,397.42514303930864,1.0646397728373889e-83,406.19243334213934,4.525070414211707e-81,444.4463788984928,1.1719423060798499e-81,z=Phi^{-1}(u),0.8748350097749711,366.7721949293629,1.0,4000,4250,250,50,overlapping,RED,"['PIT_uniformity_fail', 'ACF_dependence_fail', 'overcoverage']","Uniformity strongly rejected (min p=1.47e-07, KS=0.1800).; Independence strongly rejected (min Ljung-Box p=1.06e-83, |ACF lag-1|=0.8748).; Coverage off-target by 0.100 (target=0.900)."
0.158,6.434116740158359e-06,1.8761333333333332,2.304210153369901e-05,0.8037612575981825,0.0387997380003786,483.4541189115424,2.9738277130851202e-102,518.5948482004285,4.680221811143663e-105,521.336312371384,9.851116484360231e-98,z=Phi^{-1}(u),0.8999011925077997,462.31685286753975,0.972,4050,4300,250,50,overlapping,RED,"['PIT_uniformity_fail', 'ACF_dependence_fail', 'overcoverage']","Uniformity strongly rejected (min p=6.43e-06, KS=0.1580).; Independence strongly rejected (min Ljung-Box p=4.68e-105, |ACF lag-1|=0.8999).; Coverage off-target by 0.072 (target=0.900)."
0.13,0.0003826527409824,1.1299293333333331,0.0012039190672961,0.6937344486868255,0.0732502278153613,596.2606488061206,1.299575469210537e-126,720.6081512729797,2.3617198469387782e-148,753.5985871047164,9.859256537198385e-147,z=Phi^{-1}(u),0.9188646154615976,570.4870437055714,0.96,4100,4350,250,50,overlapping,RED,"['PIT_uniformity_fail', 'ACF_dependence_fail', 'overcoverage']","Uniformity strongly rejected (min p=0.000383, KS=0.1300).; Independence strongly rejected (min Ljung-Box p=2.36e-148, |ACF lag-1|=0.9189).; Coverage off-target by 0.060 (target=0.900)."
0.068,0.189118983215428,0.3750213333333334,0.0841159083342744,0.8080465884537489,0.0379069607388023,715.8929500124719,1.7977557658310668e-152,915.937954902004,2.363386232892921e-190,970.4700995942378,7.709310436841175e-193,z=Phi^{-1}(u),0.9342054842295152,759.1233627460357,0.904,4150,4400,250,50,overlapping,RED,['ACF_dependence_fail'],"Independence strongly rejected (min Ljung-Box p=7.71e-193, |ACF lag-1|=0.9342)."
0.0759999999999999,0.1057293785294721,0.2080693333333333,0.2524463437214684,0.978120266081504,0.0149888642517125,745.9871994904543,5.579548590939141e-159,953.6659756946958,1.7822527984587706e-198,1017.2558620980604,8.152164282741762e-203,z=Phi^{-1}(u),0.9401535282106274,778.3269037951034,0.904,4200,4450,250,50,overlapping,RED,['ACF_dependence_fail'],"Independence strongly rejected (min Ljung-Box p=8.15e-203, |ACF lag-1|=0.9402)."
0.094,0.0225406568153295,0.4404573333333333,0.0565376515180652,1.6739915067128663,0.01,729.5696577152802,1.982281349146408e-155,947.1188960428116,4.578336708982025e-197,1063.722530598671,9.89480460381185e-213,z=Phi^{-1}(u),0.9404791242764016,811.6687746604784,0.904,4250,4500,250,50,overlapping,RED,"['PIT_uniformity_warn', 'ACF_dependence_fail']","Uniformity weakly rejected (min p=0.0225).; Independence strongly rejected (min Ljung-Box p=9.89e-213, |ACF lag-1|=0.9405)."
0.064,0.2467324500849851,0.2877213333333333,0.1464205968196716,1.4929538844531578,0.01,713.0473453874006,7.414102040377559e-152,897.8018475574682,1.8926708405837307e-186,973.2114721927388,2.007874492178862e-193,z=Phi^{-1}(u),0.9355301958059624,749.1421988191062,0.928,4300,4550,250,50,overlapping,RED,"['ACF_dependence_fail', 'coverage_warn']","Independence strongly rejected (min Ljung-Box p=2.01e-193, |ACF lag-1|=0.9355).; Coverage mildly off-target by 0.028 (target=0.900)."
0.05,0.5427406465653746,0.1148693333333333,0.5170955086711357,0.4313289058737553,0.15,640.1012458824065,4.365220448903737e-136,742.6524137908675,4.350903042836061e-153,778.0681229121733,6.381424496286967e-152,z=Phi^{-1}(u),0.9260936895519896,641.7133286616936,0.924,4350,4600,250,50,overlapping,RED,"['ACF_dependence_fail', 'coverage_warn']","Independence strongly rejected (min Ljung-Box p=4.35e-153, |ACF lag-1|=0.9261).; Coverage mildly off-target by 0.024 (target=0.900)."
0.068,0.189118983215428,0.4244173333333333,0.0622520272850894,0.2174156790720758,0.15,502.67987211780286,2.1076477309300663e-106,549.6924460459522,1.043021606281771e-111,596.7756750914177,1.375087102399986e-113,z=Phi^{-1}(u),0.906220770363208,458.4176878072899,0.976,4400,4650,250,50,overlapping,RED,"['ACF_dependence_fail', 'overcoverage']","Independence strongly rejected (min Ljung-Box p=1.38e-113, |ACF lag-1|=0.9062).; Coverage off-target by 0.076 (target=0.900)."
0.112,0.0034624885629555,1.0693933333333334,0.0016684387140202,0.7284387813108424,0.0589095944996519,478.17333713123577,4.10107616608172e-101,528.5687414551256,3.4469006554710895e-107,670.4572604960563,3.9097152742403287e-129,z=Phi^{-1}(u),0.9015330264015252,515.5610917321044,0.968,4450,4700,250,50,overlapping,RED,"['PIT_uniformity_fail', 'ACF_dependence_fail', 'overcoverage']","Uniformity strongly rejected (min p=0.00167, KS=0.1120).; Independence strongly rejected (min Ljung-Box p=3.91e-129, |ACF lag-1|=0.9015).; Coverage off-target by 0.068 (target=0.900)."
0.16,4.659433156552614e-06,2.4641013333333333,1.0650684214574824e-06,0.5098692347996234,0.15,438.94288923503,1.1916763891131527e-92,460.4462945812729,1.2340152732508919e-92,500.4948180308166,2.292634250470505e-93,z=Phi^{-1}(u),0.8865788156733589,528.7336953426588,0.956,4500,4750,250,50,overlapping,RED,"['PIT_uniformity_fail', 'ACF_dependence_fail', 'overcoverage']","Uniformity strongly rejected (min p=1.07e-06, KS=0.1600).; Independence strongly rejected (min Ljung-Box p=2.29e-93, |ACF lag-1|=0.8866).; Coverage off-target by 0.056 (target=0.900)."
0.068,0.189118983215428,0.2731533333333333,0.1612113844207571,0.5421577187167657,0.15,480.226092304736,1.4788587170269475e-101,525.7959196677757,1.350321661532893e-106,666.3489953329906,2.8859767671841447e-128,z=Phi^{-1}(u),0.9013507641900312,490.7512043435171,0.96,4550,4800,250,50,overlapping,RED,"['ACF_dependence_fail', 'overcoverage']","Independence strongly rejected (min Ljung-Box p=2.89e-128, |ACF lag-1|=0.9014).; Coverage off-target by 0.060 (target=0.900)."
0.12,0.0013550102442608,1.2275973333333332,0.0007128369752652,0.9356451888182562,0.0189217417760873,452.8790822659418,1.1755001827786105e-95,477.34358044336335,3.0511290196444905e-96,525.0401524190431,1.6472860530445585e-98,z=Phi^{-1}(u),0.8918744231071853,507.0104168420746,0.976,4600,4850,250,50,overlapping,RED,"['PIT_uniformity_fail', 'ACF_dependence_fail', 'overcoverage']","Uniformity strongly rejected (min p=0.000713, KS=0.1200).; Independence strongly rejected (min Ljung-Box p=1.65e-98, |ACF lag-1|=0.8919).; Coverage off-target by 0.076 (target=0.900)."
0.078,0.0904978738065936,0.6273333333333333,0.0190877370810695,1.4589278320746075,0.01,447.0077865717206,2.1711773714183475e-94,485.3266219291039,6.020832411787791e-98,501.8216559816717,1.209264847662221e-93,z=Phi^{-1}(u),0.8898514729906373,516.607520909073,0.98,4650,4900,250,50,overlapping,RED,"['PIT_uniformity_warn', 'ACF_dependence_fail', 'overcoverage']","Uniformity weakly rejected (min p=0.0191).; Independence strongly rejected (min Ljung-Box p=6.02e-98, |ACF lag-1|=0.8899).; Coverage off-target by 0.080 (target=0.900)."
0.056,0.3985403948382549,0.1390693333333333,0.4249069396248838,0.5461085846111473,0.15,341.34480717402886,1.2774295442754278e-71,342.8584959467249,1.3048012930541131e-67,350.5990464991108,3.3527265341999024e-62,z=Phi^{-1}(u),0.8584491490021191,474.0185093424861,0.968,4700,4950,250,50,overlapping,RED,"['ACF_dependence_fail', 'overcoverage']","Independence strongly rejected (min Ljung-Box p=1.28e-71, |ACF lag-1|=0.8584).; Coverage off-target by 0.068 (target=0.900)."
0.068,0.189118983215428,0.2734533333333332,0.1608900948523862,0.4866697359476291,0.15,342.7708780418885,6.300422788304076e-72,371.8861093544096,8.967235872869167e-74,398.1794063290675,4.876406392708149e-72,z=Phi^{-1}(u),0.8430238703253107,461.84851151905366,0.96,4750,5000,250,50,overlapping,RED,"['ACF_dependence_fail', 'overcoverage']","Independence strongly rejected (min Ljung-Box p=8.97e-74, |ACF lag-1|=0.8430).; Coverage off-target by 0.060 (target=0.900)."
0.126,0.0006423606286764,1.8770333333333291,2.2933507596412103e-05,0.8981437549351199,0.0223940967652666,254.692165727424,5.410613471704214e-53,268.09710645247907,8.420653597579264e-52,288.62327068963407,1.6902784611029365e-49,z=Phi^{-1}(u),0.7505738407575436,543.7817963442568,0.92,4800,5050,250,50,overlapping,RED,"['PIT_uniformity_fail', 'ACF_dependence_fail', 'coverage_warn']","Uniformity strongly rejected (min p=2.29e-05, KS=0.1260).; Independence strongly rejected (min Ljung-Box p=5.41e-53, |ACF lag-1|=0.7506).; Coverage mildly off-target by 0.020 (target=0.900)."
0.12,0.0013550102442608,1.4766813333331974,0.0001892549130811,6.932046441058219,0.01,325.38861194803894,3.4688131238869727e-68,329.01175015171685,1.124979272096375e-64,337.77952090428823,1.4601840887836045e-59,z=Phi^{-1}(u),0.7968975893530728,710.3246079715321,0.808,4850,5100,250,50,overlapping,RED,"['PIT_uniformity_fail', 'ACF_dependence_fail', 'undercoverage']","Uniformity strongly rejected (min p=0.000189, KS=0.1200).; Independence strongly rejected (min Ljung-Box p=3.47e-68, |ACF lag-1|=0.7969).; Coverage off-target by 0.092 (target=0.900)."
0.0999999999999999,0.0125203447299346,1.1570093333330371,0.0010408045388364,7.586317815285327,0.01,432.7625556876022,2.564516471117528e-91,449.155410214007,3.1634930010273543e-90,469.46253625997485,7.07594114882607e-87,z=Phi^{-1}(u),0.8172879136428707,839.2701047625452,0.724,4900,5150,250,50,overlapping,RED,"['PIT_uniformity_fail', 'ACF_dependence_fail', 'undercoverage']","Uniformity strongly rejected (min p=0.00104, KS=0.1000).; Independence strongly rejected (min Ljung-Box p=2.56e-91, |ACF lag-1|=0.8173).; Coverage off-target by 0.176 (target=0.900)."
0.09,0.032690132515418,0.6880213333330374,0.0135499013405524,7.345181366998133,0.01,437.61977332894105,2.2988552967784e-92,452.2128933210765,7.046530186889601e-91,473.66228762134494,9.385955366494036e-88,z=Phi^{-1}(u),0.8194367301365024,828.8990437907288,0.732,4950,5200,250,50,overlapping,RED,"['PIT_uniformity_warn', 'ACF_dependence_fail', 'undercoverage']","Uniformity weakly rejected (min p=0.0135).; Independence strongly rejected (min Ljung-Box p=2.3e-92, |ACF lag-1|=0.8194).; Coverage off-target by 0.168 (target=0.900)."
0.092,0.0272001300552789,0.8498573333330374,0.0055152993429623,6.926235541548067,0.01,455.2338811956504,3.6496249368877263e-96,474.21071166650086,1.4235212857964453e-95,499.5134975303175,3.679477566016906e-93,z=Phi^{-1}(u),0.8235395724049737,822.7802072463224,0.744,5000,5250,250,50,overlapping,RED,"['PIT_uniformity_fail', 'ACF_dependence_fail', 'undercoverage']","Uniformity strongly rejected (min p=0.00552, KS=0.0920).; Independence strongly rejected (min Ljung-Box p=3.65e-96, |ACF lag-1|=0.8235).; Coverage off-target by 0.156 (target=0.900)."
0.254,1.0505011839469013e-14,6.136389333333074,1.2527201498357954e-11,6.514135927393227,0.01,425.9399528352411,7.5894628758706205e-90,438.7692232898589,5.188496716297924e-88,530.8017073127048,1.0189560272126266e-99,z=Phi^{-1}(u),0.8429504993596674,905.2372238422178,0.704,5050,5300,250,50,overlapping,RED,"['PIT_uniformity_fail', 'ACF_dependence_fail', 'undercoverage']","Uniformity strongly rejected (min p=1.05e-14, KS=0.2540).; Independence strongly rejected (min Ljung-Box p=1.02e-99, |ACF lag-1|=0.8430).; Coverage off-target by 0.196 (target=0.900)."
0.2459999999999999,8.2608163650679e-14,7.69685733333327,1.1371773522839135e-09,3.5664703807017304,0.01,466.48725477871255,1.3628502147636894e-98,514.1895142979511,4.093647578110225e-104,517.1691774638925,7.364162487537506e-97,z=Phi^{-1}(u),0.8721502138676207,748.647884290824,0.812,5100,5350,250,50,overlapping,RED,"['PIT_uniformity_fail', 'ACF_dependence_fail', 'undercoverage']","Uniformity strongly rejected (min p=8.26e-14, KS=0.2460).; Independence strongly rejected (min Ljung-Box p=4.09e-104, |ACF lag-1|=0.8722).; Coverage off-target by 0.088 (target=0.900)."
0.278,1.4172217060925893e-17,8.384321333333334,6.59700072347391e-11,2.2756439899856677,0.01,545.5734480047329,1.1553553439346974e-115,669.8788075430516,1.830294174745208e-137,702.215843694856,7.519931974175468e-136,z=Phi^{-1}(u),0.9038290203657836,729.4774814110364,0.852,5150,5400,250,50,overlapping,RED,"['PIT_uniformity_fail', 'ACF_dependence_fail', 'coverage_warn']","Uniformity strongly rejected (min p=1.42e-17, KS=0.2780).; Independence strongly rejected (min Ljung-Box p=1.83e-137, |ACF lag-1|=0.9038).; Coverage mildly off-target by 0.048 (target=0.900)."
0.258,3.6492086518511065e-15,7.814221333333334,1.4839328654758786e-09,1.2351592697228,0.01,571.005080076431,3.7143325912450557e-121,735.5748653696357,1.4416502461635213e-151,777.3644344531516,8.999001036537092e-152,z=Phi^{-1}(u),0.9100041613279156,698.3562852135276,0.864,5200,5450,250,50,overlapping,RED,"['PIT_uniformity_fail', 'ACF_dependence_fail', 'coverage_warn']","Uniformity strongly rejected (min p=3.65e-15, KS=0.2580).; Independence strongly rejected (min Ljung-Box p=9e-152, |ACF lag-1|=0.9100).; Coverage mildly off-target by 0.036 (target=0.900)."
0.212,2.445463195097008e-10,4.307997333333334,7.269651547403555e-11,1.415617936279716,0.01,592.2814494304516,9.408628039317818e-126,795.1224085368052,2.3075338151456004e-164,927.0055995651452,1.401189562845299e-183,z=Phi^{-1}(u),0.9186813467654722,775.6438318451897,0.844,5250,5500,250,50,overlapping,RED,"['PIT_uniformity_fail', 'ACF_dependence_fail', 'undercoverage']","Uniformity strongly rejected (min p=7.27e-11, KS=0.2120).; Independence strongly rejected (min Ljung-Box p=1.4e-183, |ACF lag-1|=0.9187).; Coverage off-target by 0.056 (target=0.900)."
0.12,0.0013550102442608,0.9328253333333332,0.0035010659111658,1.0327213433766929,0.01,595.409493056085,1.9847241565238932e-126,764.7285816116346,7.862336098514893e-158,860.891177664517,1.6387480242471845e-169,z=Phi^{-1}(u),0.9076690234709716,595.8958704254413,0.924,5300,5550,250,50,overlapping,RED,"['PIT_uniformity_fail', 'ACF_dependence_fail', 'coverage_warn']","Uniformity strongly rejected (min p=0.00136, KS=0.1200).; Independence strongly rejected (min Ljung-Box p=1.64e-169, |ACF lag-1|=0.9077).; Coverage mildly off-target by 0.024 (target=0.900)."
0.084,0.0553890740154738,0.5209933333333333,0.0351616742294714,0.4644932212942194,0.15,680.9904036706133,6.327830432992862e-145,892.653433438466,2.4270066781696834e-185,1044.6708605273436,1.1532427661766066e-208,z=Phi^{-1}(u),0.9252585834514352,750.2876501056527,0.888,5350,5600,250,50,overlapping,RED,"['PIT_uniformity_warn', 'ACF_dependence_fail']","Uniformity weakly rejected (min p=0.0352).; Independence strongly rejected (min Ljung-Box p=1.15e-208, |ACF lag-1|=0.9253)."
0.2,3.058649177480583e-09,3.9626413333333335,6.280020947713182e-10,1.6982349440180258,0.01,550.7680800413165,8.727028328599508e-117,630.2642517545983,5.7430967104287474e-129,666.2173765902575,3.0768315692825875e-128,z=Phi^{-1}(u),0.8914718363211561,698.3044498048963,0.92,5400,5650,250,50,overlapping,RED,"['PIT_uniformity_fail', 'ACF_dependence_fail', 'coverage_warn']","Uniformity strongly rejected (min p=6.28e-10, KS=0.2000).; Independence strongly rejected (min Ljung-Box p=5.74e-129, |ACF lag-1|=0.8915).; Coverage mildly off-target by 0.020 (target=0.900)."
0.226,1.0574852054710895e-11,5.1608453333333335,8.811862350910359e-11,1.851571651222912,0.01,524.9809666715386,3.2310604209868063e-111,577.3318288845202,1.262977972722481e-117,610.6734182776931,1.622368913127901e-116,z=Phi^{-1}(u),0.8874063185524604,708.0957481436246,0.92,5450,5700,250,50,overlapping,RED,"['PIT_uniformity_fail', 'ACF_dependence_fail', 'coverage_warn']","Uniformity strongly rejected (min p=1.06e-11, KS=0.2260).; Independence strongly rejected (min Ljung-Box p=1.26e-117, |ACF lag-1|=0.8874).; Coverage mildly off-target by 0.020 (target=0.900)."
0.216,1.0183309459024907e-10,4.224989333333334,1.1085488083040218e-10,2.292251325389543,0.01,513.1157139006762,1.1776517830137078e-108,577.7283083198781,1.0386991832381572e-117,583.8048407696533,7.40147633511748e-111,z=Phi^{-1}(u),0.8794663403524773,637.352219260393,0.948,5500,5750,250,50,overlapping,RED,"['PIT_uniformity_fail', 'ACF_dependence_fail', 'coverage_warn']","Uniformity strongly rejected (min p=1.02e-10, KS=0.2160).; Independence strongly rejected (min Ljung-Box p=1.04e-117, |ACF lag-1|=0.8795).; Coverage mildly off-target by 0.048 (target=0.900)."
0.224,1.6776960229707422e-11,6.8200693333333335,1.1585599146712866e-10,0.8953451471870153,0.0226532271123134,434.5180301570033,1.0725909001972564e-91,468.7165268877074,2.119596855092977e-94,479.383316565842,5.982696057070117e-89,z=Phi^{-1}(u),0.8708433351054039,724.635769391321,0.936,5550,5800,250,50,overlapping,RED,"['PIT_uniformity_fail', 'ACF_dependence_fail', 'coverage_warn']","Uniformity strongly rejected (min p=1.68e-11, KS=0.2240).; Independence strongly rejected (min Ljung-Box p=2.12e-94, |ACF lag-1|=0.8708).; Coverage mildly off-target by 0.036 (target=0.900)."
0.0899999999999999,0.0326901325154183,0.6914773333332933,0.013289473390541,4.744751794235469,0.01,489.4165104484247,1.536565918486014e-103,561.3050206928996,3.410669920181074e-114,608.5809521546414,4.4786998053508216e-116,z=Phi^{-1}(u),0.8615408775372717,783.176374012144,0.888,5600,5850,250,50,overlapping,RED,"['PIT_uniformity_warn', 'ACF_dependence_fail']","Uniformity weakly rejected (min p=0.0133).; Independence strongly rejected (min Ljung-Box p=4.48e-116, |ACF lag-1|=0.8615)."
0.09,0.0326901325154178,0.4464653333332933,0.0545438230281523,4.340024552148577,0.01,538.102038128421,4.744187352220581e-114,642.3196054822536,1.4933762211553897e-131,742.5522384701252,2.162558976619441e-144,z=Phi^{-1}(u),0.8712926833719693,749.2584377455117,0.884,5650,5900,250,50,overlapping,RED,"['PIT_uniformity_warn', 'ACF_dependence_fail']","Uniformity weakly rejected (min p=0.0327).; Independence strongly rejected (min Ljung-Box p=2.16e-144, |ACF lag-1|=0.8713)."
0.088,0.0391297550232403,0.4097013333332933,0.0680415180473825,3.304089923269544,0.01,551.3941392060424,6.392294261413194e-117,661.4091568441345,1.2012816720502776e-135,744.0082190107157,1.0627749322470324e-144,z=Phi^{-1}(u),0.8763047575057041,800.6960719500728,0.872,5700,5950,250,50,overlapping,RED,"['PIT_uniformity_warn', 'ACF_dependence_fail', 'coverage_warn']","Uniformity weakly rejected (min p=0.0391).; Independence strongly rejected (min Ljung-Box p=1.06e-144, |ACF lag-1|=0.8763).; Coverage mildly off-target by 0.028 (target=0.900)."
0.1139999999999999,0.0027553557925281,0.9834813333332814,0.0026571327888792,3.4184865691955792,0.01,478.6889239478188,3.174232147138915e-101,519.3677485880132,3.1989711305337763e-105,555.3283159562261,7.213733529779234e-105,z=Phi^{-1}(u),0.8388134581165076,858.3853141596778,0.844,5750,6000,250,50,overlapping,RED,"['PIT_uniformity_fail', 'ACF_dependence_fail', 'undercoverage']","Uniformity strongly rejected (min p=0.00266, KS=0.1140).; Independence strongly rejected (min Ljung-Box p=3.2e-105, |ACF lag-1|=0.8388).; Coverage off-target by 0.056 (target=0.900)."
0.186,4.8100899143052806e-08,2.8254893333332336,1.620883751662916e-07,5.335939523920615,0.01,376.3575433131917,3.687014138615111e-79,387.1607254530917,5.074237006839316e-77,387.4811227574969,8.041004140436022e-70,z=Phi^{-1}(u),0.8090671568666788,893.2239996810058,0.828,5800,6050,250,50,overlapping,RED,"['PIT_uniformity_fail', 'ACF_dependence_fail', 'undercoverage']","Uniformity strongly rejected (min p=4.81e-08, KS=0.1860).; Independence strongly rejected (min Ljung-Box p=3.69e-79, |ACF lag-1|=0.8091).; Coverage off-target by 0.072 (target=0.900)."
0.07,0.1645397722936827,0.2056213333332973,0.2569218133555605,3.775991670841023,0.01,353.50746076435985,3.07558171183136e-74,370.7337461010018,1.575901597483397e-73,399.9014344848398,2.142624947085155e-72,z=Phi^{-1}(u),0.7849963115289486,701.8452436897668,0.9,5850,6100,250,50,overlapping,RED,['ACF_dependence_fail'],"Independence strongly rejected (min Ljung-Box p=3.08e-74, |ACF lag-1|=0.7850)."
0.0819999999999999,0.0655014478062853,0.2850293333332974,0.1490332959106483,4.419908254482522,0.01,324.79971302683015,4.643931961508528e-68,337.6770082745401,1.6383011794792034e-66,377.0072441302692,1.1834719518356667e-67,z=Phi^{-1}(u),0.774579441313809,705.6133375123125,0.908,5900,6150,250,50,overlapping,RED,['ACF_dependence_fail'],"Independence strongly rejected (min Ljung-Box p=4.64e-68, |ACF lag-1|=0.7746)."
0.064,0.2467324500849851,0.2458413333332973,0.1938120454156406,4.966786034915941,0.01,321.94394443697104,1.91113129975594e-67,344.87888110065114,4.863736143845294e-68,358.3655346315225,8.395825166982056e-64,z=Phi^{-1}(u),0.7658828388571495,668.4530896308778,0.92,5950,6200,250,50,overlapping,RED,"['ACF_dependence_fail', 'coverage_warn']","Independence strongly rejected (min Ljung-Box p=4.86e-68, |ACF lag-1|=0.7659).; Coverage mildly off-target by 0.020 (target=0.900)."
0.0739999999999999,0.1230243374005598,0.2749213333333174,0.1593284395236006,2.631249932273932,0.01,428.53893426849646,2.0883041242134914e-90,539.531287417527,1.557644106694036e-109,560.0077650627436,7.493903162112118e-106,z=Phi^{-1}(u),0.8295303281854813,664.2271656983013,0.928,6000,6250,250,50,overlapping,RED,"['ACF_dependence_fail', 'coverage_warn']","Independence strongly rejected (min Ljung-Box p=1.56e-109, |ACF lag-1|=0.8295).; Coverage mildly off-target by 0.028 (target=0.900)."
0.08,0.0771476533902126,0.3744893333333334,0.0843925465617357,1.082176271756481,0.01,634.2429870360648,8.056384757688311e-135,866.1013060248434,1.2544556143833572e-179,911.3670534202824,2.992331290799477e-180,z=Phi^{-1}(u),0.9114093158429352,567.0150267625777,0.956,6050,6300,250,50,overlapping,RED,"['ACF_dependence_fail', 'overcoverage']","Independence strongly rejected (min Ljung-Box p=2.99e-180, |ACF lag-1|=0.9114).; Coverage off-target by 0.056 (target=0.900)."
0.08,0.0771476533902124,0.4982613333333333,0.040154753226248,0.5719829247506425,0.1407264823209696,644.2680311858618,5.48799831669215e-137,892.3025693123111,2.8878773234809172e-185,946.533941754188,9.711340206337064e-188,z=Phi^{-1}(u),0.9157243474386402,527.5154829401621,0.972,6100,6350,250,50,overlapping,RED,"['PIT_uniformity_warn', 'ACF_dependence_fail', 'overcoverage']","Uniformity weakly rejected (min p=0.0402).; Independence strongly rejected (min Ljung-Box p=9.71e-188, |ACF lag-1|=0.9157).; Coverage off-target by 0.072 (target=0.900)."
0.064,0.2467324500849861,0.2510173333333333,0.1870879493493428,1.0248042972755798,0.0106662687707796,749.5692586545827,9.372966220892999e-160,981.6546751543034,1.6728074030598083e-204,1027.974117966643,4.214245312539925e-205,z=Phi^{-1}(u),0.944418035297282,590.3773392226799,0.952,6150,6400,250,50,overlapping,RED,"['ACF_dependence_fail', 'overcoverage']","Independence strongly rejected (min Ljung-Box p=4.21e-205, |ACF lag-1|=0.9444).; Coverage off-target by 0.052 (target=0.900)."
0.0679999999999999,0.1891189832154289,0.2661413333333334,0.1689345183469354,1.5690151598674902,0.01,583.3229946813249,8.108400770206405e-124,635.1495432063479,5.148600128932618e-130,639.5839048123772,1.2957523990664127e-122,z=Phi^{-1}(u),0.9241813586532368,675.911888204486,0.92,6200,6450,250,50,overlapping,RED,"['ACF_dependence_fail', 'coverage_warn']","Independence strongly rejected (min Ljung-Box p=5.15e-130, |ACF lag-1|=0.9242).; Coverage mildly off-target by 0.020 (target=0.900)."
0.068,0.189118983215428,0.1759213333333333,0.3195521544113635,0.489583104542362,0.15,490.2168475464956,1.0323341427462909e-103,509.47657051962153,4.164666073542092e-103,514.2291872380822,3.0432648050561004e-96,z=Phi^{-1}(u),0.906643839322846,639.0728268371056,0.94,6250,6500,250,50,overlapping,RED,"['ACF_dependence_fail', 'coverage_warn']","Independence strongly rejected (min Ljung-Box p=1.03e-103, |ACF lag-1|=0.9066).; Coverage mildly off-target by 0.040 (target=0.900)."
0.1659999999999999,1.7261388018052491e-06,2.769025333333317,2.174833373391749e-07,1.9419200437358484,0.01,414.5528348647188,2.1643294913863104e-87,421.94250841931927,2.001259697564148e-84,424.1098902617431,2.0078029346202054e-77,z=Phi^{-1}(u),0.8754589679370164,788.8738315866103,0.892,6300,6550,250,50,overlapping,RED,"['PIT_uniformity_fail', 'ACF_dependence_fail']","Uniformity strongly rejected (min p=2.17e-07, KS=0.1660).; Independence strongly rejected (min Ljung-Box p=2.16e-87, |ACF lag-1|=0.8755)."
0.1759999999999999,3.0356281553151184e-07,2.6147813333333176,4.856366998540196e-07,1.8678386568530243,0.01,430.2582826478039,8.892795388538316e-91,443.6125150827152,4.811908882500181e-89,470.6697831554784,3.9593898354980265e-87,z=Phi^{-1}(u),0.8711691263539348,832.6631727894479,0.876,6350,6600,250,50,overlapping,RED,"['PIT_uniformity_fail', 'ACF_dependence_fail', 'coverage_warn']","Uniformity strongly rejected (min p=3.04e-07, KS=0.1760).; Independence strongly rejected (min Ljung-Box p=8.89e-91, |ACF lag-1|=0.8712).; Coverage mildly off-target by 0.024 (target=0.900)."
0.186,4.8100899143052806e-08,3.620433333333317,2.6134422403956133e-09,2.9539356010158717,0.01,381.1769358847692,3.37599919595279e-80,392.3490196381777,3.997166217416787e-78,449.86723774042105,8.688562240476367e-83,z=Phi^{-1}(u),0.8528429195315079,758.3435659552007,0.904,6400,6650,250,50,overlapping,RED,"['PIT_uniformity_fail', 'ACF_dependence_fail']","Uniformity strongly rejected (min p=2.61e-09, KS=0.1860).; Independence strongly rejected (min Ljung-Box p=8.69e-83, |ACF lag-1|=0.8528)."
0.196,6.8637322522079354e-09,4.3379053333333175,6.265821195228227e-11,3.0795891534243367,0.01,323.98835757071106,6.9414486025322065e-68,331.8069982536164,2.8758790010252445e-65,367.0517904866582,1.351886488838148e-65,z=Phi^{-1}(u),0.8242476670329416,722.503361394955,0.912,6450,6700,250,50,overlapping,RED,"['PIT_uniformity_fail', 'ACF_dependence_fail']","Uniformity strongly rejected (min p=6.27e-11, KS=0.1960).; Independence strongly rejected (min Ljung-Box p=6.94e-68, |ACF lag-1|=0.8242)."
0.164,2.4133932149658096e-06,2.5812733333333173,5.783175144324915e-07,2.4064243533916567,0.01,364.2137366298927,1.522010243813384e-76,374.8662164297559,2.0860604323060864e-74,480.4931702963017,3.506672498151618e-89,z=Phi^{-1}(u),0.8347247031877393,726.8958349124238,0.888,6500,6750,250,50,overlapping,RED,"['PIT_uniformity_fail', 'ACF_dependence_fail']","Uniformity strongly rejected (min p=5.78e-07, KS=0.1640).; Independence strongly rejected (min Ljung-Box p=3.51e-89, |ACF lag-1|=0.8347)."
0.15,2.2447668867543865e-05,1.7375173333333334,4.774404925345088e-05,0.716431574234349,0.0638712503163847,263.9449943348527,5.585839364842537e-55,289.4616027954184,2.6201706212165928e-56,460.82210813788345,4.5054942314988665e-85,z=Phi^{-1}(u),0.8147538291797359,572.1578813917828,0.936,6550,6800,250,50,overlapping,RED,"['PIT_uniformity_fail', 'ACF_dependence_fail', 'coverage_warn']","Uniformity strongly rejected (min p=2.24e-05, KS=0.1500).; Independence strongly rejected (min Ljung-Box p=4.51e-85, |ACF lag-1|=0.8148).; Coverage mildly off-target by 0.036 (target=0.900)."
0.172,6.160263358135957e-07,1.7688933333333334,4.047865277112539e-05,0.477242594654939,0.15,291.810731620431,5.7680971528940414e-61,298.95327259228145,2.587633892722081e-58,586.054215324255,2.4880044528200266e-111,z=Phi^{-1}(u),0.820681382228077,517.3838343616382,0.952,6600,6850,250,50,overlapping,RED,"['PIT_uniformity_fail', 'ACF_dependence_fail', 'overcoverage']","Uniformity strongly rejected (min p=6.16e-07, KS=0.1720).; Independence strongly rejected (min Ljung-Box p=2.49e-111, |ACF lag-1|=0.8207).; Coverage off-target by 0.052 (target=0.900)."
0.142,7.331959943971279e-05,1.001145333333333,0.0024141078416111,0.664976398219153,0.0851337197441516,327.5955534954059,1.1623213575784678e-68,333.364233360748,1.3449484810879958e-65,503.88664604035887,4.467863851703041e-94,z=Phi^{-1}(u),0.8300695360506963,494.19944642959496,0.952,6650,6900,250,50,overlapping,RED,"['PIT_uniformity_fail', 'ACF_dependence_fail', 'overcoverage']","Uniformity strongly rejected (min p=7.33e-05, KS=0.1420).; Independence strongly rejected (min Ljung-Box p=4.47e-94, |ACF lag-1|=0.8301).; Coverage off-target by 0.052 (target=0.900)."
0.1119999999999999,0.0034624885629555,0.8748133333333332,0.0048087906620875,0.5065993955836916,0.15,538.0789238453536,4.799026571584985e-114,574.26264445001,5.736319799108512e-117,582.0501965400875,1.7322501035207493e-110,z=Phi^{-1}(u),0.910141729240908,474.3329929964282,0.948,6700,6950,250,50,overlapping,RED,"['PIT_uniformity_fail', 'ACF_dependence_fail', 'coverage_warn']","Uniformity strongly rejected (min p=0.00346, KS=0.1120).; Independence strongly rejected (min Ljung-Box p=5.74e-117, |ACF lag-1|=0.9101).; Coverage mildly off-target by 0.048 (target=0.900)."
0.1159999999999999,0.0021837382351525,0.8717373333333333,0.0048906392543527,0.6522498415150153,0.0903926274731341,510.8312087100415,3.666024703409424e-108,528.5645015843231,3.45410520609239e-107,563.5281895161464,1.3635233378635293e-106,z=Phi^{-1}(u),0.9145071526103318,444.5928302301001,0.968,6750,7000,250,50,overlapping,RED,"['PIT_uniformity_fail', 'ACF_dependence_fail', 'overcoverage']","Uniformity strongly rejected (min p=0.00218, KS=0.1160).; Independence strongly rejected (min Ljung-Box p=3.67e-108, |ACF lag-1|=0.9145).; Coverage off-target by 0.068 (target=0.900)."
0.1059999999999999,0.006705519078627,0.7890693333333173,0.0077135682410159,2.1913127712645637,0.01,460.6857450362723,2.4328343785293674e-97,473.3562580567504,2.166639214070137e-95,522.5644097375817,5.4446249378751545e-98,z=Phi^{-1}(u),0.8795982734206619,591.0191362922099,0.9,6800,7050,250,50,overlapping,RED,"['PIT_uniformity_fail', 'ACF_dependence_fail']","Uniformity strongly rejected (min p=0.00671, KS=0.1060).; Independence strongly rejected (min Ljung-Box p=5.44e-98, |ACF lag-1|=0.8796)."
0.168,1.2294793527601027e-06,3.185209333333137,2.4922805597071832e-08,6.663778760296509,0.01,418.5193500708731,3.021198837013043e-88,423.8949919292012,7.679072699794048e-85,456.944029690523,2.9038370117291044e-84,z=Phi^{-1}(u),0.8619131869232033,740.0452386435107,0.852,6850,7100,250,50,overlapping,RED,"['PIT_uniformity_fail', 'ACF_dependence_fail', 'coverage_warn']","Uniformity strongly rejected (min p=2.49e-08, KS=0.1680).; Independence strongly rejected (min Ljung-Box p=3.02e-88, |ACF lag-1|=0.8619).; Coverage mildly off-target by 0.048 (target=0.900)."
0.216,1.0183309459024907e-10,3.295413333333077,1.4045197227474661e-08,4.568560803699029,0.01,553.9423584861757,1.800158594324453e-117,608.6546974027599,2.4614523011388853e-124,636.8944732678411,4.7874804034618947e-122,z=Phi^{-1}(u),0.8775760821575873,981.3001631844074,0.772,6900,7150,250,50,overlapping,RED,"['PIT_uniformity_fail', 'ACF_dependence_fail', 'undercoverage']","Uniformity strongly rejected (min p=1.02e-10, KS=0.2160).; Independence strongly rejected (min Ljung-Box p=2.46e-124, |ACF lag-1|=0.8776).; Coverage off-target by 0.128 (target=0.900)."
0.142,7.331959943971247e-05,1.721949333333077,5.182144498105945e-05,6.130695596042301,0.01,553.4703051793837,2.2764728110777356e-117,616.8765503869237,4.256682825288934e-126,666.8882983397586,2.2199190072387937e-128,z=Phi^{-1}(u),0.8798769713333456,997.3095095006836,0.788,6950,7200,250,50,overlapping,RED,"['PIT_uniformity_fail', 'ACF_dependence_fail', 'undercoverage']","Uniformity strongly rejected (min p=5.18e-05, KS=0.1420).; Independence strongly rejected (min Ljung-Box p=2.22e-128, |ACF lag-1|=0.8799).; Coverage off-target by 0.112 (target=0.900)."
0.1379999999999999,0.0001292813412389,1.7310013333330774,4.940991624768909e-05,5.294345505476315,0.01,571.9550871233786,2.3156265969613877e-121,642.9865842802939,1.0743206265083421e-131,686.5008372389666,1.5866395466290928e-132,z=Phi^{-1}(u),0.8822326307801599,1019.829973817286,0.772,7000,7250,250,50,overlapping,RED,"['PIT_uniformity_fail', 'ACF_dependence_fail', 'undercoverage']","Uniformity strongly rejected (min p=4.94e-05, KS=0.1380).; Independence strongly rejected (min Ljung-Box p=1.59e-132, |ACF lag-1|=0.8822).; Coverage off-target by 0.128 (target=0.900)."
0.0639999999999999,0.2467324500849869,0.4277573333331894,0.0610130798346685,5.838171833016077,0.01,627.4749154604842,2.337983451012853e-133,734.3504585966498,2.6414983209905836e-151,855.4277073239273,2.377191370941968e-168,z=Phi^{-1}(u),0.8891405940552315,853.8603530387898,0.84,7050,7300,250,50,overlapping,RED,"['ACF_dependence_fail', 'undercoverage']","Independence strongly rejected (min Ljung-Box p=2.38e-168, |ACF lag-1|=0.8891).; Coverage off-target by 0.060 (target=0.900)."
0.062,0.2800260038615019,0.2234613333333294,0.226331359201707,1.6095398442570854,0.01,500.2068192658451,7.204678169429836e-106,592.1221681942455,8.580376324253729e-121,633.3890381738886,2.629054456186344e-121,z=Phi^{-1}(u),0.9032332474795728,726.3849267155804,0.888,7100,7350,250,50,overlapping,RED,['ACF_dependence_fail'],"Independence strongly rejected (min Ljung-Box p=2.63e-121, |ACF lag-1|=0.9032)."
0.098,0.015292943042403,0.6743373333333335,0.014633721338029,1.3249261300719013,0.01,567.3945690310845,2.237564681712573e-120,594.3891037339118,2.8045493325742373e-121,604.8605067019867,2.72363647916129e-115,z=Phi^{-1}(u),0.9218657918433673,601.0338053385148,0.928,7150,7400,250,50,overlapping,RED,"['PIT_uniformity_warn', 'ACF_dependence_fail', 'coverage_warn']","Uniformity weakly rejected (min p=0.0146).; Independence strongly rejected (min Ljung-Box p=2.8e-121, |ACF lag-1|=0.9219).; Coverage mildly off-target by 0.028 (target=0.900)."
0.12,0.0013550102442608,0.9605093333333332,0.0030107435392932,1.6411561101814414,0.01,623.798071346715,1.4569400944491816e-132,665.2293311169186,1.820031677506116e-136,702.818179097865,5.607379760193106e-136,z=Phi^{-1}(u),0.9335762880537924,573.8359869001471,0.92,7200,7450,250,50,overlapping,RED,"['PIT_uniformity_fail', 'ACF_dependence_fail', 'coverage_warn']","Uniformity strongly rejected (min p=0.00136, KS=0.1200).; Independence strongly rejected (min Ljung-Box p=1.82e-136, |ACF lag-1|=0.9336).; Coverage mildly off-target by 0.020 (target=0.900)."
0.064,0.2467324500849858,0.3336413333333333,0.1089313917746102,0.6776151881344674,0.0799110792832779,622.675273695256,2.547324404351251e-132,729.7567287964804,2.5615036921005113e-150,739.134345643403,1.1459638439849596e-143,z=Phi^{-1}(u),0.926400636663175,575.1813469476208,0.924,7250,7500,250,50,overlapping,RED,"['ACF_dependence_fail', 'coverage_warn']","Independence strongly rejected (min Ljung-Box p=2.56e-150, |ACF lag-1|=0.9264).; Coverage mildly off-target by 0.024 (target=0.900)."
0.072,0.1425669535852258,0.1948053333333333,0.277863823855389,0.7321933982383939,0.0573580999014901,750.3370114395335,6.394797258208216e-160,946.2406400795046,7.076367655864412e-197,973.150036925331,2.0693351236481246e-193,z=Phi^{-1}(u),0.9429924254049764,795.5886716533331,0.856,7300,7550,250,50,overlapping,RED,"['ACF_dependence_fail', 'coverage_warn']","Independence strongly rejected (min Ljung-Box p=7.08e-197, |ACF lag-1|=0.9430).; Coverage mildly off-target by 0.044 (target=0.900)."
0.066,0.2164684877017035,0.1129093333333333,0.5255413715730749,0.7092367740697227,0.0668443082356517,758.1075214337416,1.3340615102620862e-161,975.4769878263248,3.580711766228503e-203,1009.819214500434,3.1441168050620058e-201,z=Phi^{-1}(u),0.94469412493066,808.3821448715752,0.852,7350,7600,250,50,overlapping,RED,"['ACF_dependence_fail', 'coverage_warn']","Independence strongly rejected (min Ljung-Box p=3.58e-203, |ACF lag-1|=0.9447).; Coverage mildly off-target by 0.048 (target=0.900)."
0.072,0.1425669535852258,0.4320853333333332,0.0594467755708036,0.566858334105774,0.1443869042101614,781.3569128212324,1.2481350242995139e-166,1076.3657871765467,6.559658401948582e-225,1132.0324117171797,2.540565351260096e-227,z=Phi^{-1}(u),0.9421126100993024,723.726186700189,0.892,7400,7650,250,50,overlapping,RED,['ACF_dependence_fail'],"Independence strongly rejected (min Ljung-Box p=2.54e-227, |ACF lag-1|=0.9421)."
0.118,0.001723677123827,1.0651533333333334,0.0017070895244278,1.397119990031911,0.01,809.6568330266141,9.42173878084848e-173,1131.164180132982,1.0084804510144416e-236,1202.9678080056187,1.732403096275827e-242,z=Phi^{-1}(u),0.9467659688553814,744.0134930191608,0.892,7450,7700,250,50,overlapping,RED,"['PIT_uniformity_fail', 'ACF_dependence_fail']","Uniformity strongly rejected (min p=0.00171, KS=0.1180).; Independence strongly rejected (min Ljung-Box p=1.73e-242, |ACF lag-1|=0.9468)."
0.1659999999999999,1.7261388018052491e-06,2.5256333333333334,7.728174180599012e-07,1.0223300594988132,0.010895364861221,753.0183146562964,1.6823128595994832e-160,932.544276899227,6.290185873192801e-194,980.0932117113472,6.852831444596779e-195,z=Phi^{-1}(u),0.9523931600124028,782.5574184665077,0.888,7500,7750,250,50,overlapping,RED,"['PIT_uniformity_fail', 'ACF_dependence_fail']","Uniformity strongly rejected (min p=7.73e-07, KS=0.1660).; Independence strongly rejected (min Ljung-Box p=6.85e-195, |ACF lag-1|=0.9524)."
0.074,0.1230243374005592,0.4185893333333294,0.0644789524114025,3.389405641758998,0.01,500.9106221182764,5.078062427216026e-106,685.6287256681464,7.633449781054021e-141,829.1734540037662,9.027255300875034e-163,z=Phi^{-1}(u),0.8575961270253174,702.0865737288698,0.912,7550,7800,250,50,overlapping,RED,['ACF_dependence_fail'],"Independence strongly rejected (min Ljung-Box p=9.03e-163, |ACF lag-1|=0.8576)."
0.0739999999999999,0.1230243374005598,0.3355213333333294,0.1076434365905723,2.322128460478666,0.01,462.7393787889529,8.771152150568169e-98,656.7733029720662,1.1861133181396054e-134,821.4654731414354,3.916587251219629e-161,z=Phi^{-1}(u),0.8512552613716019,710.3618573696536,0.916,7600,7850,250,50,overlapping,RED,['ACF_dependence_fail'],"Independence strongly rejected (min Ljung-Box p=3.92e-161, |ACF lag-1|=0.8513)."
0.15,2.244766886754376e-05,1.3965293333331372,0.0002895828814597,6.520143941273773,0.01,461.22690651114976,1.859354944033008e-97,478.8092433203281,1.4842231969244898e-96,545.0566046839157,1.0373662150473158e-102,z=Phi^{-1}(u),0.8130908515604309,916.1914047269452,0.856,7650,7900,250,50,overlapping,RED,"['PIT_uniformity_fail', 'ACF_dependence_fail', 'coverage_warn']","Uniformity strongly rejected (min p=2.24e-05, KS=0.1500).; Independence strongly rejected (min Ljung-Box p=1.04e-102, |ACF lag-1|=0.8131).; Coverage mildly off-target by 0.044 (target=0.900)."
0.1059999999999999,0.006705519078627,0.9645093333331372,0.0029459030939189,5.508044378370471,0.01,474.6501990074415,2.3612404068994487e-100,497.5071177595804,1.5051490935144307e-100,578.4693160760833,9.820940325079365e-110,z=Phi^{-1}(u),0.8234314492120034,1022.720700839048,0.812,7700,7950,250,50,overlapping,RED,"['PIT_uniformity_fail', 'ACF_dependence_fail', 'undercoverage']","Uniformity strongly rejected (min p=0.00295, KS=0.1060).; Independence strongly rejected (min Ljung-Box p=9.82e-110, |ACF lag-1|=0.8234).; Coverage off-target by 0.088 (target=0.900)."
0.072,0.1425669535852258,0.4050773333331374,0.0699782411771013,6.736106456557479,0.01,451.7820529872199,2.0270600826996276e-95,468.4555801483899,2.4096495961663154e-94,539.4722359787156,1.5433419051853196e-101,z=Phi^{-1}(u),0.8125087267430882,952.9062855285662,0.832,7750,8000,250,50,overlapping,RED,"['ACF_dependence_fail', 'undercoverage']","Independence strongly rejected (min Ljung-Box p=1.54e-101, |ACF lag-1|=0.8125).; Coverage off-target by 0.068 (target=0.900)."
0.068,0.1891189832154274,0.4307893333331894,0.0599112346305056,9.671226743617638,0.01,505.3039928783708,5.719470972485121e-107,526.2013506352035,1.1059433373842724e-106,705.8101023223543,1.3050524032561604e-136,z=Phi^{-1}(u),0.8308296606214375,840.1421351244375,0.876,7800,8050,250,50,overlapping,RED,"['ACF_dependence_fail', 'coverage_warn']","Independence strongly rejected (min Ljung-Box p=1.31e-136, |ACF lag-1|=0.8308).; Coverage mildly off-target by 0.024 (target=0.900)."
0.072,0.1425669535852253,0.3390453333331894,0.105274393717926,10.12741466976388,0.01,505.0427644230345,6.512464437336663e-107,529.0918873359267,2.6640418241596002e-107,710.9852338060998,1.047935599301536e-137,z=Phi^{-1}(u),0.8274992084052618,834.3943435726289,0.876,7850,8100,250,50,overlapping,RED,"['ACF_dependence_fail', 'coverage_warn']","Independence strongly rejected (min Ljung-Box p=1.05e-137, |ACF lag-1|=0.8275).; Coverage mildly off-target by 0.024 (target=0.900)."
0.148,3.036436222239841e-05,1.2869253333333333,0.0005191270571142,1.3032659395078383,0.01,391.8136869122537,1.723844663911685e-82,413.12538492143534,1.5115040248287404e-82,457.058790511699,2.748079797318368e-84,z=Phi^{-1}(u),0.864213580710479,603.4667202813005,0.936,7900,8150,250,50,overlapping,RED,"['PIT_uniformity_fail', 'ACF_dependence_fail', 'coverage_warn']","Uniformity strongly rejected (min p=3.04e-05, KS=0.1480).; Independence strongly rejected (min Ljung-Box p=2.75e-84, |ACF lag-1|=0.8642).; Coverage mildly off-target by 0.036 (target=0.900)."
0.12,0.0013550102442608,0.9265813333333334,0.0036224379317344,1.7658844335035155,0.01,567.5897512533138,2.0305588687382747e-120,612.6114772610409,3.4930683936995825e-125,617.4660297599814,6.001297718523822e-118,z=Phi^{-1}(u),0.899181648694432,560.726454519094,0.964,7950,8200,250,50,overlapping,RED,"['PIT_uniformity_fail', 'ACF_dependence_fail', 'overcoverage']","Uniformity strongly rejected (min p=0.00136, KS=0.1200).; Independence strongly rejected (min Ljung-Box p=3.49e-125, |ACF lag-1|=0.8992).; Coverage off-target by 0.064 (target=0.900)."
0.2,3.058649177480583e-09,3.7467613333333296,1.399468319007724e-09,2.523191751403374,0.01,713.7186151492295,5.307688797856292e-152,1080.9262704012451,6.822066565286345e-226,1493.1916811485555,1.1503055911412795e-304,z=Phi^{-1}(u),0.8728624063212573,782.7545620144533,0.868,8000,8250,250,50,overlapping,RED,"['PIT_uniformity_fail', 'ACF_dependence_fail', 'coverage_warn']","Uniformity strongly rejected (min p=1.4e-09, KS=0.2000).; Independence strongly rejected (min Ljung-Box p=1.15e-304, |ACF lag-1|=0.8729).; Coverage mildly off-target by 0.032 (target=0.900)."
0.236,9.864814950888854e-13,8.08992933333333,3.1364799646382835e-11,1.123491890059256,0.01,739.4712578445694,1.4315880611503746e-157,1172.943166600475,9.871232060064528e-246,1754.062734071289,0.0,z=Phi^{-1}(u),0.8692472288929738,825.4118079829892,0.868,8050,8300,250,50,overlapping,RED,"['PIT_uniformity_fail', 'ACF_dependence_fail', 'coverage_warn']","Uniformity strongly rejected (min p=9.86e-13, KS=0.2360).; Independence strongly rejected (min Ljung-Box p=0, |ACF lag-1|=0.8692).; Coverage mildly off-target by 0.032 (target=0.900)."
0.274,4.456284348465677e-17,8.69371333333333,1.3653012054248848e-10,1.5352255152213274,0.01,730.3498648133614,1.3441256079834501e-155,1182.6839773733832,7.825708621825482e-248,1678.3300073857,0.0,z=Phi^{-1}(u),0.8794248884117886,828.5253094147735,0.852,8100,8350,250,50,overlapping,RED,"['PIT_uniformity_fail', 'ACF_dependence_fail', 'coverage_warn']","Uniformity strongly rejected (min p=4.46e-17, KS=0.2740).; Independence strongly rejected (min Ljung-Box p=0, |ACF lag-1|=0.8794).; Coverage mildly off-target by 0.048 (target=0.900)."
0.254,1.0505011839468852e-14,7.17047733333333,3.0752955737511906e-10,2.7597217304161177,0.01,901.0802755535972,1.553507762975107e-192,1498.3843197545468,0.0,1954.8964010591224,0.0,z=Phi^{-1}(u),0.914616352320632,1059.0398582017071,0.776,8150,8400,250,50,overlapping,RED,"['PIT_uniformity_fail', 'ACF_dependence_fail', 'undercoverage']","Uniformity strongly rejected (min p=1.05e-14, KS=0.2540).; Independence strongly rejected (min Ljung-Box p=0, |ACF lag-1|=0.9146).; Coverage off-target by 0.124 (target=0.900)."
0.214,1.5814280556184262e-10,4.57238133333333,2.4112378760321462e-11,1.395265711520466,0.01,860.1038632091193,1.1454555524348502e-183,1359.349334306391,5.923730744224893e-286,1759.7060799629674,0.0,z=Phi^{-1}(u),0.9150446917415808,1074.557865252349,0.772,8200,8450,250,50,overlapping,RED,"['PIT_uniformity_fail', 'ACF_dependence_fail', 'undercoverage']","Uniformity strongly rejected (min p=2.41e-11, KS=0.2140).; Independence strongly rejected (min Ljung-Box p=0, |ACF lag-1|=0.9150).; Coverage off-target by 0.128 (target=0.900)."
0.084,0.0553890740154735,0.2709933333333333,0.1635464697152254,0.8164832979769585,0.0361493129214669,890.8843419437625,2.499974470547309e-190,1274.6716730549854,1.118291824924296e-267,1430.9251598142616,2.6035071545292458e-291,z=Phi^{-1}(u),0.9610905658403563,863.8156440288176,0.868,8250,8500,250,50,overlapping,RED,"['ACF_dependence_fail', 'coverage_warn']","Independence strongly rejected (min Ljung-Box p=2.6e-291, |ACF lag-1|=0.9611).; Coverage mildly off-target by 0.032 (target=0.900)."
0.152,1.652679981066289e-05,2.1075053333333336,6.85554174217895e-06,1.2165778881658298,0.01,869.5156906543871,1.052687072899702e-185,1201.414158824388,7.1378370209094535e-252,1277.171982305154,2.285566038960788e-258,z=Phi^{-1}(u),0.9560551522382272,888.6715185979813,0.848,8300,8550,250,50,overlapping,RED,"['PIT_uniformity_fail', 'ACF_dependence_fail', 'undercoverage']","Uniformity strongly rejected (min p=6.86e-06, KS=0.1520).; Independence strongly rejected (min Ljung-Box p=2.29e-258, |ACF lag-1|=0.9561).; Coverage off-target by 0.052 (target=0.900)."
0.25,2.9716469677443324e-14,5.012761333333334,4.957767529845114e-11,3.535014953920097,0.01,776.6410443537384,1.3072716061324826e-165,1010.2295094462728,1.1701573028762756e-210,1067.5042119654877,1.5419501048397662e-213,z=Phi^{-1}(u),0.9457987586426732,964.67446945108,0.852,8350,8600,250,50,overlapping,RED,"['PIT_uniformity_fail', 'ACF_dependence_fail', 'coverage_warn']","Uniformity strongly rejected (min p=2.97e-14, KS=0.2500).; Independence strongly rejected (min Ljung-Box p=1.54e-213, |ACF lag-1|=0.9458).; Coverage mildly off-target by 0.048 (target=0.900)."
0.2739999999999999,4.4562843484657467e-17,6.18090533333333,1.469657728847551e-11,5.507923991616821,0.01,405.6321623530064,1.8126772690156023e-85,420.48160993339934,4.0976730889647936e-84,439.5578292837981,1.2229622944434183e-80,z=Phi^{-1}(u),0.8501658394245177,853.3563987694005,0.908,8400,8650,250,50,overlapping,RED,"['PIT_uniformity_fail', 'ACF_dependence_fail']","Uniformity strongly rejected (min p=4.46e-17, KS=0.2740).; Independence strongly rejected (min Ljung-Box p=1.81e-85, |ACF lag-1|=0.8502)."
0.2219999999999999,2.6502806870438595e-11,4.39357333333333,4.791866903275377e-11,3.205623259256498,0.01,386.6863336261021,2.1945807083258923e-81,397.54301386993126,3.137762337865376e-79,402.8670788115599,5.196309299472344e-73,z=Phi^{-1}(u),0.8404106410126053,818.274157587137,0.916,8450,8700,250,50,overlapping,RED,"['PIT_uniformity_fail', 'ACF_dependence_fail']","Uniformity strongly rejected (min p=2.65e-11, KS=0.2220).; Independence strongly rejected (min Ljung-Box p=2.19e-81, |ACF lag-1|=0.8404)."
0.1499999999999999,2.2447668867543943e-05,2.620925333333329,4.703382545656609e-07,1.8664778048745063,0.01,375.4670166025485,5.734758848437904e-79,384.80119877727645,1.6112819240965392e-76,387.2992398018184,8.769611386156251e-70,z=Phi^{-1}(u),0.8364930191172233,814.3153905077791,0.916,8500,8750,250,50,overlapping,RED,"['PIT_uniformity_fail', 'ACF_dependence_fail']","Uniformity strongly rejected (min p=4.7e-07, KS=0.1500).; Independence strongly rejected (min Ljung-Box p=5.73e-79, |ACF lag-1|=0.8365)."
0.184,7.011396336604489e-08,3.7569853333333296,1.333692045690782e-09,2.7870505461459345,0.01,340.7056267942009,1.7535548717570432e-71,348.84189550738563,7.016891327245782e-69,381.7365498550128,1.243546747949513e-68,z=Phi^{-1}(u),0.8300301882114796,837.0854054621964,0.916,8550,8800,250,50,overlapping,RED,"['PIT_uniformity_fail', 'ACF_dependence_fail']","Uniformity strongly rejected (min p=1.33e-09, KS=0.1840).; Independence strongly rejected (min Ljung-Box p=1.75e-71, |ACF lag-1|=0.8300)."
0.164,2.4133932149658096e-06,2.325429333333313,2.1955393694206293e-06,4.635709746635769,0.01,349.70496628798475,2.0259244140639662e-73,360.03822477098305,2.9475381857860066e-71,400.7691972433605,1.4156059548755474e-72,z=Phi^{-1}(u),0.7493835776111835,811.8501252202344,0.896,8600,8850,250,50,overlapping,RED,"['PIT_uniformity_fail', 'ACF_dependence_fail']","Uniformity strongly rejected (min p=2.2e-06, KS=0.1640).; Independence strongly rejected (min Ljung-Box p=2.03e-73, |ACF lag-1|=0.7494)."
0.208,5.773604210119882e-10,3.071993333333318,4.4926656617150236e-08,5.64309006351823,0.01,441.2273187719039,3.8323661467020255e-93,464.9524379674707,1.3479331687666279e-93,540.3817657414415,9.943047735377134e-102,z=Phi^{-1}(u),0.7636690663470137,719.7213838405111,0.916,8650,8900,250,50,overlapping,RED,"['PIT_uniformity_fail', 'ACF_dependence_fail']","Uniformity strongly rejected (min p=5.77e-10, KS=0.2080).; Independence strongly rejected (min Ljung-Box p=9.94e-102, |ACF lag-1|=0.7637)."
0.188,3.286109425382505e-08,2.968077333333318,7.71613080097211e-08,4.820947902291579,0.01,430.3290260724012,8.585847405078153e-91,449.1421465434859,3.1841680316887813e-90,596.7654995528704,1.3818897038665242e-113,z=Phi^{-1}(u),0.7467744872039423,678.301568102305,0.936,8700,8950,250,50,overlapping,RED,"['PIT_uniformity_fail', 'ACF_dependence_fail', 'coverage_warn']","Uniformity strongly rejected (min p=3.29e-08, KS=0.1880).; Independence strongly rejected (min Ljung-Box p=1.38e-113, |ACF lag-1|=0.7468).; Coverage mildly off-target by 0.036 (target=0.900)."
0.128,0.0004967972491749,1.3687813333333172,0.000335619123432,3.60837364654725,0.01,475.0358729598538,1.9494812288827173e-100,499.4516538496468,5.782000117205729e-101,562.9851272698057,1.773504315054672e-106,z=Phi^{-1}(u),0.7741047141530858,696.6948284606173,0.936,8750,9000,250,50,overlapping,RED,"['PIT_uniformity_fail', 'ACF_dependence_fail', 'coverage_warn']","Uniformity strongly rejected (min p=0.000336, KS=0.1280).; Independence strongly rejected (min Ljung-Box p=1.77e-106, |ACF lag-1|=0.7741).; Coverage mildly off-target by 0.036 (target=0.900)."
0.0819999999999999,0.0655014478062853,0.6448693333328335,0.017281696166296,16.546910074276013,0.01,611.8591176567736,5.538655454119865e-130,857.3760283072085,9.453156946709767e-178,979.66362455105,8.461428293491472e-195,z=Phi^{-1}(u),0.8508400418415103,941.2935026508096,0.86,8800,9050,250,50,overlapping,RED,"['PIT_uniformity_warn', 'ACF_dependence_fail', 'coverage_warn']","Uniformity weakly rejected (min p=0.0173).; Independence strongly rejected (min Ljung-Box p=8.46e-195, |ACF lag-1|=0.8508).; Coverage mildly off-target by 0.040 (target=0.900)."
0.184,7.011396336604567e-08,2.9688493333328494,7.685187441985876e-08,13.865219561525862,0.01,657.3120658589231,8.316781541839772e-140,923.5292748931354,5.487918312810572e-192,1000.2625319447988,3.4325293828024575e-199,z=Phi^{-1}(u),0.8889064617140816,954.2359359607356,0.892,8850,9100,250,50,overlapping,RED,"['PIT_uniformity_fail', 'ACF_dependence_fail']","Uniformity strongly rejected (min p=7.01e-08, KS=0.1840).; Independence strongly rejected (min Ljung-Box p=3.43e-199, |ACF lag-1|=0.8889)."
0.284,2.4581714987144497e-18,8.17040933333285,3.863809272530716e-11,15.92901203979278,0.01,612.8973486670906,3.3041230212750068e-130,818.8318859960095,1.8433861624700065e-169,860.440256062008,2.0435514317656245e-169,z=Phi^{-1}(u),0.87934737405882,960.9254549487896,0.892,8900,9150,250,50,overlapping,RED,"['PIT_uniformity_fail', 'ACF_dependence_fail']","Uniformity strongly rejected (min p=2.46e-18, KS=0.2840).; Independence strongly rejected (min Ljung-Box p=1.84e-169, |ACF lag-1|=0.8793)."
0.2119999999999999,2.4454631950970394e-10,3.991533333332849,5.971710903551751e-10,12.704058006030325,0.01,651.9127984647622,1.2218968839694186e-138,930.78008011798,1.5082436684557566e-193,1019.5015233623068,2.7054263387773015e-203,z=Phi^{-1}(u),0.8888909993031373,975.453269076158,0.88,8950,9200,250,50,overlapping,RED,"['PIT_uniformity_fail', 'ACF_dependence_fail', 'coverage_warn']","Uniformity strongly rejected (min p=2.45e-10, KS=0.2120).; Independence strongly rejected (min Ljung-Box p=2.71e-203, |ACF lag-1|=0.8889).; Coverage mildly off-target by 0.020 (target=0.900)."
0.192,1.514511144371352e-08,3.2702613333328334,1.60090888323694e-08,11.49158760406158,0.01,638.7977176313588,8.351027543609064e-136,853.6568864163618,5.9654615560592565e-177,934.5007993755688,3.550930303151265e-185,z=Phi^{-1}(u),0.8856757999615871,1066.7971604354266,0.832,9000,9250,250,50,overlapping,RED,"['PIT_uniformity_fail', 'ACF_dependence_fail', 'undercoverage']","Uniformity strongly rejected (min p=1.51e-08, KS=0.1920).; Independence strongly rejected (min Ljung-Box p=3.55e-185, |ACF lag-1|=0.8857).; Coverage off-target by 0.068 (target=0.900)."
0.056,0.398540394838254,0.1976613333332973,0.2721420767920715,3.7610128093045887,0.01,537.1394850363334,7.656240595333051e-114,619.6436073464774,1.086330672734927e-126,698.3151408033929,5.0295801916910464e-135,z=Phi^{-1}(u),0.8538566066229843,799.7219847649177,0.9,9050,9300,250,50,overlapping,RED,['ACF_dependence_fail'],"Independence strongly rejected (min Ljung-Box p=5.03e-135, |ACF lag-1|=0.8539)."
0.122,0.0010608632709633,1.2330453333332976,0.000692353492661,5.324241579056121,0.01,414.4982719718302,2.223751346444382e-87,433.0808109020476,8.466437262088192e-87,436.81187866532906,4.563624438527874e-80,z=Phi^{-1}(u),0.8223271711462246,729.1680107859045,0.9,9100,9350,250,50,overlapping,RED,"['PIT_uniformity_fail', 'ACF_dependence_fail']","Uniformity strongly rejected (min p=0.000692, KS=0.1220).; Independence strongly rejected (min Ljung-Box p=2.22e-87, |ACF lag-1|=0.8223)."
0.242,2.2568131237880093e-13,6.41483733333327,3.2812308425889114e-11,6.074403404381371,0.01,359.655347238479,1.4591494239886804e-75,369.5776793051435,2.7744052578573343e-73,370.9199835505178,2.1464362407998333e-66,z=Phi^{-1}(u),0.7748732406284053,816.1814663562814,0.872,9150,9400,250,50,overlapping,RED,"['PIT_uniformity_fail', 'ACF_dependence_fail', 'coverage_warn']","Uniformity strongly rejected (min p=2.26e-13, KS=0.2420).; Independence strongly rejected (min Ljung-Box p=1.46e-75, |ACF lag-1|=0.7749).; Coverage mildly off-target by 0.028 (target=0.900)."
0.208,5.773604210119922e-10,5.834785333333079,3.999911513119514e-12,11.00131886054612,0.01,359.7565548600769,1.3877303515177542e-75,374.0871146661623,3.0543020074300277e-74,374.8486917718412,3.3079760682800454e-67,z=Phi^{-1}(u),0.7962986607701904,897.9376458512171,0.86,9200,9450,250,50,overlapping,RED,"['PIT_uniformity_fail', 'ACF_dependence_fail', 'coverage_warn']","Uniformity strongly rejected (min p=4e-12, KS=0.2080).; Independence strongly rejected (min Ljung-Box p=1.39e-75, |ACF lag-1|=0.7963).; Coverage mildly off-target by 0.040 (target=0.900)."
0.252,1.7707005604051638e-14,7.20951733333319,3.4086189426574265e-10,11.987384890697967,0.01,338.0508443876083,6.536301183560364e-71,374.5321325063466,2.4565848265415178e-74,387.5946667743352,7.617168719187112e-70,z=Phi^{-1}(u),0.7814953529098014,777.4771392647972,0.908,9250,9500,250,50,overlapping,RED,"['PIT_uniformity_fail', 'ACF_dependence_fail']","Uniformity strongly rejected (min p=1.77e-14, KS=0.2520).; Independence strongly rejected (min Ljung-Box p=2.46e-74, |ACF lag-1|=0.7815)."
0.202,2.0289194101949033e-09,4.446665333333234,3.769751177884473e-11,10.472328284460104,0.01,400.6645440536038,2.1332296674265304e-84,476.7415948652823,4.1020144133263e-96,511.3734365197853,1.2071975952195778e-95,z=Phi^{-1}(u),0.8201424285192541,712.387455888224,0.936,9300,9550,250,50,overlapping,RED,"['PIT_uniformity_fail', 'ACF_dependence_fail', 'coverage_warn']","Uniformity strongly rejected (min p=3.77e-11, KS=0.2020).; Independence strongly rejected (min Ljung-Box p=4.1e-96, |ACF lag-1|=0.8201).; Coverage mildly off-target by 0.036 (target=0.900)."
0.252,1.7707005604051638e-14,6.864301333333235,1.317698172798032e-10,11.47714164083277,0.01,394.3968922417486,4.7843320862609094e-83,447.4064590395843,7.467921837520657e-90,467.6196756282269,1.7165262831560633e-86,z=Phi^{-1}(u),0.8179284144091348,724.2439844626947,0.92,9350,9600,250,50,overlapping,RED,"['PIT_uniformity_fail', 'ACF_dependence_fail', 'coverage_warn']","Uniformity strongly rejected (min p=1.77e-14, KS=0.2520).; Independence strongly rejected (min Ljung-Box p=7.47e-90, |ACF lag-1|=0.8179).; Coverage mildly off-target by 0.020 (target=0.900)."
0.184,7.011396336604526e-08,2.9449333333332697,8.703972242951609e-08,10.287975924225975,0.01,415.8428646346401,1.140804675972293e-87,459.2137631522867,2.261129395883692e-92,472.0741728991237,2.0149455180490006e-87,z=Phi^{-1}(u),0.8623907232346449,623.2998346341021,0.948,9400,9650,250,50,overlapping,RED,"['PIT_uniformity_fail', 'ACF_dependence_fail', 'coverage_warn']","Uniformity strongly rejected (min p=7.01e-08, KS=0.1840).; Independence strongly rejected (min Ljung-Box p=2.26e-92, |ACF lag-1|=0.8624).; Coverage mildly off-target by 0.048 (target=0.900)."
0.188,3.286109425382505e-08,2.936741333333333,9.083142737953409e-08,0.6741866298520449,0.0813278389041136,472.4689302460913,6.979249533316699e-100,506.2406198556672,2.0475426948038976e-102,572.9037166156659,1.4556399845252909e-108,z=Phi^{-1}(u),0.8933050100060961,546.8250888172857,0.964,9450,9700,250,50,overlapping,RED,"['PIT_uniformity_fail', 'ACF_dependence_fail', 'overcoverage']","Uniformity strongly rejected (min p=3.29e-08, KS=0.1880).; Independence strongly rejected (min Ljung-Box p=1.46e-108, |ACF lag-1|=0.8933).; Coverage off-target by 0.064 (target=0.900)."
0.074,0.1230243374005592,0.3333693333333333,0.1091191446844587,0.5796907428878626,0.135220897937241,735.2875622108917,1.1497672268612911e-156,966.755119138244,2.7060085059619904e-201,1009.1188442341742,4.434817642547459e-201,z=Phi^{-1}(u),0.941674987008041,594.3080116983938,0.964,9500,9750,250,50,overlapping,RED,"['ACF_dependence_fail', 'overcoverage']","Independence strongly rejected (min Ljung-Box p=2.71e-201, |ACF lag-1|=0.9417).; Coverage off-target by 0.064 (target=0.900)."
0.1,0.0125203447299346,0.6241973333333333,0.0194307511811173,0.4280383230724851,0.15,708.4613718042575,7.272748897455721e-151,940.1097217220624,1.4786120112369137e-195,1003.485102442888,7.053243433099785e-200,z=Phi^{-1}(u),0.9320159117785384,671.7279626328095,0.944,9550,9800,250,50,overlapping,RED,"['PIT_uniformity_warn', 'ACF_dependence_fail', 'coverage_warn']","Uniformity weakly rejected (min p=0.0125).; Independence strongly rejected (min Ljung-Box p=7.05e-200, |ACF lag-1|=0.9320).; Coverage mildly off-target by 0.044 (target=0.900)."
0.0879999999999999,0.0391297550232407,0.4241893333333293,0.0623375796234144,0.826100548772331,0.0341457190057643,415.5508513138815,1.3187599808815838e-87,488.85621468415127,1.0610875150664202e-98,585.7227806746067,2.921580768607408e-111,z=Phi^{-1}(u),0.8448039260493176,745.1540041542316,0.916,9600,9850,250,50,overlapping,RED,"['PIT_uniformity_warn', 'ACF_dependence_fail']","Uniformity weakly rejected (min p=0.0391).; Independence strongly rejected (min Ljung-Box p=2.92e-111, |ACF lag-1|=0.8448)."
0.0859999999999999,0.046649053727069,0.5252013333333294,0.0343112480074624,1.237667646971488,0.01,511.8539698315541,2.2049742687164386e-108,651.6302127222991,1.5042462296515616e-133,780.0418629723232,2.433336297275436e-152,z=Phi^{-1}(u),0.8679471336221546,821.5781257693197,0.868,9650,9900,250,50,overlapping,RED,"['PIT_uniformity_warn', 'ACF_dependence_fail', 'coverage_warn']","Uniformity weakly rejected (min p=0.0343).; Independence strongly rejected (min Ljung-Box p=2.43e-152, |ACF lag-1|=0.8679).; Coverage mildly off-target by 0.032 (target=0.900)."
0.184,7.011396336604567e-08,2.7047133333333293,3.039977842789199e-07,1.014700291399663,0.0116018248704015,484.8044803490189,1.5201907763608496e-102,635.06334922245,5.372432078800143e-130,814.7359909340616,1.0522636015721342e-159,z=Phi^{-1}(u),0.8586132074095395,800.4701702668914,0.876,9700,9950,250,50,overlapping,RED,"['PIT_uniformity_fail', 'ACF_dependence_fail', 'coverage_warn']","Uniformity strongly rejected (min p=7.01e-08, KS=0.1840).; Independence strongly rejected (min Ljung-Box p=1.05e-159, |ACF lag-1|=0.8586).; Coverage mildly off-target by 0.024 (target=0.900)."
0.174,4.333396074387833e-07,2.0149413333333293,1.1129010201393896e-05,0.8800540125166947,0.0240690729151208,446.6423606514071,2.6032516154819723e-94,544.6641220320197,1.2424381141567569e-110,691.3228185068446,1.5159178632689335e-133,z=Phi^{-1}(u),0.8577428567744249,819.0402402685315,0.836,9750,10000,250,50,overlapping,RED,"['PIT_uniformity_fail', 'ACF_dependence_fail', 'undercoverage']","Uniformity strongly rejected (min p=4.33e-07, KS=0.1740).; Independence strongly rejected (min Ljung-Box p=1.52e-133, |ACF lag-1|=0.8577).; Coverage off-target by 0.064 (target=0.900)."
0.19,2.23557420935436e-08,2.7303533333333294,2.6599954261463665e-07,0.9547329389843924,0.0171543575014451,447.6279149505796,1.5956411193202526e-94,515.1643575206468,2.5333979714988966e-104,579.5554504393737,5.802405109100486e-110,z=Phi^{-1}(u),0.8577135801483617,795.4976014106849,0.836,9800,10050,250,50,overlapping,RED,"['PIT_uniformity_fail', 'ACF_dependence_fail', 'undercoverage']","Uniformity strongly rejected (min p=2.24e-08, KS=0.1900).; Independence strongly rejected (min Ljung-Box p=5.8e-110, |ACF lag-1|=0.8577).; Coverage off-target by 0.064 (target=0.900)."
0.286,1.3586822268128128e-18,8.286721333333332,5.1859516680963225e-11,1.388971306890113,0.01,690.7169170549315,4.9932238547783955e-147,859.8307375956517,2.802195395098993e-178,882.0307271668947,5.232572863883052e-174,z=Phi^{-1}(u),0.9302801928209128,749.6340990889437,0.86,9850,10100,250,50,overlapping,RED,"['PIT_uniformity_fail', 'ACF_dependence_fail', 'coverage_warn']","Uniformity strongly rejected (min p=1.36e-18, KS=0.2860).; Independence strongly rejected (min Ljung-Box p=2.8e-178, |ACF lag-1|=0.9303).; Coverage mildly off-target by 0.040 (target=0.900)."
0.2799999999999999,7.93905600217711e-18,8.466877333333334,8.051614930337792e-11,2.760831101446172,0.01,594.3757304735893,3.3193314260264876e-126,718.7977001066425,5.7810283587694925e-148,762.6282731226107,1.2008895916081912e-148,z=Phi^{-1}(u),0.9209811853324802,681.9408048151298,0.908,9900,10150,250,50,overlapping,RED,"['PIT_uniformity_fail', 'ACF_dependence_fail']","Uniformity strongly rejected (min p=7.94e-18, KS=0.2800).; Independence strongly rejected (min Ljung-Box p=1.2e-148, |ACF lag-1|=0.9210)."
0.23,4.147683475508784e-12,5.409705333333234,2.2315538306116878e-10,4.318222065715531,0.01,347.5669940190156,5.846634711176383e-73,368.8709668159122,3.920339973192989e-73,388.92297441922585,4.0425561445402414e-70,z=Phi^{-1}(u),0.83711052206053,883.7766529129606,0.832,9950,10200,250,50,overlapping,RED,"['PIT_uniformity_fail', 'ACF_dependence_fail', 'undercoverage']","Uniformity strongly rejected (min p=4.15e-12, KS=0.2300).; Independence strongly rejected (min Ljung-Box p=3.92e-73, |ACF lag-1|=0.8371).; Coverage off-target by 0.068 (target=0.900)."
0.184,7.011396336604567e-08,3.148585333333233,3.0156341535025894e-08,5.5865184302780335,0.01,350.86942076855286,1.1374135857847145e-73,374.644506927661,2.325135683294051e-74,384.712327422996,3.0106975217596093e-69,z=Phi^{-1}(u),0.8351277509384142,833.2055118732311,0.872,10000,10250,250,50,overlapping,RED,"['PIT_uniformity_fail', 'ACF_dependence_fail', 'coverage_warn']","Uniformity strongly rejected (min p=3.02e-08, KS=0.1840).; Independence strongly rejected (min Ljung-Box p=2.33e-74, |ACF lag-1|=0.8351).; Coverage mildly off-target by 0.028 (target=0.900)."
0.204,1.3401831036384575e-09,3.930065333333229,6.790031870096414e-10,6.974412272062068,0.01,366.074587497418,6.0484027201913095e-77,389.1717606604305,1.8951048827414622e-77,401.8323482498581,8.518902912011094e-73,z=Phi^{-1}(u),0.8187353946090008,913.325270494184,0.828,10050,10300,250,50,overlapping,RED,"['PIT_uniformity_fail', 'ACF_dependence_fail', 'undercoverage']","Uniformity strongly rejected (min p=6.79e-10, KS=0.2040).; Independence strongly rejected (min Ljung-Box p=1.9e-77, |ACF lag-1|=0.8187).; Coverage off-target by 0.072 (target=0.900)."
0.0839999999999999,0.0553890740154743,0.5508613333332293,0.0295706511195461,6.706760557531993,0.01,369.8391787772119,9.349727715949994e-78,391.6984499656511,5.497352674117995e-78,404.9643493007103,1.9075219764233905e-73,z=Phi^{-1}(u),0.8202539590436636,894.7202271468911,0.844,10100,10350,250,50,overlapping,RED,"['PIT_uniformity_warn', 'ACF_dependence_fail', 'undercoverage']","Uniformity weakly rejected (min p=0.0296).; Independence strongly rejected (min Ljung-Box p=5.5e-78, |ACF lag-1|=0.8203).; Coverage off-target by 0.056 (target=0.900)."
0.102,0.0102089770242199,0.4646533333332294,0.0489510918662384,5.772913730691499,0.01,360.0328631661639,1.2100487627260995e-75,375.5670334843072,1.4803812008038265e-74,390.7138799807269,1.7203923735040253e-70,z=Phi^{-1}(u),0.8196454693906963,976.6081893633734,0.796,10150,10400,250,50,overlapping,RED,"['PIT_uniformity_warn', 'ACF_dependence_fail', 'undercoverage']","Uniformity weakly rejected (min p=0.0102).; Independence strongly rejected (min Ljung-Box p=1.21e-75, |ACF lag-1|=0.8196).; Coverage off-target by 0.104 (target=0.900)."
0.062,0.2800260038615019,0.2569733333333293,0.1796824963111329,1.0979052415033834,0.01,531.2359407967315,1.4413895769279615e-112,573.8431752905193,7.054317407984441e-117,581.1769343439389,2.6447773234071922e-110,z=Phi^{-1}(u),0.8555357817569906,823.0182076914672,0.864,10200,10450,250,50,overlapping,RED,"['ACF_dependence_fail', 'coverage_warn']","Independence strongly rejected (min Ljung-Box p=7.05e-117, |ACF lag-1|=0.8555).; Coverage mildly off-target by 0.036 (target=0.900)."
0.044,0.701365666779957,0.0959773333333293,0.6053361490176703,0.8910100869073858,0.0230546215826494,517.9712963697738,1.0537858669188373e-109,565.5392460797328,4.230560852838702e-115,567.7878868663961,1.733838546642738e-107,z=Phi^{-1}(u),0.8552075286060868,848.3564475680511,0.864,10250,10500,250,50,overlapping,RED,"['ACF_dependence_fail', 'coverage_warn']","Independence strongly rejected (min Ljung-Box p=4.23e-115, |ACF lag-1|=0.8552).; Coverage mildly off-target by 0.036 (target=0.900)."
0.0519999999999999,0.4922632346865274,0.1358693333333173,0.4359030918714481,1.6409536735394,0.01,479.6306469709322,1.9880216821271848e-101,494.1513887293724,7.844359953361804e-100,508.4567489740125,4.9301691813815403e-95,z=Phi^{-1}(u),0.8771375340343475,861.2534665411171,0.888,10300,10550,250,50,overlapping,RED,['ACF_dependence_fail'],"Independence strongly rejected (min Ljung-Box p=1.99e-101, |ACF lag-1|=0.8771)."
0.068,0.1891189832154274,0.2543973333333174,0.1828429792651442,1.7544941195250203,0.01,487.2037672261772,4.614263376206858e-103,500.6049636702918,3.27816402788441e-101,518.2949075009153,4.2769997860274826e-97,z=Phi^{-1}(u),0.8788820502676844,849.8964186279671,0.892,10350,10600,250,50,overlapping,RED,['ACF_dependence_fail'],"Independence strongly rejected (min Ljung-Box p=4.61e-103, |ACF lag-1|=0.8789)."
0.0979999999999999,0.0152929430424032,0.4604053333333173,0.0502004120418979,2.6412392858337057,0.01,479.64310871699786,1.9757497605664142e-101,498.3383200780722,9.999411273882686e-101,566.0776919596904,3.9684841984133593e-107,z=Phi^{-1}(u),0.8869878027637391,786.2379255837632,0.94,10400,10650,250,50,overlapping,RED,"['PIT_uniformity_warn', 'ACF_dependence_fail', 'coverage_warn']","Uniformity weakly rejected (min p=0.0153).; Independence strongly rejected (min Ljung-Box p=3.97e-107, |ACF lag-1|=0.8870).; Coverage mildly off-target by 0.040 (target=0.900)."
0.0839999999999999,0.0553890740154741,0.2384613333333173,0.2038916499400588,3.7684220277034512,0.01,481.77283955109294,6.8571071473793574e-102,502.0331557245723,1.6234234320291758e-101,559.1979519348897,1.1089735840454764e-105,z=Phi^{-1}(u),0.8825889971136903,700.850971938958,0.96,10450,10700,250,50,overlapping,RED,"['ACF_dependence_fail', 'overcoverage']","Independence strongly rejected (min Ljung-Box p=1.11e-105, |ACF lag-1|=0.8826).; Coverage off-target by 0.060 (target=0.900)."
0.068,0.189118983215428,0.2258333333333173,0.2225968529034456,3.966996500727277,0.01,526.5024952726134,1.5164479094155766e-111,550.9226701682409,5.688828145825088e-112,613.5346537015564,4.046223664668378e-117,z=Phi^{-1}(u),0.8904429718578002,680.484336334001,0.956,10500,10750,250,50,overlapping,RED,"['ACF_dependence_fail', 'overcoverage']","Independence strongly rejected (min Ljung-Box p=4.05e-117, |ACF lag-1|=0.8904).; Coverage off-target by 0.056 (target=0.900)."
0.0779999999999999,0.0904978738065944,0.2658573333333333,0.1692561534878672,1.4656371254209262,0.01,668.7906407611233,2.7457331635727237e-142,807.6725938666447,4.6243120645972244e-167,824.6952895498556,8.069785104157919e-162,z=Phi^{-1}(u),0.935101942935224,701.5564675954826,0.948,10550,10800,250,50,overlapping,RED,"['ACF_dependence_fail', 'coverage_warn']","Independence strongly rejected (min Ljung-Box p=4.62e-167, |ACF lag-1|=0.9351).; Coverage mildly off-target by 0.048 (target=0.900)."
0.112,0.0034624885629555,0.6190853333333333,0.0200036350309072,1.14394736670954,0.01,724.6266507843893,2.323320291714119e-154,873.4607229101975,3.2737312398133447e-181,888.917915882249,1.7927221842227828e-175,z=Phi^{-1}(u),0.9430123730532708,784.0243992448943,0.924,10600,10850,250,50,overlapping,RED,"['PIT_uniformity_fail', 'ACF_dependence_fail', 'coverage_warn']","Uniformity strongly rejected (min p=0.00346, KS=0.1120).; Independence strongly rejected (min Ljung-Box p=3.27e-181, |ACF lag-1|=0.9430).; Coverage mildly off-target by 0.024 (target=0.900)."
0.05,0.5427406465653746,0.1497893333333333,0.3904228393119714,0.6328422436873211,0.0984122959969747,741.5240641190009,5.1506009655228955e-158,910.9623555763746,2.7831119439231112e-189,930.2542913235602,2.8490263440277266e-184,z=Phi^{-1}(u),0.9468838982539476,819.8066974883465,0.896,10650,10900,250,50,overlapping,RED,['ACF_dependence_fail'],"Independence strongly rejected (min Ljung-Box p=2.78e-189, |ACF lag-1|=0.9469)."
0.142,7.331959943971247e-05,1.5521493333333334,0.0001269270374871,1.7381331629763963,0.01,691.9057859755079,2.762730349009993e-147,833.9928054875998,1.0121787411712216e-172,840.0331680132876,4.447687262548528e-165,z=Phi^{-1}(u),0.9338843424952188,841.8028360730465,0.884,10700,10950,250,50,overlapping,RED,"['PIT_uniformity_fail', 'ACF_dependence_fail']","Uniformity strongly rejected (min p=7.33e-05, KS=0.1420).; Independence strongly rejected (min Ljung-Box p=1.01e-172, |ACF lag-1|=0.9339)."
0.152,1.652679981066289e-05,2.0090133333333333,1.147997455630545e-05,1.3987226521188063,0.01,703.7531922937654,7.581154942830869e-150,832.9326050490974,1.7110881129981022e-172,840.178096068711,4.143202601137036e-165,z=Phi^{-1}(u),0.9322997071997722,833.117071178477,0.888,10750,11000,250,50,overlapping,RED,"['PIT_uniformity_fail', 'ACF_dependence_fail']","Uniformity strongly rejected (min p=1.15e-05, KS=0.1520).; Independence strongly rejected (min Ljung-Box p=1.71e-172, |ACF lag-1|=0.9323)."
0.132,0.000293531424011,1.4524493333333333,0.0002151994916362,0.7593077561791688,0.0480608841293398,655.6276499046699,1.923335910426975e-139,775.6751647685575,3.492666224577589e-160,786.7138733683498,9.345381558282903e-154,z=Phi^{-1}(u),0.9194402640867204,662.7232295638444,0.936,10800,11050,250,50,overlapping,RED,"['PIT_uniformity_fail', 'ACF_dependence_fail', 'coverage_warn']","Uniformity strongly rejected (min p=0.000215, KS=0.1320).; Independence strongly rejected (min Ljung-Box p=3.49e-160, |ACF lag-1|=0.9194).; Coverage mildly off-target by 0.036 (target=0.900)."
0.098,0.0152929430424031,0.6314013333333333,0.0186520893134007,1.5849019915227416,0.01,556.6852379739337,4.60159276137173e-118,697.4939300102914,2.1674220005303038e-143,715.7598700563394,1.0224017443076517e-138,z=Phi^{-1}(u),0.907535042166063,726.2779817196189,0.88,10850,11100,250,50,overlapping,RED,"['PIT_uniformity_warn', 'ACF_dependence_fail', 'coverage_warn']","Uniformity weakly rejected (min p=0.0153).; Independence strongly rejected (min Ljung-Box p=2.17e-143, |ACF lag-1|=0.9075).; Coverage mildly off-target by 0.020 (target=0.900)."
0.118,0.001723677123827,0.9464613333333334,0.0032501657038486,2.709476902036272,0.01,649.9900755928428,3.181487742672789e-138,1005.8100662623758,1.0478835486507044e-209,1274.06343498096,1.0580260729841913e-257,z=Phi^{-1}(u),0.928191672371224,905.2823774704328,0.808,10900,11150,250,50,overlapping,RED,"['PIT_uniformity_fail', 'ACF_dependence_fail', 'undercoverage']","Uniformity strongly rejected (min p=0.00172, KS=0.1180).; Independence strongly rejected (min Ljung-Box p=1.06e-257, |ACF lag-1|=0.9282).; Coverage off-target by 0.092 (target=0.900)."
0.122,0.0010608632709633,1.3503013333333294,0.0003703029415244,1.66574607146282,0.01,621.4659467382065,4.6496890230632475e-132,940.0603707966842,1.5152337899815125e-195,1110.212606559176,1.1670888623176984e-222,z=Phi^{-1}(u),0.8853874924275975,981.7340346840743,0.796,10950,11200,250,50,overlapping,RED,"['PIT_uniformity_fail', 'ACF_dependence_fail', 'undercoverage']","Uniformity strongly rejected (min p=0.00037, KS=0.1220).; Independence strongly rejected (min Ljung-Box p=1.17e-222, |ACF lag-1|=0.8854).; Coverage off-target by 0.104 (target=0.900)."
0.124,0.0008271899609853,1.6172613333333294,8.99852757453301e-05,1.2818341290089563,0.01,561.0140070786651,5.345100639060586e-119,743.5011878941896,2.859231767727875e-153,906.4846456147244,3.275383272048818e-179,z=Phi^{-1}(u),0.8813411510116568,1039.6107221022517,0.78,11000,11250,250,50,overlapping,RED,"['PIT_uniformity_fail', 'ACF_dependence_fail', 'undercoverage']","Uniformity strongly rejected (min p=9e-05, KS=0.1240).; Independence strongly rejected (min Ljung-Box p=3.28e-179, |ACF lag-1|=0.8813).; Coverage off-target by 0.120 (target=0.900)."
0.146,4.090430161748266e-05,2.6457133333333296,4.13361497031417e-07,0.7145507783259575,0.064648438708282,553.6309279351605,2.1017062966515126e-117,737.5656632078023,5.385748534215758e-152,908.4665014457852,1.2400085662251708e-179,z=Phi^{-1}(u),0.8788463562998466,1055.1313696980612,0.78,11050,11300,250,50,overlapping,RED,"['PIT_uniformity_fail', 'ACF_dependence_fail', 'undercoverage']","Uniformity strongly rejected (min p=4.13e-07, KS=0.1460).; Independence strongly rejected (min Ljung-Box p=1.24e-179, |ACF lag-1|=0.8788).; Coverage off-target by 0.120 (target=0.900)."
0.1139999999999999,0.0027553557925281,1.2241253333333293,0.0007262090452881,1.4994394678177514,0.01,520.5287221941721,2.9553612898540155e-110,636.3636851222043,2.8271489238630568e-130,740.725217790428,5.27348835651728e-144,z=Phi^{-1}(u),0.8685054782119493,881.7287327585964,0.86,11100,11350,250,50,overlapping,RED,"['PIT_uniformity_fail', 'ACF_dependence_fail', 'coverage_warn']","Uniformity strongly rejected (min p=0.000726, KS=0.1140).; Independence strongly rejected (min Ljung-Box p=5.27e-144, |ACF lag-1|=0.8685).; Coverage mildly off-target by 0.040 (target=0.900)."
0.1059999999999999,0.006705519078627,0.5172453333333292,0.0359377568187598,1.9050624850747797,0.01,323.04761688660045,1.1062333227355247e-67,327.1890248003439,2.7374936353198195e-64,337.2190833911721,1.9039460068971474e-59,z=Phi^{-1}(u),0.8092828421295157,639.5966834915167,0.96,11150,11400,250,50,overlapping,RED,"['PIT_uniformity_fail', 'ACF_dependence_fail', 'overcoverage']","Uniformity strongly rejected (min p=0.00671, KS=0.1060).; Independence strongly rejected (min Ljung-Box p=1.11e-67, |ACF lag-1|=0.8093).; Coverage off-target by 0.060 (target=0.900)."
0.122,0.0010608632709633,0.6829053333333333,0.0139450950712343,1.4929025271193552,0.01,413.4291538364333,3.7806628293658154e-87,415.4619884071121,4.805872120299328e-83,451.6074463378088,3.767800418455229e-83,z=Phi^{-1}(u),0.8811833393120863,566.752038244663,0.984,11200,11450,250,50,overlapping,RED,"['PIT_uniformity_fail', 'ACF_dependence_fail', 'overcoverage']","Uniformity strongly rejected (min p=0.00106, KS=0.1220).; Independence strongly rejected (min Ljung-Box p=3.78e-87, |ACF lag-1|=0.8812).; Coverage off-target by 0.084 (target=0.900)."
0.1059999999999999,0.006705519078627,0.7180813333333292,0.0114493004360909,1.9840756512118105,0.01,401.1826055826087,1.649603496117679e-84,513.3123426163233,6.30422147978227e-104,615.5209498679335,1.5428466422271951e-117,z=Phi^{-1}(u),0.8082719413097404,611.2497502790359,0.96,11250,11500,250,50,overlapping,RED,"['PIT_uniformity_fail', 'ACF_dependence_fail', 'overcoverage']","Uniformity strongly rejected (min p=0.00671, KS=0.1060).; Independence strongly rejected (min Ljung-Box p=1.54e-117, |ACF lag-1|=0.8083).; Coverage off-target by 0.060 (target=0.900)."
0.156,8.848081887923624e-06,2.1629093333333134,5.131147338466313e-06,5.068727255737088,0.01,298.05277003768737,2.62594614817874e-62,299.11273863356087,2.394392430148898e-58,317.54357909064004,2.0828426650186497e-55,z=Phi^{-1}(u),0.796912026982569,743.724147795967,0.928,11300,11550,250,50,overlapping,RED,"['PIT_uniformity_fail', 'ACF_dependence_fail', 'coverage_warn']","Uniformity strongly rejected (min p=5.13e-06, KS=0.1560).; Independence strongly rejected (min Ljung-Box p=2.63e-62, |ACF lag-1|=0.7969).; Coverage mildly off-target by 0.028 (target=0.900)."
0.19,2.23557420935436e-08,3.282405333333313,1.5028744249079296e-08,3.6710527623573057,0.01,317.2230637087434,1.980858839055764e-66,320.884199601103,5.927043811826816e-63,354.8635279716849,4.429498851518248e-63,z=Phi^{-1}(u),0.807215600510845,831.86992801093,0.896,11350,11600,250,50,overlapping,RED,"['PIT_uniformity_fail', 'ACF_dependence_fail']","Uniformity strongly rejected (min p=1.5e-08, KS=0.1900).; Independence strongly rejected (min Ljung-Box p=1.98e-66, |ACF lag-1|=0.8072)."
0.19,2.23557420935436e-08,3.790353333333313,1.144491279525539e-09,4.052685127266585,0.01,326.74082212222913,1.7751589557250339e-68,331.8915170635546,2.759671111350369e-65,363.036626515402,9.121676967041653e-65,z=Phi^{-1}(u),0.8062526618686277,816.5121065840733,0.896,11400,11650,250,50,overlapping,RED,"['PIT_uniformity_fail', 'ACF_dependence_fail']","Uniformity strongly rejected (min p=1.14e-09, KS=0.1900).; Independence strongly rejected (min Ljung-Box p=1.78e-68, |ACF lag-1|=0.8063)."
0.218,6.529461679456593e-11,5.5817573333333135,4.0599623662984636e-10,5.542320255963631,0.01,303.3834994752229,1.875876603843904e-63,303.75318425033606,2.50091712057582e-59,329.8619190947408,6.1881702961519044e-58,z=Phi^{-1}(u),0.7955918262910137,791.9113647660536,0.896,11450,11700,250,50,overlapping,RED,"['PIT_uniformity_fail', 'ACF_dependence_fail']","Uniformity strongly rejected (min p=6.53e-11, KS=0.2180).; Independence strongly rejected (min Ljung-Box p=1.88e-63, |ACF lag-1|=0.7956)."
0.1639999999999999,2.413393214965833e-06,2.619177333333317,4.7464097485683254e-07,4.938984906722084,0.01,320.7069180141097,3.5270779837410064e-67,322.811544113429,2.315570713702726e-63,340.750544076873,3.5750075509633534e-60,z=Phi^{-1}(u),0.83544236121055,664.6339033006789,0.936,11500,11750,250,50,overlapping,RED,"['PIT_uniformity_fail', 'ACF_dependence_fail', 'coverage_warn']","Uniformity strongly rejected (min p=4.75e-07, KS=0.1640).; Independence strongly rejected (min Ljung-Box p=3.53e-67, |ACF lag-1|=0.8354).; Coverage mildly off-target by 0.036 (target=0.900)."
0.2,3.058649177480565e-09,3.9264613333333336,6.857718837238734e-10,0.1647561404464568,0.15,385.1081252925014,4.801807016950985e-81,388.5191429273827,2.608837038290953e-77,396.917409214858,8.908322572395688e-72,z=Phi^{-1}(u),0.8701865576494275,530.5818570569779,0.968,11550,11800,250,50,overlapping,RED,"['PIT_uniformity_fail', 'ACF_dependence_fail', 'overcoverage']","Uniformity strongly rejected (min p=6.86e-10, KS=0.2000).; Independence strongly rejected (min Ljung-Box p=4.8e-81, |ACF lag-1|=0.8702).; Coverage off-target by 0.068 (target=0.900)."
0.146,4.090430161748266e-05,1.7020173333333333,5.755649006100594e-05,0.3972198351058296,0.15,366.7089505821649,4.415829124479319e-77,371.25832895578935,1.2191589644964542e-73,398.5406773188847,4.103715026393127e-72,z=Phi^{-1}(u),0.8712986038210798,452.29662542531,0.988,11600,11850,250,50,overlapping,RED,"['PIT_uniformity_fail', 'ACF_dependence_fail', 'overcoverage']","Uniformity strongly rejected (min p=4.09e-05, KS=0.1460).; Independence strongly rejected (min Ljung-Box p=4.42e-77, |ACF lag-1|=0.8713).; Coverage off-target by 0.088 (target=0.900)."
0.106,0.006705519078627,0.8235653333333333,0.0063746840857279,0.3441361602041297,0.15,409.3055369501719,2.9275305130065515e-86,423.96758156526937,7.410409025411549e-85,504.3130745051344,3.63743368859545e-94,z=Phi^{-1}(u),0.8895011384376778,471.7973349317352,0.964,11650,11900,250,50,overlapping,RED,"['PIT_uniformity_fail', 'ACF_dependence_fail', 'overcoverage']","Uniformity strongly rejected (min p=0.00637, KS=0.1060).; Independence strongly rejected (min Ljung-Box p=3.64e-94, |ACF lag-1|=0.8895).; Coverage off-target by 0.064 (target=0.900)."
0.172,6.160263358135895e-07,2.265205333333333,3.00670427055838e-06,0.7050695481244702,0.0685663024279048,393.2370645263402,8.506793015188031e-83,411.287906258122,3.721404659568364e-82,500.4906370631287,2.2972599661336257e-93,z=Phi^{-1}(u),0.883302912843886,435.9690443578968,0.964,11700,11950,250,50,overlapping,RED,"['PIT_uniformity_fail', 'ACF_dependence_fail', 'overcoverage']","Uniformity strongly rejected (min p=6.16e-07, KS=0.1720).; Independence strongly rejected (min Ljung-Box p=2.3e-93, |ACF lag-1|=0.8833).; Coverage off-target by 0.064 (target=0.900)."
0.17,8.72093384377922e-07,1.955573333333333,1.5189843704410675e-05,0.9727123302010624,0.0154895990554571,422.22673295516176,4.795670679307886e-89,455.5150681579794,1.3915544517632082e-91,526.2166328180194,9.332840506953842e-99,z=Phi^{-1}(u),0.8853769836016508,417.08445992412567,0.964,11750,12000,250,50,overlapping,RED,"['PIT_uniformity_fail', 'ACF_dependence_fail', 'overcoverage']","Uniformity strongly rejected (min p=8.72e-07, KS=0.1700).; Independence strongly rejected (min Ljung-Box p=9.33e-99, |ACF lag-1|=0.8854).; Coverage off-target by 0.064 (target=0.900)."
0.2259999999999999,1.0574852054710952e-11,4.045949333333335,2.8068436463968283e-10,2.4832156554118114,0.01,594.3026993747243,3.4421464226000986e-126,676.0604158024978,8.631993273528763e-139,760.623841490288,3.195219396399867e-148,z=Phi^{-1}(u),0.9247604155980936,530.3369404058785,0.888,11800,12050,250,50,overlapping,RED,"['PIT_uniformity_fail', 'ACF_dependence_fail']","Uniformity strongly rejected (min p=1.06e-11, KS=0.2260).; Independence strongly rejected (min Ljung-Box p=3.2e-148, |ACF lag-1|=0.9248)."
0.2119999999999999,2.4454631950970394e-10,3.631049333333333,2.4763512351810846e-09,1.4233052952840808,0.01,682.9094407636671,2.434271650325534e-145,756.9995082901709,3.599965040406473e-156,923.4145052603378,8.149958985320878e-183,z=Phi^{-1}(u),0.934147372880517,511.7700114175551,0.9,11850,12100,250,50,overlapping,RED,"['PIT_uniformity_fail', 'ACF_dependence_fail']","Uniformity strongly rejected (min p=2.45e-10, KS=0.2120).; Independence strongly rejected (min Ljung-Box p=8.15e-183, |ACF lag-1|=0.9341)."
0.132,0.000293531424011,1.8997413333333333,2.035714274239986e-05,0.6239630004116634,0.1035978568488118,539.3014810697499,2.6130709087497222e-114,555.2626075082662,6.701914556791484e-113,692.6098867596231,8.099180159045024e-134,z=Phi^{-1}(u),0.9121257936054896,532.7542599884911,0.916,11900,12150,250,50,overlapping,RED,"['PIT_uniformity_fail', 'ACF_dependence_fail']","Uniformity strongly rejected (min p=2.04e-05, KS=0.1320).; Independence strongly rejected (min Ljung-Box p=8.1e-134, |ACF lag-1|=0.9121)."
0.148,3.0364362222398546e-05,1.7567293333332294,4.31533788176619e-05,6.592690645271546,0.01,524.4707003908925,4.164059379835895e-111,543.708603807034,1.9894084225792525e-110,631.7702176081568,5.772338487771642e-121,z=Phi^{-1}(u),0.8936764867681748,662.0257411388703,0.86,11950,12200,250,50,overlapping,RED,"['PIT_uniformity_fail', 'ACF_dependence_fail', 'coverage_warn']","Uniformity strongly rejected (min p=3.04e-05, KS=0.1480).; Independence strongly rejected (min Ljung-Box p=5.77e-121, |ACF lag-1|=0.8937).; Coverage mildly off-target by 0.040 (target=0.900)."
0.172,6.160263358135924e-07,2.114249333333229,6.617914780737699e-06,5.131836942050995,0.01,522.1420891183204,1.3251977544823261e-110,538.6333150741617,2.42425095950687e-109,661.9872234199174,2.409069114775904e-127,z=Phi^{-1}(u),0.8931958173070805,739.0485129473078,0.824,12000,12250,250,50,overlapping,RED,"['PIT_uniformity_fail', 'ACF_dependence_fail', 'undercoverage']","Uniformity strongly rejected (min p=6.16e-07, KS=0.1720).; Independence strongly rejected (min Ljung-Box p=2.41e-127, |ACF lag-1|=0.8932).; Coverage off-target by 0.076 (target=0.900)."
0.1479999999999999,3.0364362222398674e-05,1.8853093333332291,2.195868681131863e-05,8.202754855700277,0.01,484.892906963877,1.4548386105784265e-102,497.4627621328273,1.5383564071821959e-100,603.3101188997971,5.77848506550173e-115,z=Phi^{-1}(u),0.8819467852637722,618.1763311072579,0.88,12050,12300,250,50,overlapping,RED,"['PIT_uniformity_fail', 'ACF_dependence_fail', 'coverage_warn']","Uniformity strongly rejected (min p=2.2e-05, KS=0.1480).; Independence strongly rejected (min Ljung-Box p=5.78e-115, |ACF lag-1|=0.8819).; Coverage mildly off-target by 0.020 (target=0.900)."
0.1499999999999999,2.244766886754412e-05,1.859261333333229,2.5176120913461556e-05,8.849506428044492,0.01,487.9238031258748,3.2263143828575596e-103,500.440464602718,3.554533135406015e-101,596.3487774259576,1.6913848804696358e-113,z=Phi^{-1}(u),0.8827706492548598,612.824367156656,0.868,12100,12350,250,50,overlapping,RED,"['PIT_uniformity_fail', 'ACF_dependence_fail', 'coverage_warn']","Uniformity strongly rejected (min p=2.24e-05, KS=0.1500).; Independence strongly rejected (min Ljung-Box p=1.69e-113, |ACF lag-1|=0.8828).; Coverage mildly off-target by 0.032 (target=0.900)."
0.122,0.0010608632709633,0.9656213333332292,0.0029281304935612,8.432728227097414,0.01,548.3486332073554,2.906598283609621e-116,572.8860717504408,1.130831105404372e-116,667.7532559173505,1.4573528889426766e-128,z=Phi^{-1}(u),0.8938783873782106,597.8265908555915,0.864,12150,12400,250,50,overlapping,RED,"['PIT_uniformity_fail', 'ACF_dependence_fail', 'coverage_warn']","Uniformity strongly rejected (min p=0.00106, KS=0.1220).; Independence strongly rejected (min Ljung-Box p=1.46e-128, |ACF lag-1|=0.8939).; Coverage mildly off-target by 0.036 (target=0.900)."
0.0579999999999999,0.355945705909542,0.1570573333333333,0.3689553530214173,0.3470076747196913,0.15,480.358588762629,1.384632143656413e-101,488.8161249448834,1.0822178715402508e-98,521.8114222443253,7.831826936176257e-98,z=Phi^{-1}(u),0.9103650562132454,480.790718443626,0.916,12200,12450,250,50,overlapping,RED,['ACF_dependence_fail'],"Independence strongly rejected (min Ljung-Box p=1.38e-101, |ACF lag-1|=0.9104)."
0.0999999999999999,0.0125203447299346,0.8085413333333333,0.0069259289611031,0.4624706145132506,0.15,664.2856407047038,2.58533526738488e-141,822.2272149433296,3.431632787780554e-170,863.4284117023795,4.731887287930415e-170,z=Phi^{-1}(u),0.9351473196636936,532.257460672765,0.88,12250,12500,250,50,overlapping,RED,"['PIT_uniformity_fail', 'ACF_dependence_fail', 'coverage_warn']","Uniformity strongly rejected (min p=0.00693, KS=0.1000).; Independence strongly rejected (min Ljung-Box p=3.43e-170, |ACF lag-1|=0.9351).; Coverage mildly off-target by 0.020 (target=0.900)."
0.0619999999999999,0.2800260038615038,0.1561773333333332,0.3714773526099137,0.6695863003287741,0.0832288015170355,668.5903666438273,3.033561304068677e-142,803.5890365588506,3.4913784781070955e-166,860.8510835270486,1.6712326096572523e-169,z=Phi^{-1}(u),0.9300198398841732,532.6752591452955,0.88,12300,12550,250,50,overlapping,RED,"['ACF_dependence_fail', 'coverage_warn']","Independence strongly rejected (min Ljung-Box p=1.67e-169, |ACF lag-1|=0.9300).; Coverage mildly off-target by 0.020 (target=0.900)."
0.124,0.0008271899609853,0.9161293333333332,0.0038352569547819,1.5504374577028557,0.01,561.2974591656514,4.6422971390806825e-119,672.9050108151688,4.10389119353048e-138,735.7101231582748,6.090201888294692e-143,z=Phi^{-1}(u),0.9124158446422994,597.6082767266655,0.872,12350,12600,250,50,overlapping,RED,"['PIT_uniformity_fail', 'ACF_dependence_fail', 'coverage_warn']","Uniformity strongly rejected (min p=0.000827, KS=0.1240).; Independence strongly rejected (min Ljung-Box p=6.09e-143, |ACF lag-1|=0.9124).; Coverage mildly off-target by 0.028 (target=0.900)."
0.146,4.090430161748266e-05,1.6350213333333332,8.193519752863754e-05,1.3487273278005318,0.01,530.8863060477767,1.7150481632303975e-112,635.4537443312847,4.430593490810291e-130,682.9819560440966,8.801707507343754e-132,z=Phi^{-1}(u),0.9009543670348116,583.2891360290081,0.876,12400,12650,250,50,overlapping,RED,"['PIT_uniformity_fail', 'ACF_dependence_fail', 'coverage_warn']","Uniformity strongly rejected (min p=4.09e-05, KS=0.1460).; Independence strongly rejected (min Ljung-Box p=8.8e-132, |ACF lag-1|=0.9010).; Coverage mildly off-target by 0.024 (target=0.900)."
0.2159999999999999,1.0183309459024968e-10,4.219121333333271,1.1425038692891576e-10,3.108366319595234,0.01,590.4517519353585,2.337928875567389e-125,734.2190583131745,2.8188601576738876e-151,760.3108628464165,3.722706475058924e-148,z=Phi^{-1}(u),0.89561375623167,788.3414921044051,0.82,12450,12700,250,50,overlapping,RED,"['PIT_uniformity_fail', 'ACF_dependence_fail', 'undercoverage']","Uniformity strongly rejected (min p=1.02e-10, KS=0.2160).; Independence strongly rejected (min Ljung-Box p=2.82e-151, |ACF lag-1|=0.8956).; Coverage off-target by 0.080 (target=0.900)."
0.2179999999999999,6.529461679456676e-11,4.303029333333269,7.452971573229661e-11,4.45169182168371,0.01,505.51726930342113,5.144193387910088e-107,584.842512612223,3.110623474110958e-119,618.7001104803054,3.296448010555669e-118,z=Phi^{-1}(u),0.8793316106691561,696.1239948784466,0.892,12500,12750,250,50,overlapping,RED,"['PIT_uniformity_fail', 'ACF_dependence_fail']","Uniformity strongly rejected (min p=6.53e-11, KS=0.2180).; Independence strongly rejected (min Ljung-Box p=3.11e-119, |ACF lag-1|=0.8793)."
0.1939999999999999,1.0217160464820098e-08,2.630725333333233,4.469287346875461e-07,6.989887708068636,0.01,530.7970486457477,1.7928716326472262e-112,633.8196394373639,9.927604220577165e-130,760.7984158269107,2.934181238368056e-148,z=Phi^{-1}(u),0.8886817162753798,802.119526622214,0.876,12550,12800,250,50,overlapping,RED,"['PIT_uniformity_fail', 'ACF_dependence_fail', 'coverage_warn']","Uniformity strongly rejected (min p=1.02e-08, KS=0.1940).; Independence strongly rejected (min Ljung-Box p=2.93e-148, |ACF lag-1|=0.8887).; Coverage mildly off-target by 0.024 (target=0.900)."
0.1099999999999999,0.0043334485784834,0.8048693333332333,0.0070679092813596,6.789535520774507,0.01,576.6924473160457,2.19441447291998e-122,695.4704670770017,5.89251214746557e-143,847.504707436154,1.1487825208945326e-166,z=Phi^{-1}(u),0.8964690531050988,780.661515582362,0.88,12600,12850,250,50,overlapping,RED,"['PIT_uniformity_fail', 'ACF_dependence_fail', 'coverage_warn']","Uniformity strongly rejected (min p=0.00433, KS=0.1100).; Independence strongly rejected (min Ljung-Box p=1.15e-166, |ACF lag-1|=0.8965).; Coverage mildly off-target by 0.020 (target=0.900)."
0.1259999999999999,0.0006423606286764,0.9126013333332332,0.003909926483686,5.489480504284472,0.01,577.7705581544421,1.2835783172396754e-122,675.7355431022722,1.013500129407555e-138,760.9113413585915,2.77679637634556e-148,z=Phi^{-1}(u),0.898575295503338,854.4058604594112,0.844,12650,12900,250,50,overlapping,RED,"['PIT_uniformity_fail', 'ACF_dependence_fail', 'undercoverage']","Uniformity strongly rejected (min p=0.000642, KS=0.1260).; Independence strongly rejected (min Ljung-Box p=2.78e-148, |ACF lag-1|=0.8986).; Coverage off-target by 0.056 (target=0.900)."
0.288,7.476102377504537e-19,7.975497333333298,2.314837210803944e-11,4.111438077047637,0.01,435.467288943395,6.694532649282843e-92,442.2351194244037,9.463187151839344e-89,456.3059270473996,3.945454694686308e-84,z=Phi^{-1}(u),0.8798177091265824,705.1896092593048,0.896,12700,12950,250,50,overlapping,RED,"['PIT_uniformity_fail', 'ACF_dependence_fail']","Uniformity strongly rejected (min p=7.48e-19, KS=0.2880).; Independence strongly rejected (min Ljung-Box p=6.69e-92, |ACF lag-1|=0.8798)."
0.2299999999999999,4.147683475508808e-12,6.8070773333332975,1.1152256895741175e-10,4.1196029734670105,0.01,434.80092508443886,9.3202228118686e-92,440.3598750168775,2.376256847458294e-88,452.24775612218417,2.770505666324337e-83,z=Phi^{-1}(u),0.8794278864916099,665.526135983039,0.896,12750,13000,250,50,overlapping,RED,"['PIT_uniformity_fail', 'ACF_dependence_fail']","Uniformity strongly rejected (min p=4.15e-12, KS=0.2300).; Independence strongly rejected (min Ljung-Box p=9.32e-92, |ACF lag-1|=0.8794)."
0.1819999999999999,1.0177424069145935e-07,3.240537333333333,1.8687177472109795e-08,0.3378682024670922,0.15,602.0031564771814,7.465431752668222e-128,661.763979841062,1.0081493359916602e-135,664.849513157872,5.985807437103235e-128,z=Phi^{-1}(u),0.9187916351063504,569.6190191534444,0.928,12800,13050,250,50,overlapping,RED,"['PIT_uniformity_fail', 'ACF_dependence_fail', 'coverage_warn']","Uniformity strongly rejected (min p=1.87e-08, KS=0.1820).; Independence strongly rejected (min Ljung-Box p=1.01e-135, |ACF lag-1|=0.9188).; Coverage mildly off-target by 0.028 (target=0.900)."
0.1039999999999999,0.008290637497102,0.7804493333333333,0.0080909262542343,1.2709581768936289,0.01,649.5497921708945,3.960924141727278e-138,789.3988579133527,3.9217792470424836e-163,921.3701448640538,2.2204382770514956e-182,z=Phi^{-1}(u),0.9238025655648664,552.3720836301417,0.944,12850,13100,250,50,overlapping,RED,"['PIT_uniformity_fail', 'ACF_dependence_fail', 'coverage_warn']","Uniformity strongly rejected (min p=0.00809, KS=0.1040).; Independence strongly rejected (min Ljung-Box p=2.22e-182, |ACF lag-1|=0.9238).; Coverage mildly off-target by 0.044 (target=0.900)."
0.072,0.1425669535852258,0.2606533333333333,0.1752763067704585,0.3739866728583365,0.15,632.3851168167183,2.0307972491810132e-134,898.4946373776864,1.3426866611848954e-186,1070.4727626766685,3.583367633109343e-214,z=Phi^{-1}(u),0.9144498945432612,561.6836052136248,0.944,12900,13150,250,50,overlapping,RED,"['ACF_dependence_fail', 'coverage_warn']","Independence strongly rejected (min Ljung-Box p=3.58e-214, |ACF lag-1|=0.9144).; Coverage mildly off-target by 0.044 (target=0.900)."
0.192,1.514511144371369e-08,3.190313333333333,2.4269479204086508e-08,1.6403361173177586,0.01,431.86122736410056,4.0121256621360947e-91,486.8170487971356,2.892804060567031e-98,497.51932702019343,9.621523886865004e-93,z=Phi^{-1}(u),0.8627366593987609,572.1781636200351,0.936,12950,13200,250,50,overlapping,RED,"['PIT_uniformity_fail', 'ACF_dependence_fail', 'coverage_warn']","Uniformity strongly rejected (min p=1.51e-08, KS=0.1920).; Independence strongly rejected (min Ljung-Box p=2.89e-98, |ACF lag-1|=0.8627).; Coverage mildly off-target by 0.036 (target=0.900)."
0.234,1.5990656520224514e-12,4.124729333333334,1.8623314002041977e-10,2.650970949579147,0.01,435.134676949075,7.896789439536192e-92,496.67792477914855,2.2633435452972723e-100,516.3794085164066,1.0781267088543398e-96,z=Phi^{-1}(u),0.863012600887506,602.1774717219579,0.936,13000,13250,250,50,overlapping,RED,"['PIT_uniformity_fail', 'ACF_dependence_fail', 'coverage_warn']","Uniformity strongly rejected (min p=1.6e-12, KS=0.2340).; Independence strongly rejected (min Ljung-Box p=2.26e-100, |ACF lag-1|=0.8630).; Coverage mildly off-target by 0.036 (target=0.900)."
0.178,2.1176689879626824e-07,2.903801333333333,1.0782051740321209e-07,1.248808734053739,0.01,409.092379865313,3.25424475216888e-86,467.32532826676936,4.199587882178014e-94,479.2472157852593,6.387718408169922e-89,z=Phi^{-1}(u),0.8546415192199337,555.6231833843417,0.94,13050,13300,250,50,overlapping,RED,"['PIT_uniformity_fail', 'ACF_dependence_fail', 'coverage_warn']","Uniformity strongly rejected (min p=1.08e-07, KS=0.1780).; Independence strongly rejected (min Ljung-Box p=4.2e-94, |ACF lag-1|=0.8546).; Coverage mildly off-target by 0.040 (target=0.900)."
0.186,4.8100899143052806e-08,2.395757333333333,1.5211443846752104e-06,1.7706530572466477,0.01,417.2639240529972,5.634350918687958e-88,460.6275781328979,1.1288497235331523e-92,477.2973814527929,1.6326030831542245e-88,z=Phi^{-1}(u),0.8589020624727803,554.7282105720111,0.92,13100,13350,250,50,overlapping,RED,"['PIT_uniformity_fail', 'ACF_dependence_fail', 'coverage_warn']","Uniformity strongly rejected (min p=4.81e-08, KS=0.1860).; Independence strongly rejected (min Ljung-Box p=1.13e-92, |ACF lag-1|=0.8589).; Coverage mildly off-target by 0.020 (target=0.900)."
0.126,0.0006423606286764,0.8731373333333173,0.0048532125380585,4.893483394422901,0.01,396.8560709588782,1.4120378604098742e-83,422.3941221539189,1.6035637461986825e-84,512.5819408084545,6.738204266471203e-96,z=Phi^{-1}(u),0.8532484088458644,606.1173120020493,0.904,13150,13400,250,50,overlapping,RED,"['PIT_uniformity_fail', 'ACF_dependence_fail']","Uniformity strongly rejected (min p=0.000642, KS=0.1260).; Independence strongly rejected (min Ljung-Box p=6.74e-96, |ACF lag-1|=0.8532)."
0.094,0.0225406568153296,0.6661453333333173,0.0153248991875502,5.668131984065553,0.01,445.486633885501,4.621667822120112e-94,474.151218836696,1.4657693710719498e-95,495.056441847833,3.153086146565946e-92,z=Phi^{-1}(u),0.8707473053560707,566.8549327208297,0.912,13200,13450,250,50,overlapping,RED,"['PIT_uniformity_warn', 'ACF_dependence_fail']","Uniformity weakly rejected (min p=0.0153).; Independence strongly rejected (min Ljung-Box p=1.47e-95, |ACF lag-1|=0.8707)."
0.098,0.0152929430424031,0.8565773333333173,0.0053152459950743,6.598685629884017,0.01,431.2746471370143,5.368679389995225e-91,453.64239712872336,3.491570936998799e-91,469.2385637355493,7.880653320052321e-87,z=Phi^{-1}(u),0.8675243427622866,542.8114824372784,0.912,13250,13500,250,50,overlapping,RED,"['PIT_uniformity_fail', 'ACF_dependence_fail']","Uniformity strongly rejected (min p=0.00532, KS=0.0980).; Independence strongly rejected (min Ljung-Box p=3.49e-91, |ACF lag-1|=0.8675)."
0.0559999999999999,0.3985403948382564,0.1828613333333173,0.3034108860291445,3.5289818767948877,0.01,465.4298013426618,2.3046191295510137e-98,497.6726831079473,1.3874046317345198e-100,506.3936361312961,1.333624266091288e-94,z=Phi^{-1}(u),0.874541567795581,597.5335185854891,0.892,13300,13550,250,50,overlapping,RED,['ACF_dependence_fail'],"Independence strongly rejected (min Ljung-Box p=1.39e-100, |ACF lag-1|=0.8745)."
0.06,0.3164237517245051,0.0824413333333173,0.6782795884152146,2.331933165918713,0.01,457.2412388679528,1.346510490879199e-96,485.6752094369294,5.072287121072154e-98,492.12773549708055,1.2930078477053366e-91,z=Phi^{-1}(u),0.8741370967410811,647.7868576884855,0.876,13350,13600,250,50,overlapping,RED,"['ACF_dependence_fail', 'coverage_warn']","Independence strongly rejected (min Ljung-Box p=5.07e-98, |ACF lag-1|=0.8741).; Coverage mildly off-target by 0.024 (target=0.900)."
0.0879999999999999,0.0391297550232407,0.6448973333333332,0.0172789581083859,1.380000194234185,0.01,544.9428703266798,1.5808590954506252e-115,650.604242520666,2.496759465790258e-133,743.9701932665594,1.082677873589468e-144,z=Phi^{-1}(u),0.8967665092734045,548.3873983765163,0.896,13400,13650,250,50,overlapping,RED,"['PIT_uniformity_warn', 'ACF_dependence_fail']","Uniformity weakly rejected (min p=0.0173).; Independence strongly rejected (min Ljung-Box p=1.08e-144, |ACF lag-1|=0.8968)."
0.1039999999999999,0.008290637497102,0.7803733333333331,0.0080943359497061,1.9099045850912264,0.01,580.5320551097212,3.2498731947771754e-123,729.8681929757678,2.424127370412759e-150,924.1077548611668,5.801563352767269e-183,z=Phi^{-1}(u),0.8985730598795069,510.4889461786771,0.904,13450,13700,250,50,overlapping,RED,"['PIT_uniformity_fail', 'ACF_dependence_fail']","Uniformity strongly rejected (min p=0.00809, KS=0.1040).; Independence strongly rejected (min Ljung-Box p=5.8e-183, |ACF lag-1|=0.8986)."
0.1399999999999999,9.755941577025162e-05,1.6543413333333332,7.39971751946289e-05,1.355316224791096,0.01,587.5915967380414,9.699594267878363e-125,718.8841237060151,5.539195888695649e-148,813.793805104697,1.6680390130236433e-159,z=Phi^{-1}(u),0.9086643139349968,598.004364620185,0.864,13500,13750,250,50,overlapping,RED,"['PIT_uniformity_fail', 'ACF_dependence_fail', 'coverage_warn']","Uniformity strongly rejected (min p=7.4e-05, KS=0.1400).; Independence strongly rejected (min Ljung-Box p=1.67e-159, |ACF lag-1|=0.9087).; Coverage mildly off-target by 0.036 (target=0.900)."
0.108,0.0054015033651195,0.8675933333333334,0.0050031539752417,0.6092654491801568,0.1140961077284594,559.1441808048858,1.3546166599348389e-118,696.1661106397898,4.178064377023675e-143,816.6338459165438,4.159892947050384e-160,z=Phi^{-1}(u),0.9007393770125188,564.8581889859914,0.884,13550,13800,250,50,overlapping,RED,"['PIT_uniformity_fail', 'ACF_dependence_fail']","Uniformity strongly rejected (min p=0.005, KS=0.1080).; Independence strongly rejected (min Ljung-Box p=4.16e-160, |ACF lag-1|=0.9007)."
0.1679999999999999,1.2294793527601086e-06,2.757009333333333,2.3152534056603002e-07,0.8408714623569722,0.0310684453422974,514.4314264113792,6.123156166995027e-109,541.2497032325889,6.68070868288695e-110,542.9256137189473,2.906813678379111e-102,z=Phi^{-1}(u),0.89788747421615,529.9845196149398,0.908,13600,13850,250,50,overlapping,RED,"['PIT_uniformity_fail', 'ACF_dependence_fail']","Uniformity strongly rejected (min p=2.32e-07, KS=0.1680).; Independence strongly rejected (min Ljung-Box p=6.68e-110, |ACF lag-1|=0.8979)."
0.176,3.035628155315092e-07,2.105557333333333,6.925758785025771e-06,1.3336568172969692,0.01,504.9524272039422,6.811547180954692e-107,520.5450349576154,1.7917768125070285e-105,557.6668824956109,2.3265457899062122e-105,z=Phi^{-1}(u),0.9091210343150172,508.9192366097988,0.932,13650,13900,250,50,overlapping,RED,"['PIT_uniformity_fail', 'ACF_dependence_fail', 'coverage_warn']","Uniformity strongly rejected (min p=3.04e-07, KS=0.1760).; Independence strongly rejected (min Ljung-Box p=6.81e-107, |ACF lag-1|=0.9091).; Coverage mildly off-target by 0.032 (target=0.900)."
0.1099999999999999,0.0043334485784834,0.9469773333333332,0.0032410383660096,1.6095825268994872,0.01,572.4062095856839,1.8502071419964607e-121,595.8552317592184,1.3607007350520155e-121,607.8217256509553,6.473707740815112e-116,z=Phi^{-1}(u),0.922246503002534,585.8994359484105,0.888,13700,13950,250,50,overlapping,RED,"['PIT_uniformity_fail', 'ACF_dependence_fail']","Uniformity strongly rejected (min p=0.00324, KS=0.1100).; Independence strongly rejected (min Ljung-Box p=1.36e-121, |ACF lag-1|=0.9222)."
0.1160000000000001,0.0021837382351525,0.6271773333333333,0.0191046513457601,1.8313961740880127,0.01,558.9777330701636,1.4715222035291237e-118,598.5907306805452,3.529284539193686e-122,675.7997487385036,2.9038005333776e-130,z=Phi^{-1}(u),0.9217265373477136,565.0632100308308,0.904,13750,14000,250,50,overlapping,RED,"['PIT_uniformity_fail', 'ACF_dependence_fail']","Uniformity strongly rejected (min p=0.00218, KS=0.1160).; Independence strongly rejected (min Ljung-Box p=2.9e-130, |ACF lag-1|=0.9217)."
0.076,0.1057293785294712,0.2700013333333333,0.1646318437533642,1.2357130775540384,0.01,638.4095328258659,1.0130675981647943e-135,702.0060103542571,2.3298452341022522e-144,767.4828322026508,1.122237664157352e-149,z=Phi^{-1}(u),0.9342486267012124,550.9736301973306,0.904,13800,14050,250,50,overlapping,RED,['ACF_dependence_fail'],"Independence strongly rejected (min Ljung-Box p=1.12e-149, |ACF lag-1|=0.9342)."
0.0519999999999999,0.4922632346865274,0.1303173333333333,0.4558010700718092,0.335245793435746,0.15,677.1409700345483,4.299982968288679e-144,842.1699142775028,1.7641261213630007e-174,930.8657271303808,2.1109963841452668e-184,z=Phi^{-1}(u),0.9358713544238164,493.91903374323664,0.912,13850,14100,250,50,overlapping,RED,['ACF_dependence_fail'],"Independence strongly rejected (min Ljung-Box p=2.11e-184, |ACF lag-1|=0.9359)."
0.13,0.0003826527409824,1.4109453333333333,0.0002682318533911,0.8300597494550743,0.0333208855301928,583.9964608647116,5.8002002681523485e-124,690.4568198514166,7.022115317543741e-142,715.3219531349771,1.2656940122173608e-138,z=Phi^{-1}(u),0.9294211762750672,461.31159539098746,0.928,13900,14150,250,50,overlapping,RED,"['PIT_uniformity_fail', 'ACF_dependence_fail', 'coverage_warn']","Uniformity strongly rejected (min p=0.000268, KS=0.1300).; Independence strongly rejected (min Ljung-Box p=7.02e-142, |ACF lag-1|=0.9294).; Coverage mildly off-target by 0.028 (target=0.900)."
0.124,0.0008271899609853,1.2271893333333332,0.0007143953749434,0.3958442397750445,0.15,522.0954465789725,1.3562851827224478e-110,640.5210499575113,3.6296504228379645e-131,722.0538307471691,4.753662904820179e-140,z=Phi^{-1}(u),0.909454121803806,377.1214507508814,0.972,13950,14200,250,50,overlapping,RED,"['PIT_uniformity_fail', 'ACF_dependence_fail', 'overcoverage']","Uniformity strongly rejected (min p=0.000714, KS=0.1240).; Independence strongly rejected (min Ljung-Box p=4.75e-140, |ACF lag-1|=0.9095).; Coverage off-target by 0.072 (target=0.900)."
0.18,1.471143755962186e-07,1.9495213333333328,1.567948946601394e-05,0.6604048393973017,0.0870227936374786,553.3019928049,2.475218909951059e-117,655.1381659324013,2.6599569086491057e-134,717.8463341249876,3.697401096844526e-139,z=Phi^{-1}(u),0.9034832900155544,330.24983280690685,0.996,14000,14250,250,50,overlapping,RED,"['PIT_uniformity_fail', 'ACF_dependence_fail', 'overcoverage']","Uniformity strongly rejected (min p=1.47e-07, KS=0.1800).; Independence strongly rejected (min Ljung-Box p=3.7e-139, |ACF lag-1|=0.9035).; Coverage off-target by 0.096 (target=0.900)."
0.076,0.1057293785294717,0.5430413333332974,0.0309381293379191,7.341966090829487,0.01,420.3179671184995,1.2370718061707416e-88,483.14387542690736,1.761310740728082e-97,554.3136136511235,1.1786310220328976e-104,z=Phi^{-1}(u),0.842729984838082,394.8063836219802,0.948,14050,14300,250,50,overlapping,RED,"['PIT_uniformity_warn', 'ACF_dependence_fail', 'coverage_warn']","Uniformity weakly rejected (min p=0.0309).; Independence strongly rejected (min Ljung-Box p=1.18e-104, |ACF lag-1|=0.8427).; Coverage mildly off-target by 0.048 (target=0.900)."
0.062,0.280026003861503,0.2424293333332333,0.1983982167094807,10.711380851846286,0.01,574.5894050792213,6.246212539388072e-122,656.4869485939215,1.3663186267667129e-134,660.979351531714,3.933406391991922e-127,z=Phi^{-1}(u),0.8663274618284539,442.3684150821084,0.94,14100,14350,250,50,overlapping,RED,"['ACF_dependence_fail', 'coverage_warn']","Independence strongly rejected (min Ljung-Box p=1.37e-134, |ACF lag-1|=0.8663).; Coverage mildly off-target by 0.040 (target=0.900)."
0.122,0.0010608632709633,0.8929333333332332,0.004354143543566,12.103289184220898,0.01,565.8264300999048,4.880856914167975e-120,646.2683613290691,2.1248163915946592e-132,652.6863208777899,2.220141365558803e-125,z=Phi^{-1}(u),0.8685073057762759,444.1036115376798,0.92,14150,14400,250,50,overlapping,RED,"['PIT_uniformity_fail', 'ACF_dependence_fail', 'coverage_warn']","Uniformity strongly rejected (min p=0.00106, KS=0.1220).; Independence strongly rejected (min Ljung-Box p=2.12e-132, |ACF lag-1|=0.8685).; Coverage mildly off-target by 0.020 (target=0.900)."
0.0759999999999999,0.1057293785294721,0.1545053333330092,0.3763267901957324,13.61100127021939,0.01,529.4031969947217,3.585203210760481e-112,632.3681360661433,2.0326575358045583e-129,637.1088159978834,4.313939649082784e-122,z=Phi^{-1}(u),0.8510096932328218,573.7979332386491,0.86,14200,14450,250,50,overlapping,RED,"['ACF_dependence_fail', 'coverage_warn']","Independence strongly rejected (min Ljung-Box p=2.03e-129, |ACF lag-1|=0.8510).; Coverage mildly off-target by 0.040 (target=0.900)."
0.1039999999999999,0.008290637497102,1.0658173333330052,0.0017009773348585,10.855859947156432,0.01,427.88955592542334,2.8828441620350183e-90,475.34424918912487,8.153598820444078e-96,512.1826797337739,8.169756535535672e-96,z=Phi^{-1}(u),0.8114991619450699,640.6176014762567,0.816,14250,14500,250,50,overlapping,RED,"['PIT_uniformity_fail', 'ACF_dependence_fail', 'undercoverage']","Uniformity strongly rejected (min p=0.0017, KS=0.1040).; Independence strongly rejected (min Ljung-Box p=8.15e-96, |ACF lag-1|=0.8115).; Coverage off-target by 0.084 (target=0.900)."
0.0519999999999999,0.4922632346865286,0.1697413333331853,0.3348040070971073,10.12641896031431,0.01,306.4710435974291,4.067295194490366e-64,333.97487004493354,9.983146466344181e-66,354.55607478063126,5.125652578038352e-63,z=Phi^{-1}(u),0.8102252785978362,586.793830553944,0.856,14300,14550,250,50,overlapping,RED,"['ACF_dependence_fail', 'coverage_warn']","Independence strongly rejected (min Ljung-Box p=9.98e-66, |ACF lag-1|=0.8102).; Coverage mildly off-target by 0.044 (target=0.900)."
0.0959999999999999,0.0186040510745638,0.9044493333332652,0.0040881670488508,6.739833260760975,0.01,332.0666086576188,1.2683127336042942e-69,357.5792501466738,9.808009585523615e-71,398.2097373474867,4.806287801970563e-72,z=Phi^{-1}(u),0.7886552929054941,560.693704569184,0.868,14350,14600,250,50,overlapping,RED,"['PIT_uniformity_fail', 'ACF_dependence_fail', 'coverage_warn']","Uniformity strongly rejected (min p=0.00409, KS=0.0960).; Independence strongly rejected (min Ljung-Box p=4.81e-72, |ACF lag-1|=0.7887).; Coverage mildly off-target by 0.032 (target=0.900)."
0.1699999999999999,8.720933843779303e-07,3.803277333333265,1.0808126615913236e-09,5.569677417603799,0.01,298.8371243317461,1.7810088985974922e-62,319.6481580555256,1.0828767518806143e-62,360.21613087941176,3.4851964602661675e-64,z=Phi^{-1}(u),0.775315180662938,611.2574118444461,0.856,14400,14650,250,50,overlapping,RED,"['PIT_uniformity_fail', 'ACF_dependence_fail', 'coverage_warn']","Uniformity strongly rejected (min p=1.08e-09, KS=0.1700).; Independence strongly rejected (min Ljung-Box p=3.49e-64, |ACF lag-1|=0.7753).; Coverage mildly off-target by 0.044 (target=0.900)."
0.2139999999999999,1.5814280556184449e-10,5.94740133333333,6.199374347204412e-12,1.7707058039724188,0.01,238.0030624196152,2.058007331671346e-49,240.07174504972332,6.61771292682025e-46,246.29662956322548,6.369777464163261e-41,z=Phi^{-1}(u),0.7447527036426335,552.610029267204,0.908,14450,14700,250,50,overlapping,RED,"['PIT_uniformity_fail', 'ACF_dependence_fail']","Uniformity strongly rejected (min p=6.2e-12, KS=0.2140).; Independence strongly rejected (min Ljung-Box p=2.06e-49, |ACF lag-1|=0.7448)."
0.2299999999999999,4.147683475508808e-12,6.399173333333233,3.1150748647235105e-11,10.21362327841416,0.01,413.73956852954166,3.240774646578838e-87,426.325194657158,2.3306693034968167e-85,624.770319416592,1.7296303813687105e-119,z=Phi^{-1}(u),0.8748656313387365,832.2502593326512,0.852,14500,14750,250,50,overlapping,RED,"['PIT_uniformity_fail', 'ACF_dependence_fail', 'coverage_warn']","Uniformity strongly rejected (min p=4.15e-12, KS=0.2300).; Independence strongly rejected (min Ljung-Box p=1.73e-119, |ACF lag-1|=0.8749).; Coverage mildly off-target by 0.048 (target=0.900)."
0.2659999999999999,4.177533392525582e-16,6.173713333333234,1.4324208486016232e-11,9.830630317548753,0.01,423.3464749422975,2.7505380579997733e-89,441.7558157041822,1.1974067429769264e-88,627.6551433269211,4.260585255841675e-120,z=Phi^{-1}(u),0.8791615238776819,860.206531059479,0.828,14550,14800,250,50,overlapping,RED,"['PIT_uniformity_fail', 'ACF_dependence_fail', 'undercoverage']","Uniformity strongly rejected (min p=4.18e-16, KS=0.2660).; Independence strongly rejected (min Ljung-Box p=4.26e-120, |ACF lag-1|=0.8792).; Coverage off-target by 0.072 (target=0.900)."
0.226,1.0574852054710824e-11,4.407533333333234,4.490663396694572e-11,8.759819375698612,0.01,468.114098717484,6.073536935684749e-99,506.7610790370555,1.5848736280591161e-102,632.9456829895541,3.260955471806469e-121,z=Phi^{-1}(u),0.888070269070321,861.2574730774049,0.82,14600,14850,250,50,overlapping,RED,"['PIT_uniformity_fail', 'ACF_dependence_fail', 'undercoverage']","Uniformity strongly rejected (min p=1.06e-11, KS=0.2260).; Independence strongly rejected (min Ljung-Box p=3.26e-121, |ACF lag-1|=0.8881).; Coverage off-target by 0.080 (target=0.900)."
0.218,6.529461679456593e-11,3.710397333333233,1.667089799539667e-09,8.688000299787802,0.01,455.220439515878,3.674074073848094e-96,482.6799821547965,2.2126225469098743e-97,632.2432860934973,4.587145361773446e-121,z=Phi^{-1}(u),0.8877429909593563,878.8787434837218,0.824,14650,14900,250,50,overlapping,RED,"['PIT_uniformity_fail', 'ACF_dependence_fail', 'undercoverage']","Uniformity strongly rejected (min p=6.53e-11, KS=0.2180).; Independence strongly rejected (min Ljung-Box p=4.59e-121, |ACF lag-1|=0.8877).; Coverage off-target by 0.076 (target=0.900)."
0.0939999999999999,0.0225406568153297,0.4175973333332334,0.0648664461244215,6.923928055167892,0.01,461.0761247455634,2.0039739348748542e-97,479.8210618390459,9.024794329652299e-97,595.4569547952967,2.6065719580821886e-113,z=Phi^{-1}(u),0.8927369790296654,840.0971909823705,0.824,14700,14950,250,50,overlapping,RED,"['PIT_uniformity_warn', 'ACF_dependence_fail', 'undercoverage']","Uniformity weakly rejected (min p=0.0225).; Independence strongly rejected (min Ljung-Box p=2.61e-113, |ACF lag-1|=0.8927).; Coverage off-target by 0.076 (target=0.900)."
0.0759999999999999,0.1057293785294721,0.3190133333333334,0.1195582550866573,1.5406473669241336,0.01,559.5248906904357,1.120954877799642e-118,626.1190516400338,4.444660570630602e-128,669.6616932843482,5.7580274055425335e-129,z=Phi^{-1}(u),0.903933251855336,494.8463058757932,0.92,14750,15000,250,50,overlapping,RED,"['ACF_dependence_fail', 'coverage_warn']","Independence strongly rejected (min Ljung-Box p=5.76e-129, |ACF lag-1|=0.9039).; Coverage mildly off-target by 0.020 (target=0.900)."
0.058,0.35594570590954,0.2433253333333333,0.1971817585141556,0.9787189226059638,0.0149334330920403,533.0609810260596,5.817075664728522e-113,563.2179861252181,1.3284148041140002e-114,571.1113779194583,3.4677822752738584e-108,z=Phi^{-1}(u),0.9039819492712629,509.01484950017766,0.944,14800,15050,250,50,overlapping,RED,"['ACF_dependence_fail', 'coverage_warn']","Independence strongly rejected (min Ljung-Box p=1.33e-114, |ACF lag-1|=0.9040).; Coverage mildly off-target by 0.044 (target=0.900)."
0.0519999999999999,0.4922632346865274,0.1470093333333333,0.3990310027623946,0.953880533047908,0.0172332839770455,574.916906119535,5.30726435272241e-122,625.6887129536761,5.49660979183444e-128,645.7511288860748,6.467193423326593e-124,z=Phi^{-1}(u),0.9093291420966954,569.1719436120854,0.924,14850,15100,250,50,overlapping,RED,"['ACF_dependence_fail', 'coverage_warn']","Independence strongly rejected (min Ljung-Box p=5.5e-128, |ACF lag-1|=0.9093).; Coverage mildly off-target by 0.024 (target=0.900)."
0.078,0.090497873806594,0.2095253333333333,0.2498284065175992,1.3744310945762097,0.01,470.4455609237105,1.907189327682156e-99,483.6100458997789,1.4004793298603794e-97,488.5564719263854,7.223422972656015e-91,z=Phi^{-1}(u),0.8948118508793008,653.441290614337,0.9,14900,15150,250,50,overlapping,RED,['ACF_dependence_fail'],"Independence strongly rejected (min Ljung-Box p=1.91e-99, |ACF lag-1|=0.8948)."
0.0939999999999999,0.0225406568153297,0.4215933333333334,0.0633206152296221,0.9719972107964452,0.0155558138151439,442.8462163170945,1.7151531535913606e-93,460.0057235642932,1.532264067137736e-92,460.8421679264274,4.462270470274969e-85,z=Phi^{-1}(u),0.8881551574292771,739.2542173220907,0.852,14950,15200,250,50,overlapping,RED,"['PIT_uniformity_warn', 'ACF_dependence_fail', 'coverage_warn']","Uniformity weakly rejected (min p=0.0225).; Independence strongly rejected (min Ljung-Box p=1.72e-93, |ACF lag-1|=0.8882).; Coverage mildly off-target by 0.048 (target=0.900)."
0.1099999999999999,0.0043334485784834,1.123357333333333,0.001247259708466,1.7082042965895994,0.01,450.89170396674666,3.154452861212632e-95,471.8828589496201,4.4703196286821897e-95,478.4565556917342,9.345647130550084e-89,z=Phi^{-1}(u),0.8880965234084461,814.5011278311378,0.848,15000,15250,250,50,overlapping,RED,"['PIT_uniformity_fail', 'ACF_dependence_fail', 'undercoverage']","Uniformity strongly rejected (min p=0.00125, KS=0.1100).; Independence strongly rejected (min Ljung-Box p=3.15e-95, |ACF lag-1|=0.8881).; Coverage off-target by 0.052 (target=0.900)."
0.1039999999999999,0.008290637497102,1.161317333333333,0.0010169965044927,1.4347994772888342,0.01,475.1436788461944,1.8478065795539892e-100,493.9672450295923,8.588137296344391e-100,519.9811537783645,1.8950523059518768e-97,z=Phi^{-1}(u),0.8964356826375768,898.7723969110159,0.836,15050,15300,250,50,overlapping,RED,"['PIT_uniformity_fail', 'ACF_dependence_fail', 'undercoverage']","Uniformity strongly rejected (min p=0.00102, KS=0.1040).; Independence strongly rejected (min Ljung-Box p=1.85e-100, |ACF lag-1|=0.8964).; Coverage off-target by 0.064 (target=0.900)."
0.118,0.001723677123827,1.4729773333333334,0.0001930068589489,2.470336387986208,0.01,464.8689739159993,3.045083609972994e-98,483.0126192123523,1.8787451545144314e-97,506.97972375579695,1.0052382161589818e-94,z=Phi^{-1}(u),0.8941305567863896,919.5060370846766,0.856,15100,15350,250,50,overlapping,RED,"['PIT_uniformity_fail', 'ACF_dependence_fail', 'coverage_warn']","Uniformity strongly rejected (min p=0.000193, KS=0.1180).; Independence strongly rejected (min Ljung-Box p=3.05e-98, |ACF lag-1|=0.8941).; Coverage mildly off-target by 0.044 (target=0.900)."
0.14,9.755941577025083e-05,1.0874573333333333,0.0015134463788688,2.04552004380011,0.01,532.3630553820831,8.230136934350073e-113,570.8535387761974,3.0803789950331736e-116,590.7433920690619,2.562421829690823e-112,z=Phi^{-1}(u),0.8984514907960705,819.182620665778,0.9,15150,15400,250,50,overlapping,RED,"['PIT_uniformity_fail', 'ACF_dependence_fail']","Uniformity strongly rejected (min p=9.76e-05, KS=0.1400).; Independence strongly rejected (min Ljung-Box p=3.08e-116, |ACF lag-1|=0.8985)."
0.1039999999999999,0.008290637497102,0.5406013333333333,0.0313782108832338,2.485279364609312,0.01,497.2775713557665,3.089455151654587e-105,520.5063150613436,1.826262111163966e-105,550.9642213172775,5.957825610781396e-104,z=Phi^{-1}(u),0.8972086264114638,754.1615133481207,0.948,15200,15450,250,50,overlapping,RED,"['PIT_uniformity_fail', 'ACF_dependence_fail', 'coverage_warn']","Uniformity strongly rejected (min p=0.00829, KS=0.1040).; Independence strongly rejected (min Ljung-Box p=1.83e-105, |ACF lag-1|=0.8972).; Coverage mildly off-target by 0.048 (target=0.900)."
0.04,0.8033518023976386,0.1109573333332693,0.53411067390126,5.268823849847536,0.01,541.1745250808927,1.0296155841968314e-114,584.0242527171634,4.657002769491064e-119,585.6281486661459,3.0587052994217473e-111,z=Phi^{-1}(u),0.8998761135749205,895.5047500541422,0.912,15250,15500,250,50,overlapping,RED,['ACF_dependence_fail'],"Independence strongly rejected (min Ljung-Box p=4.66e-119, |ACF lag-1|=0.8999)."
0.118,0.001723677123827,1.151469333333269,0.0010722509534207,5.151698266997215,0.01,576.4899383007909,2.4269729016720297e-122,721.5714410333098,1.466786336632413e-148,788.3310644614611,4.2406671609866e-154,z=Phi^{-1}(u),0.8970605001591537,902.6408610640968,0.916,15300,15550,250,50,overlapping,RED,"['PIT_uniformity_fail', 'ACF_dependence_fail']","Uniformity strongly rejected (min p=0.00107, KS=0.1180).; Independence strongly rejected (min Ljung-Box p=4.24e-154, |ACF lag-1|=0.8971)."
0.1099999999999999,0.0043334485784834,1.0388213333332694,0.0019682862559979,5.859848325299481,0.01,593.5648172704124,4.968803203385234e-126,738.6439479217323,3.1595877520196624e-152,781.4092776459231,1.2476702713225162e-152,z=Phi^{-1}(u),0.9003946484694849,879.898165459633,0.904,15350,15600,250,50,overlapping,RED,"['PIT_uniformity_fail', 'ACF_dependence_fail']","Uniformity strongly rejected (min p=0.00197, KS=0.1100).; Independence strongly rejected (min Ljung-Box p=1.25e-152, |ACF lag-1|=0.9004)."
0.094,0.0225406568153296,0.9389373333332692,0.0033862598806716,6.310518678864469,0.01,611.6329856409866,6.198238358482067e-130,763.4527434144449,1.4780983527595956e-157,789.6949724657036,2.1777322724222947e-154,z=Phi^{-1}(u),0.9021050227418064,868.791566948701,0.904,15400,15650,250,50,overlapping,RED,"['PIT_uniformity_fail', 'ACF_dependence_fail']","Uniformity strongly rejected (min p=0.00339, KS=0.0940).; Independence strongly rejected (min Ljung-Box p=1.48e-157, |ACF lag-1|=0.9021)."
0.092,0.0272001300552791,0.5605893333332693,0.0279570749895313,7.397663440901795,0.01,674.7420912218787,1.4192913261654314e-143,897.9672776620781,1.7436999273366066e-186,961.324497253413,6.855296710091707e-191,z=Phi^{-1}(u),0.9106108112913291,852.7738796054402,0.912,15450,15700,250,50,overlapping,RED,"['PIT_uniformity_warn', 'ACF_dependence_fail']","Uniformity weakly rejected (min p=0.0272).; Independence strongly rejected (min Ljung-Box p=6.86e-191, |ACF lag-1|=0.9106)."
0.1239999999999999,0.0008271899609853,0.7416173333333332,0.0100398522452843,1.7586000733616345,0.01,646.5323977961978,1.7782446113944137e-137,837.1386945708264,2.1313795586792058e-173,881.0112580307909,8.621449811159861e-174,z=Phi^{-1}(u),0.9272113287581972,688.3386372968324,0.944,15500,15750,250,50,overlapping,RED,"['PIT_uniformity_fail', 'ACF_dependence_fail', 'coverage_warn']","Uniformity strongly rejected (min p=0.000827, KS=0.1240).; Independence strongly rejected (min Ljung-Box p=8.62e-174, |ACF lag-1|=0.9272).; Coverage mildly off-target by 0.044 (target=0.900)."
0.216,1.0183309459024838e-10,3.1649093333333336,2.77000844484121e-08,1.3943827394593598,0.01,633.893371722414,9.58738430651136e-135,768.7956270202154,1.0509791128258799e-158,911.6070684922688,2.6602227648205423e-180,z=Phi^{-1}(u),0.9083306538307672,568.1945680894995,0.96,15550,15800,250,50,overlapping,RED,"['PIT_uniformity_fail', 'ACF_dependence_fail', 'overcoverage']","Uniformity strongly rejected (min p=1.02e-10, KS=0.2160).; Independence strongly rejected (min Ljung-Box p=2.66e-180, |ACF lag-1|=0.9083).; Coverage off-target by 0.060 (target=0.900)."
0.128,0.0004967972491749,0.7159653333333333,0.0115855780956808,1.8521275355114997,0.01,783.5993817268039,4.0848659342711826e-167,1137.6171754737372,4.095263499699221e-238,1275.1415149732347,6.218634488789329e-258,z=Phi^{-1}(u),0.9351009715736048,627.8565049764663,0.932,15600,15850,250,50,overlapping,RED,"['PIT_uniformity_fail', 'ACF_dependence_fail', 'coverage_warn']","Uniformity strongly rejected (min p=0.000497, KS=0.1280).; Independence strongly rejected (min Ljung-Box p=6.22e-258, |ACF lag-1|=0.9351).; Coverage mildly off-target by 0.032 (target=0.900)."
0.1119999999999999,0.0034624885629555,0.7448733333332973,0.0098593806453975,5.000005098944513,0.01,465.02677900323135,2.8154799258626784e-98,678.6864515482818,2.358247377220762e-139,704.6919740064525,2.2503364354108147e-136,z=Phi^{-1}(u),0.8735298604558255,647.9874667197889,0.9,15650,15900,250,50,overlapping,RED,"['PIT_uniformity_fail', 'ACF_dependence_fail']","Uniformity strongly rejected (min p=0.00346, KS=0.1120).; Independence strongly rejected (min Ljung-Box p=2.36e-139, |ACF lag-1|=0.8735)."
0.042,0.7535349147957915,0.0951173333331893,0.609727025310939,7.708701480157515,0.01,665.0493012004287,1.7678129753472635e-141,918.4981113911172,6.644189518337083e-191,950.68265902532,1.268979200254404e-188,z=Phi^{-1}(u),0.9040982122023374,755.3673372805664,0.868,15700,15950,250,50,overlapping,RED,"['ACF_dependence_fail', 'coverage_warn']","Independence strongly rejected (min Ljung-Box p=6.64e-191, |ACF lag-1|=0.9041).; Coverage mildly off-target by 0.032 (target=0.900)."
0.0899999999999999,0.0326901325154183,0.4803493333331374,0.044613343246508,13.334071928005471,0.01,558.3955307878631,1.9656853593493957e-118,763.8787962798319,1.1971642996665219e-157,791.9883520034383,7.100829100493158e-155,z=Phi^{-1}(u),0.8841697328647502,706.4396639136011,0.872,15750,16000,250,50,overlapping,RED,"['PIT_uniformity_warn', 'ACF_dependence_fail', 'coverage_warn']","Uniformity weakly rejected (min p=0.0327).; Independence strongly rejected (min Ljung-Box p=1.2e-157, |ACF lag-1|=0.8842).; Coverage mildly off-target by 0.028 (target=0.900)."
0.074,0.1230243374005592,0.2269613333326573,0.220846381989805,17.21663882680764,0.01,646.4210153454537,1.879602448138396e-137,835.0206075363543,6.084252621587928e-173,854.1680699425766,4.403974600383249e-168,z=Phi^{-1}(u),0.880555418207132,806.6256089383404,0.84,15800,16050,250,50,overlapping,RED,"['ACF_dependence_fail', 'undercoverage']","Independence strongly rejected (min Ljung-Box p=6.08e-173, |ACF lag-1|=0.8806).; Coverage off-target by 0.060 (target=0.900)."
0.12,0.0013550102442608,0.8205493333326572,0.0064816333297065,21.149473431537785,0.01,594.3700468614294,3.3287301524256703e-126,725.9772172914213,1.660389347440421e-149,778.4717200963792,5.239613762712285e-152,z=Phi^{-1}(u),0.8688486839800511,699.7941769083485,0.888,15850,16100,250,50,overlapping,RED,"['PIT_uniformity_fail', 'ACF_dependence_fail']","Uniformity strongly rejected (min p=0.00136, KS=0.1200).; Independence strongly rejected (min Ljung-Box p=5.24e-152, |ACF lag-1|=0.8688)."
0.0539999999999999,0.4440650591425568,0.1703253333329334,0.3333256974909996,13.639107951335234,0.01,556.7564464565039,4.441487874669552e-118,632.6718763947132,1.7496024985053768e-129,667.6670405781939,1.5197879773995667e-128,z=Phi^{-1}(u),0.8925811259267562,818.8910363893564,0.868,15900,16150,250,50,overlapping,RED,"['ACF_dependence_fail', 'coverage_warn']","Independence strongly rejected (min Ljung-Box p=1.75e-129, |ACF lag-1|=0.8926).; Coverage mildly off-target by 0.032 (target=0.900)."
0.054,0.4440650591425542,0.0979813333331333,0.5952333507861891,9.243677240042416,0.01,598.2977551512997,4.716978457353315e-127,703.1733557684507,1.308335958407447e-144,746.8764476345223,2.62187228882026e-145,z=Phi^{-1}(u),0.8543284361422581,809.3430748902626,0.864,15950,16200,250,50,overlapping,RED,"['ACF_dependence_fail', 'coverage_warn']","Independence strongly rejected (min Ljung-Box p=2.62e-145, |ACF lag-1|=0.8543).; Coverage mildly off-target by 0.036 (target=0.900)."
0.1539999999999999,1.2117561490147267e-05,1.9491453333331528,1.571042744052953e-05,4.08901317023583,0.01,538.9821607833036,3.062713057076272e-114,557.6558286519694,2.0604484030992536e-113,709.4913077906056,2.170394111768166e-137,z=Phi^{-1}(u),0.885227543590141,1103.4497613674478,0.752,16000,16250,250,50,overlapping,RED,"['PIT_uniformity_fail', 'ACF_dependence_fail', 'undercoverage']","Uniformity strongly rejected (min p=1.21e-05, KS=0.1540).; Independence strongly rejected (min Ljung-Box p=2.17e-137, |ACF lag-1|=0.8852).; Coverage off-target by 0.148 (target=0.900)."
0.126,0.0006423606286764,1.3942573333331894,0.0002931006241655,3.322802936710332,0.01,466.46340694341575,1.3790926920501344e-98,481.9069512501605,3.2359076203170393e-97,629.5651793848405,1.6847987354541073e-120,z=Phi^{-1}(u),0.8721891097161506,1135.771300524403,0.752,16050,16300,250,50,overlapping,RED,"['PIT_uniformity_fail', 'ACF_dependence_fail', 'undercoverage']","Uniformity strongly rejected (min p=0.000293, KS=0.1260).; Independence strongly rejected (min Ljung-Box p=1.68e-120, |ACF lag-1|=0.8722).; Coverage off-target by 0.148 (target=0.900)."
0.148,3.036436222239841e-05,2.191373333333189,4.421819013722406e-06,3.838303928881032,0.01,485.36503610709167,1.1506007551006506e-102,496.41538594848,2.575403572986579e-100,584.4263373687713,5.476540265175075e-111,z=Phi^{-1}(u),0.8755020861249824,1195.2440280496564,0.744,16100,16350,250,50,overlapping,RED,"['PIT_uniformity_fail', 'ACF_dependence_fail', 'undercoverage']","Uniformity strongly rejected (min p=4.42e-06, KS=0.1480).; Independence strongly rejected (min Ljung-Box p=5.48e-111, |ACF lag-1|=0.8755).; Coverage off-target by 0.156 (target=0.900)."
0.196,6.8637322522079354e-09,3.4524253333331894,6.209708192095321e-09,6.1951183574705055,0.01,472.1849769115994,8.036712466403225e-100,481.90805007331744,3.23415963745734e-97,513.7172408742232,3.89609750209929e-96,z=Phi^{-1}(u),0.8710490232845418,1134.5732770820807,0.776,16150,16400,250,50,overlapping,RED,"['PIT_uniformity_fail', 'ACF_dependence_fail', 'undercoverage']","Uniformity strongly rejected (min p=6.21e-09, KS=0.1960).; Independence strongly rejected (min Ljung-Box p=8.04e-100, |ACF lag-1|=0.8710).; Coverage off-target by 0.124 (target=0.900)."
0.14,9.755941577025083e-05,1.4920053333332337,0.0001744963381796,4.0117165584685495,0.01,520.7996793425689,2.5829184723875226e-110,536.5478826181761,6.771889021270829e-109,544.1585714493807,1.6014620010992348e-102,z=Phi^{-1}(u),0.9001945777035713,1107.726183624524,0.804,16200,16450,250,50,overlapping,RED,"['PIT_uniformity_fail', 'ACF_dependence_fail', 'undercoverage']","Uniformity strongly rejected (min p=9.76e-05, KS=0.1400).; Independence strongly rejected (min Ljung-Box p=2.58e-110, |ACF lag-1|=0.9002).; Coverage off-target by 0.096 (target=0.900)."
0.064,0.2467324500849851,0.2071253333332973,0.2541611108772029,4.150706319278015,0.01,551.4481175307808,6.2229892837277366e-117,600.8762590616709,1.1428480680601511e-122,663.8243862454649,9.856288238900536e-128,z=Phi^{-1}(u),0.9052097253859598,855.2619705418981,0.924,16250,16500,250,50,overlapping,RED,"['ACF_dependence_fail', 'coverage_warn']","Independence strongly rejected (min Ljung-Box p=9.86e-128, |ACF lag-1|=0.9052).; Coverage mildly off-target by 0.024 (target=0.900)."
0.1039999999999999,0.008290637497102,0.6402893333333333,0.0177356503661417,1.8478057930427096,0.01,795.6391223700945,1.0155218787887648e-169,1057.685162319388,6.965795195421004e-221,1304.091776510469,3.934014607890743e-264,z=Phi^{-1}(u),0.942172102470928,749.3672263661474,0.956,16300,16550,250,50,overlapping,RED,"['PIT_uniformity_fail', 'ACF_dependence_fail', 'overcoverage']","Uniformity strongly rejected (min p=0.00829, KS=0.1040).; Independence strongly rejected (min Ljung-Box p=3.93e-264, |ACF lag-1|=0.9422).; Coverage off-target by 0.056 (target=0.900)."
0.174,4.333396074387833e-07,2.332985333333333,2.1106398929715557e-06,3.616524033565128,0.01,730.3978693482125,1.3123766734660217e-155,848.8945987275764,6.310536917297706e-176,855.95981330297,1.8320764257428663e-168,z=Phi^{-1}(u),0.9410440732695488,721.2753037193442,0.96,16350,16600,250,50,overlapping,RED,"['PIT_uniformity_fail', 'ACF_dependence_fail', 'overcoverage']","Uniformity strongly rejected (min p=4.33e-07, KS=0.1740).; Independence strongly rejected (min Ljung-Box p=6.31e-176, |ACF lag-1|=0.9410).; Coverage off-target by 0.060 (target=0.900)."
0.252,1.7707005604051638e-14,5.275541333333334,1.3642198481988999e-10,1.556400925074087,0.01,580.7932009271923,2.8539824127342014e-123,609.0946845263836,1.9810735949442093e-124,645.1149099389468,8.811064678379924e-124,z=Phi^{-1}(u),0.928667198820832,615.2574186173242,0.988,16400,16650,250,50,overlapping,RED,"['PIT_uniformity_fail', 'ACF_dependence_fail', 'overcoverage']","Uniformity strongly rejected (min p=1.77e-14, KS=0.2520).; Independence strongly rejected (min Ljung-Box p=1.98e-124, |ACF lag-1|=0.9287).; Coverage off-target by 0.088 (target=0.900)."
0.224,1.677696022970731e-11,3.909013333333333,7.218976527667563e-10,0.7404920879646397,0.05392888927081,530.0158366903986,2.6438167387530423e-112,554.9641164449516,7.763984967766735e-113,693.5756635122669,5.060060372354312e-134,z=Phi^{-1}(u),0.927519111505968,619.6881069282853,0.972,16450,16700,250,50,overlapping,RED,"['PIT_uniformity_fail', 'ACF_dependence_fail', 'overcoverage']","Uniformity strongly rejected (min p=1.68e-11, KS=0.2240).; Independence strongly rejected (min Ljung-Box p=5.06e-134, |ACF lag-1|=0.9275).; Coverage off-target by 0.072 (target=0.900)."
0.146,4.090430161748284e-05,1.556933333333333,0.0001237568767556,0.522747362740887,0.15,620.7454121242695,6.654764843987e-132,659.4395671243186,3.178123743499888e-135,679.46355263511,4.880355386774145e-131,z=Phi^{-1}(u),0.9315871750287243,610.3001248087138,0.972,16500,16750,250,50,overlapping,RED,"['PIT_uniformity_fail', 'ACF_dependence_fail', 'overcoverage']","Uniformity strongly rejected (min p=4.09e-05, KS=0.1460).; Independence strongly rejected (min Ljung-Box p=3.18e-135, |ACF lag-1|=0.9316).; Coverage off-target by 0.072 (target=0.900)."
0.13,0.0003826527409824,1.285033333333233,0.0005243964730934,7.53108086799557,0.01,652.6358797961618,8.525883395830494e-139,874.2391585384836,2.226136621123791e-181,990.3406651160884,4.4795581675439737e-197,z=Phi^{-1}(u),0.8949448238979524,928.7956666431344,0.872,16550,16800,250,50,overlapping,RED,"['PIT_uniformity_fail', 'ACF_dependence_fail', 'coverage_warn']","Uniformity strongly rejected (min p=0.000383, KS=0.1300).; Independence strongly rejected (min Ljung-Box p=4.48e-197, |ACF lag-1|=0.8949).; Coverage mildly off-target by 0.028 (target=0.900)."
0.144,5.48765939262634e-05,1.4926773333332333,0.0001738763135009,5.248034983916085,0.01,627.703626561799,2.086479376729474e-133,829.5764419700138,9.016896288248277e-172,887.8080516903502,3.087769613257061e-175,z=Phi^{-1}(u),0.8820815899268698,1009.9421691571916,0.864,16600,16850,250,50,overlapping,RED,"['PIT_uniformity_fail', 'ACF_dependence_fail', 'coverage_warn']","Uniformity strongly rejected (min p=5.49e-05, KS=0.1440).; Independence strongly rejected (min Ljung-Box p=3.09e-175, |ACF lag-1|=0.8821).; Coverage mildly off-target by 0.036 (target=0.900)."
0.208,5.773604210119922e-10,3.631125333333189,2.475398108714444e-09,3.8201288055196017,0.01,544.8978899608802,1.6166162816578838e-115,702.4663925653673,1.8556324917039412e-144,714.1454567741163,2.2458778965515247e-138,z=Phi^{-1}(u),0.858382805418276,1232.0548514562208,0.808,16650,16900,250,50,overlapping,RED,"['PIT_uniformity_fail', 'ACF_dependence_fail', 'undercoverage']","Uniformity strongly rejected (min p=5.77e-10, KS=0.2080).; Independence strongly rejected (min Ljung-Box p=1.86e-144, |ACF lag-1|=0.8584).; Coverage off-target by 0.092 (target=0.900)."
0.24,3.706006465531486e-13,4.8188893333331375,2.5424107263916085e-11,4.365972907738154,0.01,451.725406415244,2.084903426955865e-95,542.795026573613,3.120284394475623e-110,549.5427313834988,1.1849518130707672e-103,z=Phi^{-1}(u),0.832503191859214,1305.208095888176,0.8,16700,16950,250,50,overlapping,RED,"['PIT_uniformity_fail', 'ACF_dependence_fail', 'undercoverage']","Uniformity strongly rejected (min p=3.71e-13, KS=0.2400).; Independence strongly rejected (min Ljung-Box p=3.12e-110, |ACF lag-1|=0.8325).; Coverage off-target by 0.100 (target=0.900)."
0.206,8.815066355557134e-10,2.733529333333137,2.616363777852016e-07,2.957271707320615,0.01,528.2646330880818,6.314697434244529e-112,651.2674955963771,1.7993585311959658e-133,665.5093808554486,4.342100015948345e-128,z=Phi^{-1}(u),0.8577018505871061,1470.3604574986132,0.732,16750,17000,250,50,overlapping,RED,"['PIT_uniformity_fail', 'ACF_dependence_fail', 'undercoverage']","Uniformity strongly rejected (min p=8.82e-10, KS=0.2060).; Independence strongly rejected (min Ljung-Box p=1.8e-133, |ACF lag-1|=0.8577).; Coverage off-target by 0.168 (target=0.900)."
0.1479999999999999,3.03643622223989e-05,1.3881933333332532,0.0003027016767032,3.0373576101852398,0.01,427.8623523349914,2.9220465255658713e-90,449.95252049878655,2.1386660179887943e-90,514.6522147389016,2.4813141516594763e-96,z=Phi^{-1}(u),0.8536315497200481,1272.6493100309656,0.808,16800,17050,250,50,overlapping,RED,"['PIT_uniformity_fail', 'ACF_dependence_fail', 'undercoverage']","Uniformity strongly rejected (min p=3.04e-05, KS=0.1480).; Independence strongly rejected (min Ljung-Box p=2.48e-96, |ACF lag-1|=0.8536).; Coverage off-target by 0.092 (target=0.900)."
0.136,0.0001706166522264,1.0011213333332531,0.0024144222652998,4.234167049572136,0.01,428.0108883763754,2.71430092703636e-90,446.2109351504229,1.3433132789138467e-89,478.0997030235516,1.1096734363423984e-88,z=Phi^{-1}(u),0.8596633936288671,1207.0840184809529,0.816,16850,17100,250,50,overlapping,RED,"['PIT_uniformity_fail', 'ACF_dependence_fail', 'undercoverage']","Uniformity strongly rejected (min p=0.000171, KS=0.1360).; Independence strongly rejected (min Ljung-Box p=2.71e-90, |ACF lag-1|=0.8597).; Coverage off-target by 0.084 (target=0.900)."
0.132,0.000293531424011,1.2041053333332652,0.0008084063678817,5.894334587502925,0.01,431.98593468523165,3.7712202319441906e-91,445.2074242274728,2.1988388344031496e-89,586.4166463287921,2.087172189408859e-111,z=Phi^{-1}(u),0.8736184788547822,1002.711554675017,0.872,16900,17150,250,50,overlapping,RED,"['PIT_uniformity_fail', 'ACF_dependence_fail', 'coverage_warn']","Uniformity strongly rejected (min p=0.000294, KS=0.1320).; Independence strongly rejected (min Ljung-Box p=2.09e-111, |ACF lag-1|=0.8736).; Coverage mildly off-target by 0.028 (target=0.900)."
0.132,0.000293531424011,0.9333213333332696,0.0034916035224131,7.801300545561389,0.01,495.5213812638244,7.395001822645926e-105,510.0096379438844,3.203579805319639e-103,621.119826502573,1.018164640965234e-118,z=Phi^{-1}(u),0.9009983915134654,863.4261907827399,0.904,16950,17200,250,50,overlapping,RED,"['PIT_uniformity_fail', 'ACF_dependence_fail']","Uniformity strongly rejected (min p=0.000294, KS=0.1320).; Independence strongly rejected (min Ljung-Box p=1.02e-118, |ACF lag-1|=0.9010)."
0.0999999999999999,0.0125203447299346,0.9433173333332692,0.0033063456498664,11.66022582103824,0.01,472.6956100535951,6.235869008233375e-100,491.7795673854731,2.519231047600562e-99,518.3747982259018,4.115202664931687e-97,z=Phi^{-1}(u),0.8945684633264366,719.6902595409905,0.972,17000,17250,250,50,overlapping,RED,"['PIT_uniformity_fail', 'ACF_dependence_fail', 'overcoverage']","Uniformity strongly rejected (min p=0.00331, KS=0.1000).; Independence strongly rejected (min Ljung-Box p=6.24e-100, |ACF lag-1|=0.8946).; Coverage off-target by 0.072 (target=0.900)."
0.164,2.4133932149658096e-06,2.370741333333333,1.7332017590021565e-06,1.85182018749876,0.01,594.7152555425456,2.803460575052235e-126,694.8949878613844,7.831236108798392e-143,716.2473938331821,8.061408717567854e-139,z=Phi^{-1}(u),0.912362268082696,646.3835586258277,0.996,17050,17300,250,50,overlapping,RED,"['PIT_uniformity_fail', 'ACF_dependence_fail', 'overcoverage']","Uniformity strongly rejected (min p=1.73e-06, KS=0.1640).; Independence strongly rejected (min Ljung-Box p=7.83e-143, |ACF lag-1|=0.9124).; Coverage off-target by 0.096 (target=0.900)."
0.0959999999999999,0.0186040510745638,0.7103893333333333,0.0119527251730433,0.9965499987237648,0.0132824075255773,623.6383333555308,1.5774734377273654e-132,765.6605503615041,4.957781694899039e-158,794.7334153831281,1.856587977751224e-155,z=Phi^{-1}(u),0.9232117454019654,754.0584613631099,0.968,17100,17350,250,50,overlapping,RED,"['PIT_uniformity_warn', 'ACF_dependence_fail', 'overcoverage']","Uniformity weakly rejected (min p=0.012).; Independence strongly rejected (min Ljung-Box p=4.96e-158, |ACF lag-1|=0.9232).; Coverage off-target by 0.068 (target=0.900)."
0.064,0.2467324500849861,0.2503973333333333,0.1878789473226524,0.7790768537855115,0.0439423221280184,656.2610159414107,1.4032936385396819e-139,818.2133113522993,2.5039664292345568e-169,866.8846871252705,8.71148106875427e-171,z=Phi^{-1}(u),0.9266950108492168,799.7835816773623,0.968,17150,17400,250,50,overlapping,RED,"['ACF_dependence_fail', 'overcoverage']","Independence strongly rejected (min Ljung-Box p=8.71e-171, |ACF lag-1|=0.9267).; Coverage off-target by 0.068 (target=0.900)."
0.1099999999999999,0.0043334485784834,0.6327853333333334,0.0185062294702645,1.2003026885328725,0.01,688.3779883711203,1.5998146513452392e-146,860.6715280788142,1.8476384658959038e-178,919.388375697218,5.8664697572476764e-182,z=Phi^{-1}(u),0.929044730053827,781.3641737128258,0.968,17200,17450,250,50,overlapping,RED,"['PIT_uniformity_fail', 'ACF_dependence_fail', 'overcoverage']","Uniformity strongly rejected (min p=0.00433, KS=0.1100).; Independence strongly rejected (min Ljung-Box p=5.87e-182, |ACF lag-1|=0.9290).; Coverage off-target by 0.068 (target=0.900)."
0.096,0.0186040510745637,0.7116293333333332,0.0118700583656622,0.8021766098828209,0.0391298729410789,618.6401836602379,1.8970173751296527e-131,705.9677194695954,3.287009729253047e-145,726.020730641324,6.870395017249282e-141,z=Phi^{-1}(u),0.9257500475594578,738.230575629761,0.968,17250,17500,250,50,overlapping,RED,"['PIT_uniformity_warn', 'ACF_dependence_fail', 'overcoverage']","Uniformity weakly rejected (min p=0.0119).; Independence strongly rejected (min Ljung-Box p=3.29e-145, |ACF lag-1|=0.9258).; Coverage off-target by 0.068 (target=0.900)."
0.064,0.2467324500849861,0.2219373333333333,0.2287697157697119,1.335108670576517,0.01,855.0095778207216,1.4498644303384684e-182,1165.286966483059,4.4211708658932176e-244,1250.4180531227585,1.218767250286223e-252,z=Phi^{-1}(u),0.9534815172092942,951.906441025728,0.908,17300,17550,250,50,overlapping,RED,['ACF_dependence_fail'],"Independence strongly rejected (min Ljung-Box p=1.22e-252, |ACF lag-1|=0.9535)."
0.092,0.0272001300552789,0.5658093333333333,0.0271293530881305,1.301542868232275,0.01,840.247938580389,2.2670342498743487e-179,1193.183822917091,4.2544146841871e-250,1272.2189013571171,2.6265028580731078e-257,z=Phi^{-1}(u),0.938192809279038,900.9891716247788,0.916,17350,17600,250,50,overlapping,RED,"['PIT_uniformity_warn', 'ACF_dependence_fail']","Uniformity weakly rejected (min p=0.0271).; Independence strongly rejected (min Ljung-Box p=2.63e-257, |ACF lag-1|=0.9382)."
0.1499999999999999,2.244766886754412e-05,2.138453333333333,5.831042010351339e-06,0.4661410468413578,0.15,729.8540568668132,1.7205290223779945e-155,927.0007508879976,9.81950808414866e-193,976.7092704999266,3.6073886860355587e-194,z=Phi^{-1}(u),0.9276959548611374,985.3810021026228,0.876,17400,17650,250,50,overlapping,RED,"['PIT_uniformity_fail', 'ACF_dependence_fail', 'coverage_warn']","Uniformity strongly rejected (min p=5.83e-06, KS=0.1500).; Independence strongly rejected (min Ljung-Box p=3.61e-194, |ACF lag-1|=0.9277).; Coverage mildly off-target by 0.024 (target=0.900)."
0.098,0.0152929430424031,0.5077413333333333,0.0379874398778693,0.9073639425750456,0.0215403756874957,756.6851618998031,2.7090507907805702e-161,993.2667775314998,5.275906444347975e-207,1017.1542195853636,8.569481142587469e-203,z=Phi^{-1}(u),0.9314903835188264,1053.9247665024982,0.868,17450,17700,250,50,overlapping,RED,"['PIT_uniformity_warn', 'ACF_dependence_fail', 'coverage_warn']","Uniformity weakly rejected (min p=0.0153).; Independence strongly rejected (min Ljung-Box p=5.28e-207, |ACF lag-1|=0.9315).; Coverage mildly off-target by 0.032 (target=0.900)."
0.172,6.160263358135895e-07,2.1484453333332976,5.534210736346523e-06,1.6658453627734957,0.01,621.1388538719691,5.4715372880644486e-132,824.9422977459204,8.946249229961521e-171,954.8006964882832,1.6830322329509297e-189,z=Phi^{-1}(u),0.8795282858287755,1315.385005208172,0.8,17500,17750,250,50,overlapping,RED,"['PIT_uniformity_fail', 'ACF_dependence_fail', 'undercoverage']","Uniformity strongly rejected (min p=6.16e-07, KS=0.1720).; Independence strongly rejected (min Ljung-Box p=1.68e-189, |ACF lag-1|=0.8795).; Coverage off-target by 0.100 (target=0.900)."
0.1999999999999999,3.058649177480617e-09,4.27058533333327,8.780343119241252e-11,2.5735947199424345,0.01,457.9347769042427,9.540978446760464e-97,525.5603241605311,1.5164237397059775e-106,572.2097170650384,2.0371983930531224e-108,z=Phi^{-1}(u),0.8022575422577758,1128.614621480594,0.844,17550,17800,250,50,overlapping,RED,"['PIT_uniformity_fail', 'ACF_dependence_fail', 'undercoverage']","Uniformity strongly rejected (min p=8.78e-11, KS=0.2000).; Independence strongly rejected (min Ljung-Box p=2.04e-108, |ACF lag-1|=0.8023).; Coverage off-target by 0.056 (target=0.900)."
0.2519999999999999,1.7707005604051887e-14,7.30442133333327,4.3574988062289316e-10,3.7718660225644953,0.01,399.7856427399733,3.2996293890092016e-84,439.3118634819383,3.975080730530219e-88,452.099089656267,2.975516244775746e-83,z=Phi^{-1}(u),0.7836236953599612,1079.1921341525042,0.868,17600,17850,250,50,overlapping,RED,"['PIT_uniformity_fail', 'ACF_dependence_fail', 'coverage_warn']","Uniformity strongly rejected (min p=1.77e-14, KS=0.2520).; Independence strongly rejected (min Ljung-Box p=3.98e-88, |ACF lag-1|=0.7836).; Coverage mildly off-target by 0.032 (target=0.900)."
0.316,1.0838233075426612e-22,12.876681333333234,3.6731594432737324e-09,6.75504963012844,0.01,295.3476812874371,1.0018181132387825e-61,311.6261754370452,5.403319404902169e-61,322.8983609495264,1.6627090934999984e-56,z=Phi^{-1}(u),0.7194437821159476,1101.109873412882,0.88,17650,17900,250,50,overlapping,RED,"['PIT_uniformity_fail', 'ACF_dependence_fail', 'coverage_warn']","Uniformity strongly rejected (min p=1.08e-22, KS=0.3160).; Independence strongly rejected (min Ljung-Box p=1e-61, |ACF lag-1|=0.7194).; Coverage mildly off-target by 0.020 (target=0.900)."
0.352,3.3190780094590156e-28,13.805501333333233,4.385238838722216e-10,5.697213287355197,0.01,313.1883964357527,1.461115330025879e-65,330.6252636666641,5.119421242710874e-65,336.5618752287815,2.5988890870308582e-59,z=Phi^{-1}(u),0.7360269834767043,1215.9508580471004,0.848,17700,17950,250,50,overlapping,RED,"['PIT_uniformity_fail', 'ACF_dependence_fail', 'undercoverage']","Uniformity strongly rejected (min p=3.32e-28, KS=0.3520).; Independence strongly rejected (min Ljung-Box p=1.46e-65, |ACF lag-1|=0.7360).; Coverage off-target by 0.052 (target=0.900)."
0.294,1.2123370693895142e-19,9.551517333333138,8.02558464130243e-10,8.103264018378354,0.01,474.9133984325018,2.0717950538284327e-100,526.0802464491805,1.1739024091510092e-106,563.0213869733179,1.742646791609766e-106,z=Phi^{-1}(u),0.8265072363013775,1254.715811593882,0.848,17750,18000,250,50,overlapping,RED,"['PIT_uniformity_fail', 'ACF_dependence_fail', 'undercoverage']","Uniformity strongly rejected (min p=1.21e-19, KS=0.2940).; Independence strongly rejected (min Ljung-Box p=1.17e-106, |ACF lag-1|=0.8265).; Coverage off-target by 0.052 (target=0.900)."
0.266,4.177533392525463e-16,7.640949333333189,9.9890673510572e-10,5.848735489360081,0.01,506.539226309076,3.095370096205986e-107,542.4426082637116,3.711904337090541e-110,570.7062342033353,4.219527870500564e-108,z=Phi^{-1}(u),0.8695751654028091,1294.151198266882,0.832,17800,18050,250,50,overlapping,RED,"['PIT_uniformity_fail', 'ACF_dependence_fail', 'undercoverage']","Uniformity strongly rejected (min p=4.18e-16, KS=0.2660).; Independence strongly rejected (min Ljung-Box p=3.71e-110, |ACF lag-1|=0.8696).; Coverage off-target by 0.068 (target=0.900)."
0.2339999999999999,1.5990656520224916e-12,5.380709333333174,2.0101842412856288e-10,4.915776845598145,0.01,486.3852269393182,6.930351188765529e-103,534.4035660010737,1.9472059767611057e-108,547.5635185321679,3.086252042191762e-103,z=Phi^{-1}(u),0.8592459403989517,1487.4702575900967,0.78,17850,18100,250,50,overlapping,RED,"['PIT_uniformity_fail', 'ACF_dependence_fail', 'undercoverage']","Uniformity strongly rejected (min p=1.6e-12, KS=0.2340).; Independence strongly rejected (min Ljung-Box p=1.95e-108, |ACF lag-1|=0.8592).; Coverage off-target by 0.120 (target=0.900)."
0.192,1.514511144371369e-08,4.032729333333217,5.761239263435414e-10,4.746550330199511,0.01,512.9581597307864,1.2735912515816145e-108,558.2228679454647,1.558080394753012e-113,573.0840457755316,1.3338951809276844e-108,z=Phi^{-1}(u),0.8800887852712151,1448.7189127346248,0.788,17900,18150,250,50,overlapping,RED,"['PIT_uniformity_fail', 'ACF_dependence_fail', 'undercoverage']","Uniformity strongly rejected (min p=5.76e-10, KS=0.1920).; Independence strongly rejected (min Ljung-Box p=1.56e-113, |ACF lag-1|=0.8801).; Coverage off-target by 0.112 (target=0.900)."
0.122,0.0010608632709633,1.4975293333332171,0.000169464860935,5.553492415123316,0.01,507.0946203420498,2.348666590465158e-107,543.7854133495143,1.915532196636383e-110,574.1452129037996,7.978058595582699e-109,z=Phi^{-1}(u),0.8798472407779108,1414.3057363359533,0.804,17950,18200,250,50,overlapping,RED,"['PIT_uniformity_fail', 'ACF_dependence_fail', 'undercoverage']","Uniformity strongly rejected (min p=0.000169, KS=0.1220).; Independence strongly rejected (min Ljung-Box p=1.92e-110, |ACF lag-1|=0.8798).; Coverage off-target by 0.096 (target=0.900)."
0.06,0.3164237517245062,0.2241333333333173,0.2252659148645779,2.118405140656108,0.01,434.3528960922787,1.1642494227089729e-91,446.006131146359,1.4854430920987157e-89,459.644319870015,7.934837723418604e-85,z=Phi^{-1}(u),0.8596025568957781,1180.2778139395346,0.872,18000,18250,250,50,overlapping,RED,"['ACF_dependence_fail', 'coverage_warn']","Independence strongly rejected (min Ljung-Box p=1.16e-91, |ACF lag-1|=0.8596).; Coverage mildly off-target by 0.028 (target=0.900)."
0.0499999999999999,0.5427406465653775,0.1398333333333173,0.4223310419906898,2.6478823725750544,0.01,471.7922604663307,9.768232439643564e-100,516.8200633785951,1.1213054027404385e-104,532.6141463657995,4.244839940762104e-100,z=Phi^{-1}(u),0.8652095218690266,1137.3413760776389,0.896,18050,18300,250,50,overlapping,RED,['ACF_dependence_fail'],"Independence strongly rejected (min Ljung-Box p=1.12e-104, |ACF lag-1|=0.8652)."
0.1139999999999999,0.0027553557925281,1.3044493333333331,0.0004727876909909,1.652678012718923,0.01,758.5707910023259,1.059192905957128e-161,942.4569802558888,4.61823723311787e-196,1014.9810820581984,2.4917376396584167e-202,z=Phi^{-1}(u),0.9399006658314616,986.933729260453,0.944,18100,18350,250,50,overlapping,RED,"['PIT_uniformity_fail', 'ACF_dependence_fail', 'coverage_warn']","Uniformity strongly rejected (min p=0.000473, KS=0.1140).; Independence strongly rejected (min Ljung-Box p=2.49e-202, |ACF lag-1|=0.9399).; Coverage mildly off-target by 0.044 (target=0.900)."
0.24,3.706006465531515e-13,5.432673333333334,2.422269052004822e-10,1.6902154004758074,0.01,738.1267354777106,2.7963726893999515e-157,981.657284750371,1.670643878870007e-204,1124.605404571773,9.817533672651024e-226,z=Phi^{-1}(u),0.9308759992279114,899.3987231443917,0.964,18150,18400,250,50,overlapping,RED,"['PIT_uniformity_fail', 'ACF_dependence_fail', 'overcoverage']","Uniformity strongly rejected (min p=3.71e-13, KS=0.2400).; Independence strongly rejected (min Ljung-Box p=9.82e-226, |ACF lag-1|=0.9309).; Coverage off-target by 0.064 (target=0.900)."
0.244,1.3683653881163276e-13,5.727705333333335,6.60091314941269e-10,0.2499912766394345,0.15,760.938822147316,3.256782340682172e-162,1065.0651787047282,1.788449801264497e-222,1153.0450014744672,8.20094018989901e-232,z=Phi^{-1}(u),0.9215034982886292,760.7508864556436,0.988,18200,18450,250,50,overlapping,RED,"['PIT_uniformity_fail', 'ACF_dependence_fail', 'overcoverage']","Uniformity strongly rejected (min p=1.37e-13, KS=0.2440).; Independence strongly rejected (min Ljung-Box p=8.2e-232, |ACF lag-1|=0.9215).; Coverage off-target by 0.088 (target=0.900)."
0.244,1.3683653881163276e-13,5.362033333333334,1.8783263833199726e-10,0.1687245754533819,0.15,658.3695702056531,4.913208353913192e-140,938.5809767930368,3.154974358090119e-195,1113.6476035520411,2.1540535811619294e-223,z=Phi^{-1}(u),0.9046874814069694,731.5203484065707,0.984,18250,18500,250,50,overlapping,RED,"['PIT_uniformity_fail', 'ACF_dependence_fail', 'overcoverage']","Uniformity strongly rejected (min p=1.37e-13, KS=0.2440).; Independence strongly rejected (min Ljung-Box p=2.15e-223, |ACF lag-1|=0.9047).; Coverage off-target by 0.084 (target=0.900)."
0.2239999999999999,1.6776960229707538e-11,4.286337333333334,8.106715299049938e-11,1.1413311481386188,0.01,481.3574405593871,8.429155673491373e-102,523.6220352694828,3.938407835490721e-106,527.6922130162621,4.576126683387277e-99,z=Phi^{-1}(u),0.8740335106513466,743.7247940015681,0.964,18300,18550,250,50,overlapping,RED,"['PIT_uniformity_fail', 'ACF_dependence_fail', 'overcoverage']","Uniformity strongly rejected (min p=1.68e-11, KS=0.2240).; Independence strongly rejected (min Ljung-Box p=3.94e-106, |ACF lag-1|=0.8740).; Coverage off-target by 0.064 (target=0.900)."
0.2079999999999999,5.773604210119955e-10,3.5065533333333336,4.691038113513457e-09,3.5841021157656314,0.01,470.184779223756,2.171011649952425e-99,488.8369818193274,1.0711727195632588e-98,525.3706499242038,1.4042757210672164e-98,z=Phi^{-1}(u),0.8729787440366839,771.3866730912382,0.932,18350,18600,250,50,overlapping,RED,"['PIT_uniformity_fail', 'ACF_dependence_fail', 'coverage_warn']","Uniformity strongly rejected (min p=5.77e-10, KS=0.2080).; Independence strongly rejected (min Ljung-Box p=2.17e-99, |ACF lag-1|=0.8730).; Coverage mildly off-target by 0.032 (target=0.900)."
0.15,2.244766886754376e-05,1.6045933333333329,9.620870543447511e-05,3.4364164092233125,0.01,526.7171006551872,1.3629847632000532e-111,559.795895660716,7.175992328798146e-114,583.1934060991612,9.954244566081105e-111,z=Phi^{-1}(u),0.8894223562754823,774.2604707974166,0.928,18400,18650,250,50,overlapping,RED,"['PIT_uniformity_fail', 'ACF_dependence_fail', 'coverage_warn']","Uniformity strongly rejected (min p=2.24e-05, KS=0.1500).; Independence strongly rejected (min Ljung-Box p=7.18e-114, |ACF lag-1|=0.8894).; Coverage mildly off-target by 0.028 (target=0.900)."
0.126,0.0006423606286764,1.4082493333333332,0.0002721006669291,1.499660443894555,0.01,476.9658533332328,7.472387614394858e-101,490.6219587909674,4.452073471918679e-99,510.678314953204,1.688211089634023e-95,z=Phi^{-1}(u),0.8840004443783259,796.4003123361312,0.928,18450,18700,250,50,overlapping,RED,"['PIT_uniformity_fail', 'ACF_dependence_fail', 'coverage_warn']","Uniformity strongly rejected (min p=0.000272, KS=0.1260).; Independence strongly rejected (min Ljung-Box p=7.47e-101, |ACF lag-1|=0.8840).; Coverage mildly off-target by 0.028 (target=0.900)."
0.058,0.35594570590954,0.2102493333333333,0.2485386372246107,0.992284090476886,0.0136773990299179,575.0144123894555,5.056006163037788e-122,656.7876577061267,1.177733268870726e-134,696.0839270581832,1.4912882104632668e-134,z=Phi^{-1}(u),0.9032393383613768,904.3578776180108,0.888,18500,18750,250,50,overlapping,RED,['ACF_dependence_fail'],"Independence strongly rejected (min Ljung-Box p=1.18e-134, |ACF lag-1|=0.9032)."
0.1080000000000001,0.0054015033651195,0.8914453333333172,0.0043897719718083,1.8051461671929587,0.01,533.3557652708905,5.0240265827817826e-113,636.2726543616884,2.9571137622349176e-130,662.5019562803886,1.875448252360926e-127,z=Phi^{-1}(u),0.8795811978211462,968.3924600074696,0.88,18550,18800,250,50,overlapping,RED,"['PIT_uniformity_fail', 'ACF_dependence_fail', 'coverage_warn']","Uniformity strongly rejected (min p=0.00439, KS=0.1080).; Independence strongly rejected (min Ljung-Box p=2.96e-130, |ACF lag-1|=0.8796).; Coverage mildly off-target by 0.020 (target=0.900)."
0.0779999999999999,0.0904978738065944,0.3303693333333173,0.1112139362975227,3.4742201421395578,0.01,504.39118710237017,9.003179575969943e-107,595.764560023568,1.4229454857261063e-121,647.7969087267502,2.392239220941855e-124,z=Phi^{-1}(u),0.8739293742939661,848.4287264367451,0.908,18600,18850,250,50,overlapping,RED,['ACF_dependence_fail'],"Independence strongly rejected (min Ljung-Box p=2.39e-124, |ACF lag-1|=0.8739)."
0.0739999999999999,0.1230243374005598,0.3337973333333173,0.1088238715994923,3.5854601126739567,0.01,461.3402475629189,1.7575592641880298e-97,540.9723294909387,7.658898508117563e-110,605.662481548454,1.845712213352557e-115,z=Phi^{-1}(u),0.8613506403469144,798.6161189553782,0.912,18650,18900,250,50,overlapping,RED,['ACF_dependence_fail'],"Independence strongly rejected (min Ljung-Box p=1.85e-115, |ACF lag-1|=0.8614)."
0.0859999999999999,0.046649053727069,0.6266573333333172,0.0191611442773218,3.1282634651616377,0.01,528.4676383196803,5.7084718965250605e-112,673.7361759469427,2.7217525275295984e-138,754.2826676619958,7.060490160708532e-147,z=Phi^{-1}(u),0.8730487729387438,784.7536937126519,0.912,18700,18950,250,50,overlapping,RED,"['PIT_uniformity_warn', 'ACF_dependence_fail']","Uniformity weakly rejected (min p=0.0192).; Independence strongly rejected (min Ljung-Box p=7.06e-147, |ACF lag-1|=0.8730)."
0.1599999999999999,4.659433156552697e-06,3.264345333333317,1.6509597133840262e-08,3.580478569780439,0.01,450.4268060403445,3.973802653685725e-95,524.8471447802917,2.1544460780330856e-106,593.2266549809774,7.686989162523246e-113,z=Phi^{-1}(u),0.8530786897706791,640.6648665910903,0.956,18750,19000,250,50,overlapping,RED,"['PIT_uniformity_fail', 'ACF_dependence_fail', 'overcoverage']","Uniformity strongly rejected (min p=1.65e-08, KS=0.1600).; Independence strongly rejected (min Ljung-Box p=7.69e-113, |ACF lag-1|=0.8531).; Coverage off-target by 0.056 (target=0.900)."
0.1619999999999999,3.360315096730206e-06,3.0906413333333327,4.0771115261684094e-08,1.285869614482749,0.01,561.4759708467152,4.247917042782295e-119,688.4371873540529,1.905248467770372e-141,760.7325593724698,3.0300516597574195e-148,z=Phi^{-1}(u),0.89734931075613,491.4287930308178,0.98,18800,19050,250,50,overlapping,RED,"['PIT_uniformity_fail', 'ACF_dependence_fail', 'overcoverage']","Uniformity strongly rejected (min p=4.08e-08, KS=0.1620).; Independence strongly rejected (min Ljung-Box p=3.03e-148, |ACF lag-1|=0.8973).; Coverage off-target by 0.080 (target=0.900)."
0.1959999999999999,6.863732252208013e-09,4.228729333333334,1.0874490197210207e-10,3.454259838739404,0.01,504.30635113255465,9.390931327631948e-107,591.1560139948623,1.381900820078485e-120,646.079278542343,5.513641415274648e-124,z=Phi^{-1}(u),0.8764527348358535,513.5140824332091,0.988,18850,19100,250,50,overlapping,RED,"['PIT_uniformity_fail', 'ACF_dependence_fail', 'overcoverage']","Uniformity strongly rejected (min p=1.09e-10, KS=0.1960).; Independence strongly rejected (min Ljung-Box p=5.51e-124, |ACF lag-1|=0.8765).; Coverage off-target by 0.088 (target=0.900)."
0.2259999999999999,1.0574852054710952e-11,3.855657333333313,8.701432907542993e-10,5.830221954567918,0.01,232.0668032947252,3.8563313905270686e-48,234.2374651244496,1.1097711877785071e-44,243.2790831343353,2.579941925764699e-40,z=Phi^{-1}(u),0.8183588932686546,690.8366810600213,0.92,18900,19150,250,50,overlapping,RED,"['PIT_uniformity_fail', 'ACF_dependence_fail', 'coverage_warn']","Uniformity strongly rejected (min p=1.06e-11, KS=0.2260).; Independence strongly rejected (min Ljung-Box p=3.86e-48, |ACF lag-1|=0.8184).; Coverage mildly off-target by 0.020 (target=0.900)."
0.118,0.001723677123827,0.6674813333332934,0.015209922758848,3.863886512397613,0.01,296.86366688496696,4.7305273984361845e-62,298.5934224890745,3.0829407568956392e-58,394.1830519233183,3.286062694192211e-71,z=Phi^{-1}(u),0.8106121896805132,790.9500506764222,0.896,18950,19200,250,50,overlapping,RED,"['PIT_uniformity_fail', 'ACF_dependence_fail']","Uniformity strongly rejected (min p=0.00172, KS=0.1180).; Independence strongly rejected (min Ljung-Box p=3.29e-71, |ACF lag-1|=0.8106)."
0.14,9.755941577025083e-05,1.1996133333332812,0.0008281040872217,3.225701984795734,0.01,282.3252434831675,6.3008958720275795e-59,282.42914873734014,7.998062729944753e-55,300.64058412060064,5.980567544171227e-52,z=Phi^{-1}(u),0.7953336378490813,998.6950298101344,0.844,19000,19250,250,50,overlapping,RED,"['PIT_uniformity_fail', 'ACF_dependence_fail', 'undercoverage']","Uniformity strongly rejected (min p=9.76e-05, KS=0.1400).; Independence strongly rejected (min Ljung-Box p=6.3e-59, |ACF lag-1|=0.7953).; Coverage off-target by 0.056 (target=0.900)."
0.098,0.0152929430424031,0.7604773333332613,0.0090395127114661,3.5160472910980047,0.01,282.1442787647365,6.891020572625657e-59,282.7859720631517,6.724798016069181e-55,299.69564956113584,9.326393821811036e-52,z=Phi^{-1}(u),0.7801682457493252,1084.663784070823,0.832,19050,19300,250,50,overlapping,RED,"['PIT_uniformity_fail', 'ACF_dependence_fail', 'undercoverage']","Uniformity strongly rejected (min p=0.00904, KS=0.0980).; Independence strongly rejected (min Ljung-Box p=6.89e-59, |ACF lag-1|=0.7802).; Coverage off-target by 0.068 (target=0.900)."
0.09,0.0326901325154183,0.5609533333332613,0.0278985115366641,4.50315182231563,0.01,267.98691950813924,7.5721921343743745e-56,268.07849010950423,8.497057772337962e-52,277.8202529174098,2.665654156600318e-47,z=Phi^{-1}(u),0.7756689609324222,1074.7064036449187,0.828,19100,19350,250,50,overlapping,RED,"['PIT_uniformity_warn', 'ACF_dependence_fail', 'undercoverage']","Uniformity weakly rejected (min p=0.0279).; Independence strongly rejected (min Ljung-Box p=7.57e-56, |ACF lag-1|=0.7757).; Coverage off-target by 0.072 (target=0.900)."
0.052,0.4922632346865272,0.1188573333333133,0.5003912570140854,3.1013411522970955,0.01,267.7908430765217,8.343068638144713e-56,296.4146576449584,8.901073321159387e-58,313.5267810277779,1.385047501560702e-54,z=Phi^{-1}(u),0.7561642334113492,898.6906205441439,0.896,19150,19400,250,50,overlapping,RED,['ACF_dependence_fail'],"Independence strongly rejected (min Ljung-Box p=8.9e-58, |ACF lag-1|=0.7562)."
0.1139999999999999,0.0027553557925281,1.097813333333317,0.0014312443889122,2.732515642217919,0.01,299.51930552109155,1.2705970336373167e-62,310.1799690839819,1.0931311787217767e-60,314.0631316921698,1.0755581204593035e-54,z=Phi^{-1}(u),0.7691821179002784,809.2526135440118,0.92,19200,19450,250,50,overlapping,RED,"['PIT_uniformity_fail', 'ACF_dependence_fail', 'coverage_warn']","Uniformity strongly rejected (min p=0.00143, KS=0.1140).; Independence strongly rejected (min Ljung-Box p=1.27e-62, |ACF lag-1|=0.7692).; Coverage mildly off-target by 0.020 (target=0.900)."
0.0919999999999999,0.0272001300552793,0.3265973333333293,0.1139114268835195,1.1330961032874995,0.01,300.3566311584527,8.394433753871244e-63,313.44878340639804,2.2230607531634528e-61,348.766531721114,7.997647878332979e-62,z=Phi^{-1}(u),0.7852034117217209,615.8690090864113,0.956,19250,19500,250,50,overlapping,RED,"['PIT_uniformity_warn', 'ACF_dependence_fail', 'overcoverage']","Uniformity weakly rejected (min p=0.0272).; Independence strongly rejected (min Ljung-Box p=8.39e-63, |ACF lag-1|=0.7852).; Coverage off-target by 0.056 (target=0.900)."
0.126,0.0006423606286764,0.8992733333333334,0.0042056060632335,0.5420015224428312,0.15,338.2860181057329,5.817214725583728e-71,371.1553224600527,1.2821784899170208e-73,446.322071839635,4.764192755541637e-82,z=Phi^{-1}(u),0.8554314101158151,611.1539634904515,0.924,19300,19550,250,50,overlapping,RED,"['PIT_uniformity_fail', 'ACF_dependence_fail', 'coverage_warn']","Uniformity strongly rejected (min p=0.000642, KS=0.1260).; Independence strongly rejected (min Ljung-Box p=4.76e-82, |ACF lag-1|=0.8554).; Coverage mildly off-target by 0.024 (target=0.900)."
0.0939999999999999,0.0225406568153297,0.6022613333333333,0.0220157044999794,0.5367453333638537,0.15,311.1958653427109,3.919457045824153e-65,316.8756074642143,4.18401703038631e-62,360.082498435288,3.713669592470976e-64,z=Phi^{-1}(u),0.845796234759335,667.4852116998612,0.908,19350,19600,250,50,overlapping,RED,"['PIT_uniformity_warn', 'ACF_dependence_fail']","Uniformity weakly rejected (min p=0.022).; Independence strongly rejected (min Ljung-Box p=3.92e-65, |ACF lag-1|=0.8458)."
0.124,0.0008271899609853,1.3008973333333331,0.0004818307897187,0.946733422275031,0.0178950534930526,346.3884190736555,1.048649198723533e-72,353.5342438064181,7.084218875037559e-70,380.5331967053074,2.206446376874852e-68,z=Phi^{-1}(u),0.8601997897385462,703.8596270432855,0.908,19400,19650,250,50,overlapping,RED,"['PIT_uniformity_fail', 'ACF_dependence_fail']","Uniformity strongly rejected (min p=0.000482, KS=0.1240).; Independence strongly rejected (min Ljung-Box p=1.05e-72, |ACF lag-1|=0.8602)."
0.122,0.0010608632709633,1.1342413333333332,0.0011763127453472,0.4653234616773147,0.15,354.018248655696,2.38751651230969e-74,362.3163851046202,9.675185856636693e-72,395.5634114229909,1.7003031728496293e-71,z=Phi^{-1}(u),0.8630819779358055,662.0783259834952,0.908,19450,19700,250,50,overlapping,RED,"['PIT_uniformity_fail', 'ACF_dependence_fail']","Uniformity strongly rejected (min p=0.00106, KS=0.1220).; Independence strongly rejected (min Ljung-Box p=2.39e-74, |ACF lag-1|=0.8631)."
0.156,8.848081887923624e-06,1.902133333333333,2.0103255630954383e-05,0.5073690758873113,0.15,366.5754456218112,4.7180938462547115e-77,372.5484590921669,6.484935276620482e-74,419.0996869907359,2.2102996773411587e-76,z=Phi^{-1}(u),0.8684491768211637,617.5435775972593,0.924,19500,19750,250,50,overlapping,RED,"['PIT_uniformity_fail', 'ACF_dependence_fail', 'coverage_warn']","Uniformity strongly rejected (min p=8.85e-06, KS=0.1560).; Independence strongly rejected (min Ljung-Box p=4.72e-77, |ACF lag-1|=0.8684).; Coverage mildly off-target by 0.024 (target=0.900)."
0.1499999999999999,2.244766886754412e-05,1.551753333333333,0.0001271930812061,0.8395615267375547,0.0313413485963427,286.711716403083,7.192254583770725e-60,302.1538414079351,5.448571381949654e-59,312.6579376661043,2.0862071247273503e-54,z=Phi^{-1}(u),0.8427298716620595,480.7062329211325,0.98,19550,19800,250,50,overlapping,RED,"['PIT_uniformity_fail', 'ACF_dependence_fail', 'overcoverage']","Uniformity strongly rejected (min p=2.24e-05, KS=0.1500).; Independence strongly rejected (min Ljung-Box p=7.19e-60, |ACF lag-1|=0.8427).; Coverage off-target by 0.080 (target=0.900)."
0.206,8.815066355556984e-10,3.320705333333333,1.23134650253931e-08,1.0210101633889508,0.011017577463986,429.42651372865214,1.3440019568219294e-90,449.84150118218025,2.258519024076481e-90,466.1039621097472,3.557538895974164e-86,z=Phi^{-1}(u),0.8952169708512913,370.6541332522594,1.0,19600,19850,250,50,overlapping,RED,"['PIT_uniformity_fail', 'ACF_dependence_fail', 'overcoverage']","Uniformity strongly rejected (min p=8.82e-10, KS=0.2060).; Independence strongly rejected (min Ljung-Box p=1.34e-90, |ACF lag-1|=0.8952).; Coverage off-target by 0.100 (target=0.900)."
0.2159999999999999,1.0183309459024968e-10,4.5857893333333335,2.334421544958332e-11,0.2367680742303548,0.15,323.51408580239,8.779877990516433e-68,326.05616812688004,4.757315281619631e-64,330.98772178793564,3.633544707218334e-58,z=Phi^{-1}(u),0.8433265709087174,299.79799958689244,1.0,19650,19900,250,50,overlapping,RED,"['PIT_uniformity_fail', 'ACF_dependence_fail', 'overcoverage']","Uniformity strongly rejected (min p=2.33e-11, KS=0.2160).; Independence strongly rejected (min Ljung-Box p=8.78e-68, |ACF lag-1|=0.8433).; Coverage off-target by 0.100 (target=0.900)."
0.174,4.333396074387833e-07,3.078065333333333,4.352903792970153e-08,0.3274815796911525,0.15,361.5426957293503,5.723451379990959e-76,362.9454672864751,7.112997606340534e-72,378.633423353322,5.454669940889936e-68,z=Phi^{-1}(u),0.8633941575414387,297.7198086027495,1.0,19700,19950,250,50,overlapping,RED,"['PIT_uniformity_fail', 'ACF_dependence_fail', 'overcoverage']","Uniformity strongly rejected (min p=4.35e-08, KS=0.1740).; Independence strongly rejected (min Ljung-Box p=5.72e-76, |ACF lag-1|=0.8634).; Coverage off-target by 0.100 (target=0.900)."
0.13,0.0003826527409824,1.5079813333333332,0.0001603405209383,0.9814687058707818,0.0146788235304831,313.27373595129575,1.4006499566029146e-65,320.83304734245195,6.076737982525813e-63,347.0316049720737,1.8210486989095123e-61,z=Phi^{-1}(u),0.8385413243290598,344.6636169439024,0.968,19750,20000,250,50,overlapping,RED,"['PIT_uniformity_fail', 'ACF_dependence_fail', 'overcoverage']","Uniformity strongly rejected (min p=0.00016, KS=0.1300).; Independence strongly rejected (min Ljung-Box p=1.4e-65, |ACF lag-1|=0.8385).; Coverage off-target by 0.068 (target=0.900)."
0.128,0.0004967972491749,1.1531493333333174,0.0010626147451282,3.4286269282766284,0.01,389.45430976162334,5.55796525609529e-82,465.3211734559148,1.1245263480308053e-93,496.1825193408481,1.832546660634205e-92,z=Phi^{-1}(u),0.7775123602673562,531.5676306059339,0.88,19800,20050,250,50,overlapping,RED,"['PIT_uniformity_fail', 'ACF_dependence_fail', 'coverage_warn']","Uniformity strongly rejected (min p=0.000497, KS=0.1280).; Independence strongly rejected (min Ljung-Box p=1.12e-93, |ACF lag-1|=0.7775).; Coverage mildly off-target by 0.020 (target=0.900)."
0.142,7.331959943971247e-05,1.8927333333333172,2.111964261475308e-05,1.623697020381201,0.01,363.8699353537964,1.8049335708369264e-76,428.3503818252783,8.628009183646556e-86,482.9209984202869,1.0897193187282785e-89,z=Phi^{-1}(u),0.7765074399697828,573.4697228765747,0.876,19850,20100,250,50,overlapping,RED,"['PIT_uniformity_fail', 'ACF_dependence_fail', 'coverage_warn']","Uniformity strongly rejected (min p=2.11e-05, KS=0.1420).; Independence strongly rejected (min Ljung-Box p=1.09e-89, |ACF lag-1|=0.7765).; Coverage mildly off-target by 0.024 (target=0.900)."
0.24,3.706006465531515e-13,5.614857333333318,4.536683251288309e-10,1.536990246619041,0.01,340.4216731931574,2.01854820585586e-71,386.77544458889486,6.127916689894751e-77,453.1122387476263,1.829234377548446e-83,z=Phi^{-1}(u),0.7817366150529964,692.3404242272526,0.832,19900,20150,250,50,overlapping,RED,"['PIT_uniformity_fail', 'ACF_dependence_fail', 'undercoverage']","Uniformity strongly rejected (min p=3.71e-13, KS=0.2400).; Independence strongly rejected (min Ljung-Box p=1.83e-83, |ACF lag-1|=0.7817).; Coverage off-target by 0.068 (target=0.900)."
0.26,2.136700911197207e-15,6.057277333333317,9.379275134335783e-12,2.07852579202995,0.01,359.520841258382,1.5597861024875158e-75,408.1085858472168,1.76877735529061e-81,477.6630984884581,1.36913732382109e-88,z=Phi^{-1}(u),0.7906107414781142,747.4289921581783,0.82,19950,20200,250,50,overlapping,RED,"['PIT_uniformity_fail', 'ACF_dependence_fail', 'undercoverage']","Uniformity strongly rejected (min p=2.14e-15, KS=0.2600).; Independence strongly rejected (min Ljung-Box p=1.37e-88, |ACF lag-1|=0.7906).; Coverage off-target by 0.080 (target=0.900)."
0.304,5.340517055476455e-21,9.340473333333254,5.348764764434576e-10,4.869795345612516,0.01,259.2327994999778,5.736971730214275e-54,274.97260324672345,2.9923408517698843e-53,343.65426399830466,9.030396304082428e-61,z=Phi^{-1}(u),0.7716916407329737,905.88482321605,0.8,20000,20250,250,50,overlapping,RED,"['PIT_uniformity_fail', 'ACF_dependence_fail', 'undercoverage']","Uniformity strongly rejected (min p=5.34e-21, KS=0.3040).; Independence strongly rejected (min Ljung-Box p=9.03e-61, |ACF lag-1|=0.7717).; Coverage off-target by 0.100 (target=0.900)."
0.262,1.2456066182227849e-15,6.870649333333303,1.342079780641825e-10,3.788964804440326,0.01,249.2986372822332,7.773257181213203e-52,254.7312294601752,5.489839944559486e-49,297.4188435348677,2.71967879578719e-51,z=Phi^{-1}(u),0.8060649242871465,797.9798815174662,0.86,20050,20300,250,50,overlapping,RED,"['PIT_uniformity_fail', 'ACF_dependence_fail', 'coverage_warn']","Uniformity strongly rejected (min p=1.25e-15, KS=0.2620).; Independence strongly rejected (min Ljung-Box p=7.77e-52, |ACF lag-1|=0.8061).; Coverage mildly off-target by 0.040 (target=0.900)."
0.244,1.3683653881163276e-13,5.363077333333174,1.88548621160578e-10,7.362347840236623,0.01,331.72241984233585,1.5041615744900704e-69,346.9896169335597,1.7344711214463084e-68,364.9733506559263,3.632436373252906e-65,z=Phi^{-1}(u),0.8332201584386324,1043.2394511865946,0.788,20100,20350,250,50,overlapping,RED,"['PIT_uniformity_fail', 'ACF_dependence_fail', 'undercoverage']","Uniformity strongly rejected (min p=1.37e-13, KS=0.2440).; Independence strongly rejected (min Ljung-Box p=1.5e-69, |ACF lag-1|=0.8332).; Coverage off-target by 0.112 (target=0.900)."
0.192,1.514511144371352e-08,3.0517013333328333,4.9931191403729265e-08,8.686162869657608,0.01,358.3572686230524,2.7773562329425943e-75,370.2081210039807,2.038054865238256e-73,414.7187100446771,1.7984512002630412e-75,z=Phi^{-1}(u),0.8353410633130747,1333.073069355642,0.752,20150,20400,250,50,overlapping,RED,"['PIT_uniformity_fail', 'ACF_dependence_fail', 'undercoverage']","Uniformity strongly rejected (min p=1.51e-08, KS=0.1920).; Independence strongly rejected (min Ljung-Box p=1.8e-75, |ACF lag-1|=0.8353).; Coverage off-target by 0.148 (target=0.900)."
0.152,1.6526799810662968e-05,2.2197453333326416,3.812551921944518e-06,7.032287684191601,0.01,371.02372881736295,5.195760554091405e-78,394.8912342615285,1.1504809163530928e-78,404.688576446676,2.176225339497336e-73,z=Phi^{-1}(u),0.8329339306282392,1528.502955780204,0.716,20200,20450,250,50,overlapping,RED,"['PIT_uniformity_fail', 'ACF_dependence_fail', 'undercoverage']","Uniformity strongly rejected (min p=3.81e-06, KS=0.1520).; Independence strongly rejected (min Ljung-Box p=1.15e-78, |ACF lag-1|=0.8329).; Coverage off-target by 0.184 (target=0.900)."
0.1399999999999999,9.755941577025124e-05,1.7029533333328497,5.72734306416578e-05,8.299435226450498,0.01,415.2004057259053,1.5693401334752026e-87,437.6504882989777,8.985809947632055e-88,453.2985002596855,1.6727162386848223e-83,z=Phi^{-1}(u),0.8418656358379194,1319.2960068010077,0.768,20250,20500,250,50,overlapping,RED,"['PIT_uniformity_fail', 'ACF_dependence_fail', 'undercoverage']","Uniformity strongly rejected (min p=5.73e-05, KS=0.1400).; Independence strongly rejected (min Ljung-Box p=8.99e-88, |ACF lag-1|=0.8419).; Coverage off-target by 0.132 (target=0.900)."
0.1659999999999999,1.7261388018052491e-06,2.6859213333328493,3.3525495823916174e-07,8.26487864562057,0.01,406.91920197462105,9.569669829788038e-86,456.14254258849127,1.0224135698958074e-91,465.0817415677601,5.8153851087600275e-86,z=Phi^{-1}(u),0.8389970838246761,1330.5385487253884,0.788,20300,20550,250,50,overlapping,RED,"['PIT_uniformity_fail', 'ACF_dependence_fail', 'undercoverage']","Uniformity strongly rejected (min p=3.35e-07, KS=0.1660).; Independence strongly rejected (min Ljung-Box p=1.02e-91, |ACF lag-1|=0.8390).; Coverage off-target by 0.112 (target=0.900)."
0.1619999999999999,3.360315096730206e-06,2.5755573333331374,5.957979989368312e-07,7.520965671690874,0.01,400.8457334919246,1.9497812602708881e-84,415.541604691185,4.621841048366746e-83,438.4309603733277,2.0995368188123057e-80,z=Phi^{-1}(u),0.8394181556145043,1119.852100305901,0.864,20350,20600,250,50,overlapping,RED,"['PIT_uniformity_fail', 'ACF_dependence_fail', 'coverage_warn']","Uniformity strongly rejected (min p=5.96e-07, KS=0.1620).; Independence strongly rejected (min Ljung-Box p=1.95e-84, |ACF lag-1|=0.8394).; Coverage mildly off-target by 0.036 (target=0.900)."
0.1259999999999999,0.0006423606286764,1.2248093333333174,0.0007235548107257,2.296555968313612,0.01,454.2353633555852,5.9930714296949145e-96,573.8817447481844,6.92143415863843e-117,623.3698118005718,3.414497624240723e-119,z=Phi^{-1}(u),0.8533300097692881,793.9625900819416,0.944,20400,20650,250,50,overlapping,RED,"['PIT_uniformity_fail', 'ACF_dependence_fail', 'coverage_warn']","Uniformity strongly rejected (min p=0.000642, KS=0.1260).; Independence strongly rejected (min Ljung-Box p=3.41e-119, |ACF lag-1|=0.8533).; Coverage mildly off-target by 0.044 (target=0.900)."
0.1219999999999999,0.0010608632709633,0.9832933333333334,0.0026598486135324,1.9233041572082072,0.01,432.36710796784,3.1209231717731647e-91,458.68388597319824,2.9335260481504913e-92,471.1754263211086,3.104614717635871e-87,z=Phi^{-1}(u),0.8775739008941607,586.7205461926018,0.988,20450,20700,250,50,overlapping,RED,"['PIT_uniformity_fail', 'ACF_dependence_fail', 'overcoverage']","Uniformity strongly rejected (min p=0.00106, KS=0.1220).; Independence strongly rejected (min Ljung-Box p=2.93e-92, |ACF lag-1|=0.8776).; Coverage off-target by 0.088 (target=0.900)."
0.1519999999999999,1.6526799810663036e-05,1.4262613333333332,0.0002472805872677,3.859056882051164,0.01,432.4293307116541,3.025971904690497e-91,447.6988724075158,6.46893659670707e-90,449.7868636837616,9.030373980572348e-83,z=Phi^{-1}(u),0.877485686541506,627.2777496841014,0.988,20500,20750,250,50,overlapping,RED,"['PIT_uniformity_fail', 'ACF_dependence_fail', 'overcoverage']","Uniformity strongly rejected (min p=1.65e-05, KS=0.1520).; Independence strongly rejected (min Ljung-Box p=3.03e-91, |ACF lag-1|=0.8775).; Coverage off-target by 0.088 (target=0.900)."
0.11,0.0043334485784834,1.1026173333333331,0.0013946600785903,2.267205437815335,0.01,376.5581850973293,3.3377311679863424e-79,384.0673207376589,2.3079814582435984e-76,393.571901601619,4.398986251856895e-71,z=Phi^{-1}(u),0.8555385404363716,565.5464726961517,0.996,20550,20800,250,50,overlapping,RED,"['PIT_uniformity_fail', 'ACF_dependence_fail', 'overcoverage']","Uniformity strongly rejected (min p=0.00139, KS=0.1100).; Independence strongly rejected (min Ljung-Box p=3.34e-79, |ACF lag-1|=0.8555).; Coverage off-target by 0.096 (target=0.900)."
0.12,0.0013550102442608,1.4802253333333333,0.0001857337430709,1.6352285744196138,0.01,409.7650834020568,2.330449084290031e-86,414.1212999678013,9.27494691269562e-83,426.55626369466233,6.221138699772646e-78,z=Phi^{-1}(u),0.8671766798524275,522.9011546079221,0.996,20600,20850,250,50,overlapping,RED,"['PIT_uniformity_fail', 'ACF_dependence_fail', 'overcoverage']","Uniformity strongly rejected (min p=0.000186, KS=0.1200).; Independence strongly rejected (min Ljung-Box p=2.33e-86, |ACF lag-1|=0.8672).; Coverage off-target by 0.096 (target=0.900)."
0.136,0.0001706166522264,1.4174453333333334,0.0002591303720961,1.6097228217022348,0.01,419.76377075370885,1.6288522782116208e-88,437.6024454597587,9.200252997582388e-88,447.4883505937995,2.7220012901414166e-82,z=Phi^{-1}(u),0.8759213096965989,462.97589611246207,0.996,20650,20900,250,50,overlapping,RED,"['PIT_uniformity_fail', 'ACF_dependence_fail', 'overcoverage']","Uniformity strongly rejected (min p=0.000171, KS=0.1360).; Independence strongly rejected (min Ljung-Box p=1.63e-88, |ACF lag-1|=0.8759).; Coverage off-target by 0.096 (target=0.900)."
0.0919999999999999,0.0272001300552793,0.6949133333333333,0.0130356530808478,1.1358628883513688,0.01,285.37412049796586,1.3941042604147953e-59,299.16664440317214,2.332387821051591e-58,311.22335784099806,4.102207094755453e-54,z=Phi^{-1}(u),0.8411943176789661,488.4957998833672,0.992,20700,20950,250,50,overlapping,RED,"['PIT_uniformity_warn', 'ACF_dependence_fail', 'overcoverage']","Uniformity weakly rejected (min p=0.013).; Independence strongly rejected (min Ljung-Box p=1.39e-59, |ACF lag-1|=0.8412).; Coverage off-target by 0.092 (target=0.900)."
0.0979999999999999,0.0152929430424032,0.6422213333333333,0.0175426736116826,1.928079439767373,0.01,308.98778898457846,1.1697543462400417e-64,355.08157132946644,3.325349896424789e-70,362.1661191943614,1.379663413408933e-64,z=Phi^{-1}(u),0.8471540191745693,536.4439148920497,0.976,20750,21000,250,50,overlapping,RED,"['PIT_uniformity_warn', 'ACF_dependence_fail', 'overcoverage']","Uniformity weakly rejected (min p=0.0153).; Independence strongly rejected (min Ljung-Box p=3.33e-70, |ACF lag-1|=0.8472).; Coverage off-target by 0.076 (target=0.900)."
0.068,0.1891189832154274,0.3471173333333293,0.1000621194180692,1.70939212518698,0.01,244.17752883316,9.754959046334778e-51,264.9579411266576,3.861019291072008e-51,272.5002348631665,3.2065359054932108e-46,z=Phi^{-1}(u),0.841448800166128,548.0379968687206,0.956,20800,21050,250,50,overlapping,RED,"['ACF_dependence_fail', 'overcoverage']","Independence strongly rejected (min Ljung-Box p=3.86e-51, |ACF lag-1|=0.8414).; Coverage off-target by 0.056 (target=0.900)."
0.078,0.090497873806594,0.3444333333333173,0.101762931549782,3.055604697313413,0.01,358.9592382045564,2.060643432829008e-75,368.2364595709648,5.347254844356191e-73,386.7378023453176,1.1461861468046904e-69,z=Phi^{-1}(u),0.785691118804843,620.1205373845941,0.908,20850,21100,250,50,overlapping,RED,['ACF_dependence_fail'],"Independence strongly rejected (min Ljung-Box p=2.06e-75, |ACF lag-1|=0.7857)."
0.036,0.8904321032285715,0.0836373333333173,0.6715102578435103,2.380048930933924,0.01,324.6481082309621,5.006153227499655e-68,330.6841788381112,4.974337296296468e-65,355.40733291184364,3.4215189082815965e-63,z=Phi^{-1}(u),0.7757918139587828,630.5314921014505,0.908,20900,21150,250,50,overlapping,RED,['ACF_dependence_fail'],"Independence strongly rejected (min Ljung-Box p=5.01e-68, |ACF lag-1|=0.7758)."
0.06,0.3164237517245062,0.1867493333333173,0.2947967727087429,3.237174626395017,0.01,360.11896652007096,1.1594731063198063e-75,367.65188084792607,7.117471334206446e-73,382.62710719594526,8.134643176676361e-69,z=Phi^{-1}(u),0.7850961200107837,591.8364490985474,0.9,20950,21200,250,50,overlapping,RED,['ACF_dependence_fail'],"Independence strongly rejected (min Ljung-Box p=1.16e-75, |ACF lag-1|=0.7851)."
0.056,0.398540394838254,0.1636613333332333,0.350674745976694,8.459467213462688,0.01,339.6406198836324,2.972727537741126e-71,350.05801690242924,3.873271254446136e-69,369.2576877402627,4.733946265833005e-66,z=Phi^{-1}(u),0.7539412199766103,606.005175619662,0.88,21000,21250,250,50,overlapping,RED,"['ACF_dependence_fail', 'coverage_warn']","Independence strongly rejected (min Ljung-Box p=2.97e-71, |ACF lag-1|=0.7539).; Coverage mildly off-target by 0.020 (target=0.900)."
0.104,0.008290637497102,0.8085013333332692,0.0069274597933338,4.73097282513055,0.01,277.4601909455486,6.991850245351229e-58,280.08250102921573,2.501285354085756e-54,290.9100652357438,5.781096694115887e-50,z=Phi^{-1}(u),0.7569921064927712,613.0537277773338,0.888,21050,21300,250,50,overlapping,RED,"['PIT_uniformity_fail', 'ACF_dependence_fail']","Uniformity strongly rejected (min p=0.00693, KS=0.1040).; Independence strongly rejected (min Ljung-Box p=6.99e-58, |ACF lag-1|=0.7570)."
0.072,0.1425669535852258,0.3233013333332973,0.1163281801217972,3.1498382547685253,0.01,313.76874972644384,1.0961266777288032e-65,316.3618756411094,5.374626012648107e-62,327.0083434258028,2.3848665524974522e-57,z=Phi^{-1}(u),0.7846425737210782,566.6733272889848,0.912,21100,21350,250,50,overlapping,RED,['ACF_dependence_fail'],"Independence strongly rejected (min Ljung-Box p=1.1e-65, |ACF lag-1|=0.7846)."
0.142,7.331959943971279e-05,0.9595973333332974,0.0030257288428777,2.8354399366110954,0.01,399.117924813392,4.595944399238853e-84,424.13660825771257,6.820679469429103e-85,445.9175253836581,5.785054596258605e-82,z=Phi^{-1}(u),0.8228455501272597,652.6251783519308,0.864,21150,21400,250,50,overlapping,RED,"['PIT_uniformity_fail', 'ACF_dependence_fail', 'coverage_warn']","Uniformity strongly rejected (min p=7.33e-05, KS=0.1420).; Independence strongly rejected (min Ljung-Box p=6.82e-85, |ACF lag-1|=0.8228).; Coverage mildly off-target by 0.036 (target=0.900)."
0.2279999999999999,6.637011217769186e-12,3.370201333333297,9.51873924126545e-09,3.253223734258114,0.01,475.4774985873997,1.5653954687945127e-100,539.6650170006372,1.4583378466384357e-109,612.0073966690869,8.491418215495717e-117,z=Phi^{-1}(u),0.8410061990391839,753.7972150016468,0.816,21200,21450,250,50,overlapping,RED,"['PIT_uniformity_fail', 'ACF_dependence_fail', 'undercoverage']","Uniformity strongly rejected (min p=6.64e-12, KS=0.2280).; Independence strongly rejected (min Ljung-Box p=8.49e-117, |ACF lag-1|=0.8410).; Coverage off-target by 0.084 (target=0.900)."
0.2159999999999999,1.0183309459024968e-10,4.955945333333334,3.99645871951293e-11,1.6997046717629587,0.01,541.3101168337021,9.624857965022363e-115,609.4370885321223,1.6730987811179967e-124,737.6368970657836,2.379210492344904e-143,z=Phi^{-1}(u),0.9059592674984392,671.209067801062,0.844,21250,21500,250,50,overlapping,RED,"['PIT_uniformity_fail', 'ACF_dependence_fail', 'undercoverage']","Uniformity strongly rejected (min p=4e-11, KS=0.2160).; Independence strongly rejected (min Ljung-Box p=2.38e-143, |ACF lag-1|=0.9060).; Coverage off-target by 0.056 (target=0.900)."
0.258,3.649208651851052e-15,8.004589333333328,2.502709151031013e-11,1.4803859893228264,0.01,437.78638054434526,2.1163143278927074e-92,458.2073627686996,3.7073869316236675e-92,472.0709045149534,2.018115811632877e-87,z=Phi^{-1}(u),0.8461029191992284,708.9646649658514,0.828,21300,21550,250,50,overlapping,RED,"['PIT_uniformity_fail', 'ACF_dependence_fail', 'undercoverage']","Uniformity strongly rejected (min p=3.65e-15, KS=0.2580).; Independence strongly rejected (min Ljung-Box p=2.12e-92, |ACF lag-1|=0.8461).; Coverage off-target by 0.072 (target=0.900)."
0.25,2.971646967744288e-14,7.030473333333314,2.1064239241752603e-10,2.2214103108496204,0.01,343.3379354885857,4.756694787742322e-72,355.40014759715706,2.8458264093759167e-70,417.1821177090314,5.533626493815414e-76,z=Phi^{-1}(u),0.7999333927675496,740.9874778262493,0.828,21350,21600,250,50,overlapping,RED,"['PIT_uniformity_fail', 'ACF_dependence_fail', 'undercoverage']","Uniformity strongly rejected (min p=2.97e-14, KS=0.2500).; Independence strongly rejected (min Ljung-Box p=5.53e-76, |ACF lag-1|=0.7999).; Coverage off-target by 0.072 (target=0.900)."
0.162,3.360315096730175e-06,2.548193333333313,6.870980981954489e-07,4.006326810198885,0.01,332.8446124416145,8.625818617213428e-70,343.500593284896,9.535552348483202e-68,371.30516185518775,1.7869470014575242e-66,z=Phi^{-1}(u),0.792653038177459,632.2341113038168,0.876,21400,21650,250,50,overlapping,RED,"['PIT_uniformity_fail', 'ACF_dependence_fail', 'coverage_warn']","Uniformity strongly rejected (min p=6.87e-07, KS=0.1620).; Independence strongly rejected (min Ljung-Box p=8.63e-70, |ACF lag-1|=0.7927).; Coverage mildly off-target by 0.024 (target=0.900)."
0.092,0.0272001300552789,0.3475373333333133,0.0997988183843575,5.841460683735164,0.01,242.77154442710585,1.9534396059338253e-50,260.6141747916444,3.172817378797685e-50,298.7632889723348,1.4457052177365616e-51,z=Phi^{-1}(u),0.7601622337081958,544.6043580943116,0.924,21450,21700,250,50,overlapping,RED,"['PIT_uniformity_warn', 'ACF_dependence_fail', 'coverage_warn']","Uniformity weakly rejected (min p=0.0272).; Independence strongly rejected (min Ljung-Box p=1.45e-51, |ACF lag-1|=0.7602).; Coverage mildly off-target by 0.024 (target=0.900)."
0.076,0.1057293785294717,0.2436773333333133,0.1967062421138956,5.214248223866605,0.01,230.1414570662123,9.974186610600563e-48,253.27293353855865,1.1125786791197062e-48,298.87425769262575,1.3722224515011863e-51,z=Phi^{-1}(u),0.7562176444985054,543.5253569702734,0.932,21500,21750,250,50,overlapping,RED,"['ACF_dependence_fail', 'coverage_warn']","Independence strongly rejected (min Ljung-Box p=1.37e-51, |ACF lag-1|=0.7562).; Coverage mildly off-target by 0.032 (target=0.900)."
0.122,0.0010608632709633,1.2277373333333172,0.000712303021184,4.983334899942776,0.01,243.17742310347785,1.59861484021077e-50,274.35844982396674,4.031968552103584e-53,326.6501628570604,2.824787499980906e-57,z=Phi^{-1}(u),0.7897857695003082,498.4532894133836,0.948,21550,21800,250,50,overlapping,RED,"['PIT_uniformity_fail', 'ACF_dependence_fail', 'coverage_warn']","Uniformity strongly rejected (min p=0.000712, KS=0.1220).; Independence strongly rejected (min Ljung-Box p=2.82e-57, |ACF lag-1|=0.7898).; Coverage mildly off-target by 0.048 (target=0.900)."
0.1279999999999999,0.0004967972491749,1.7400493333332974,4.711204305241079e-05,5.274622604012819,0.01,416.6153876322781,7.774336570280203e-88,423.196504160574,1.0817633650155584e-84,456.5360146920803,3.5326097212567783e-84,z=Phi^{-1}(u),0.8176147860918708,616.7906690164227,0.904,21600,21850,250,50,overlapping,RED,"['PIT_uniformity_fail', 'ACF_dependence_fail']","Uniformity strongly rejected (min p=4.71e-05, KS=0.1280).; Independence strongly rejected (min Ljung-Box p=7.77e-88, |ACF lag-1|=0.8176)."
0.19,2.23557420935436e-08,4.058293333333298,2.6319169066368886e-10,4.908096302372655,0.01,402.6474742815027,7.973516795248215e-85,409.9459924119112,7.185393043064917e-82,429.6740188327051,1.3969648097059195e-78,z=Phi^{-1}(u),0.8154392982900859,645.7135952020951,0.904,21650,21900,250,50,overlapping,RED,"['PIT_uniformity_fail', 'ACF_dependence_fail']","Uniformity strongly rejected (min p=2.63e-10, KS=0.1900).; Independence strongly rejected (min Ljung-Box p=7.97e-85, |ACF lag-1|=0.8154)."
0.2099999999999999,3.765531209202375e-10,5.034001333333298,5.3818616230216776e-11,4.60106977502079,0.01,421.2309893817664,7.862152795553875e-89,431.11271278895305,2.2242944808025792e-86,464.16912497438346,9.017940204300176e-86,z=Phi^{-1}(u),0.8196858900489384,641.1558122567891,0.908,21700,21950,250,50,overlapping,RED,"['PIT_uniformity_fail', 'ACF_dependence_fail']","Uniformity strongly rejected (min p=5.38e-11, KS=0.2100).; Independence strongly rejected (min Ljung-Box p=7.86e-89, |ACF lag-1|=0.8197)."
0.268,2.403343478947528e-16,9.011729333333298,2.7378210809558823e-10,4.737378524986752,0.01,437.8625480350284,2.037761840659029e-92,451.330935929101,1.086710154803146e-90,469.9877081335928,5.496616630012502e-87,z=Phi^{-1}(u),0.8171951275367505,681.9493419595638,0.896,21750,22000,250,50,overlapping,RED,"['PIT_uniformity_fail', 'ACF_dependence_fail']","Uniformity strongly rejected (min p=2.4e-16, KS=0.2680).; Independence strongly rejected (min Ljung-Box p=2.04e-92, |ACF lag-1|=0.8172)."
0.196,6.8637322522079354e-09,5.254341333333298,1.2596534926245795e-10,3.5031071526726407,0.01,429.9517221742696,1.0354875821786859e-90,451.9237832515201,8.121733900288596e-91,495.0863414144458,3.107980660326615e-92,z=Phi^{-1}(u),0.8269446502765695,685.5634553185857,0.9,21800,22050,250,50,overlapping,RED,"['PIT_uniformity_fail', 'ACF_dependence_fail']","Uniformity strongly rejected (min p=1.26e-10, KS=0.1960).; Independence strongly rejected (min Ljung-Box p=3.11e-92, |ACF lag-1|=0.8269)."
0.2279999999999999,6.637011217769186e-12,5.904677333333334,5.258349311532129e-12,0.8699530668757234,0.0250097777342242,323.37370666338546,9.412184496448666e-68,339.11495880987906,8.11866152956307e-67,349.24946199417644,6.360210961961703e-62,z=Phi^{-1}(u),0.8650536824554694,569.3038630524518,0.932,21850,22100,250,50,overlapping,RED,"['PIT_uniformity_fail', 'ACF_dependence_fail', 'coverage_warn']","Uniformity strongly rejected (min p=5.26e-12, KS=0.2280).; Independence strongly rejected (min Ljung-Box p=9.41e-68, |ACF lag-1|=0.8651).; Coverage mildly off-target by 0.032 (target=0.900)."
0.18,1.4711437559622018e-07,3.854369333333334,8.74492478430966e-10,0.6969774164214186,0.071910158503546,338.77265922386715,4.5706004734842025e-71,344.46295161291897,5.959419022297783e-68,351.82850592182194,1.8707938970904155e-62,z=Phi^{-1}(u),0.8658030374694957,539.6525776247771,0.932,21900,22150,250,50,overlapping,RED,"['PIT_uniformity_fail', 'ACF_dependence_fail', 'coverage_warn']","Uniformity strongly rejected (min p=8.74e-10, KS=0.1800).; Independence strongly rejected (min Ljung-Box p=4.57e-71, |ACF lag-1|=0.8658).; Coverage mildly off-target by 0.032 (target=0.900)."
0.182,1.0177424069145845e-07,3.5272813333333333,4.2144827627765835e-09,0.3398245678379226,0.15,268.6757608334835,5.3864365736096225e-56,280.5345624363273,2.0080784543584048e-54,284.12739000370806,1.3909527895064684e-48,z=Phi^{-1}(u),0.8361571016594813,517.5982291925773,0.936,21950,22200,250,50,overlapping,RED,"['PIT_uniformity_fail', 'ACF_dependence_fail', 'coverage_warn']","Uniformity strongly rejected (min p=4.21e-09, KS=0.1820).; Independence strongly rejected (min Ljung-Box p=5.39e-56, |ACF lag-1|=0.8362).; Coverage mildly off-target by 0.036 (target=0.900)."
0.17,8.72093384377922e-07,2.913929333333333,1.0228344959894997e-07,0.2423536611622694,0.15,223.07451923812783,3.26065422084878e-46,251.22129931004488,3.004844087801197e-48,267.37550592555993,3.509367656994805e-45,z=Phi^{-1}(u),0.7999922284916632,504.5621877712848,0.936,22000,22250,250,50,overlapping,RED,"['PIT_uniformity_fail', 'ACF_dependence_fail', 'coverage_warn']","Uniformity strongly rejected (min p=1.02e-07, KS=0.1700).; Independence strongly rejected (min Ljung-Box p=3e-48, |ACF lag-1|=0.8000).; Coverage mildly off-target by 0.036 (target=0.900)."
0.13,0.0003826527409824,1.4318453333333334,0.000240058701212,0.5585143356663025,0.15,292.79185443933466,3.54940976890655e-61,294.33454896569486,2.448964313658681e-57,342.1907565593969,1.8068563075715983e-60,z=Phi^{-1}(u),0.8350407592453888,520.8250237346517,0.896,22050,22300,250,50,overlapping,RED,"['PIT_uniformity_fail', 'ACF_dependence_fail']","Uniformity strongly rejected (min p=0.00024, KS=0.1300).; Independence strongly rejected (min Ljung-Box p=3.55e-61, |ACF lag-1|=0.8350)."
0.098,0.0152929430424031,0.6856133333333334,0.0137344554810122,0.451757731306202,0.15,286.44591118161907,8.20321141016637e-60,295.9991853916374,1.0895346985278621e-57,341.753295101125,2.2230414867510073e-60,z=Phi^{-1}(u),0.8395427944121896,464.9195025250395,0.916,22100,22350,250,50,overlapping,RED,"['PIT_uniformity_warn', 'ACF_dependence_fail']","Uniformity weakly rejected (min p=0.0137).; Independence strongly rejected (min Ljung-Box p=2.22e-60, |ACF lag-1|=0.8395)."
0.0799999999999999,0.0771476533902131,0.4101733333333334,0.0678470971151783,0.6732174998618632,0.0817283058422053,329.98350776249976,3.5603377547154357e-69,334.6545492193379,7.16452462849014e-66,379.294622418275,3.980826099572918e-68,z=Phi^{-1}(u),0.8569983149292617,502.8942853761317,0.904,22150,22400,250,50,overlapping,RED,['ACF_dependence_fail'],"Independence strongly rejected (min Ljung-Box p=3.56e-69, |ACF lag-1|=0.8570)."
0.0619999999999999,0.2800260038615038,0.2499413333333332,0.1884631887487807,0.5742883278730062,0.1390797658049956,390.1590990704576,3.91782095241906e-82,393.2393348627773,2.584282496364737e-78,448.3754232624303,1.7781478612091567e-82,z=Phi^{-1}(u),0.8775220418197981,515.0386343110597,0.892,22200,22450,250,50,overlapping,RED,['ACF_dependence_fail'],"Independence strongly rejected (min Ljung-Box p=1.78e-82, |ACF lag-1|=0.8775)."
0.142,7.331959943971247e-05,1.963461333333333,1.4574598520833426e-05,0.2232477023050876,0.15,441.524555087446,3.3064325460455656e-93,447.4520240335763,7.302668100045811e-90,552.9869451859109,2.2393860764842733e-104,z=Phi^{-1}(u),0.8927804410246741,489.0130632624699,0.888,22250,22500,250,50,overlapping,RED,"['PIT_uniformity_fail', 'ACF_dependence_fail']","Uniformity strongly rejected (min p=1.46e-05, KS=0.1420).; Independence strongly rejected (min Ljung-Box p=2.24e-104, |ACF lag-1|=0.8928)."
0.126,0.0006423606286764,1.1848333333333332,0.0008964018437035,0.2034542840789868,0.15,394.94537546487953,3.644353070409122e-83,398.67685515824206,1.800246711536672e-79,459.2480243645442,9.599226715762356e-85,z=Phi^{-1}(u),0.8844945455669376,443.27225151177487,0.928,22300,22550,250,50,overlapping,RED,"['PIT_uniformity_fail', 'ACF_dependence_fail', 'coverage_warn']","Uniformity strongly rejected (min p=0.000642, KS=0.1260).; Independence strongly rejected (min Ljung-Box p=9.6e-85, |ACF lag-1|=0.8845).; Coverage mildly off-target by 0.028 (target=0.900)."
0.1359999999999999,0.0001706166522264,2.349877333333301,1.9325430424821377e-06,3.905746134104504,0.01,341.16784354750786,1.394531339035481e-71,378.0304182076462,4.43355987652719e-75,542.4720683003691,3.61950465811833e-102,z=Phi^{-1}(u),0.8288588601632091,532.7985554657555,0.876,22350,22600,250,50,overlapping,RED,"['PIT_uniformity_fail', 'ACF_dependence_fail', 'coverage_warn']","Uniformity strongly rejected (min p=1.93e-06, KS=0.1360).; Independence strongly rejected (min Ljung-Box p=3.62e-102, |ACF lag-1|=0.8289).; Coverage mildly off-target by 0.024 (target=0.900)."
0.196,6.8637322522079354e-09,4.468113333333218,3.443401119795908e-11,8.530504988427992,0.01,271.72607173386774,1.1918866513755545e-56,296.28945150777787,9.460228423787618e-58,336.5512407842388,2.612006458014204e-59,z=Phi^{-1}(u),0.7843291192647507,550.879419920932,0.848,22400,22650,250,50,overlapping,RED,"['PIT_uniformity_fail', 'ACF_dependence_fail', 'undercoverage']","Uniformity strongly rejected (min p=3.44e-11, KS=0.1960).; Independence strongly rejected (min Ljung-Box p=2.61e-59, |ACF lag-1|=0.7843).; Coverage off-target by 0.052 (target=0.900)."
0.1579999999999999,6.434116740158383e-06,2.461681333333217,1.078592241743337e-06,8.441573189574683,0.01,282.36373579862993,6.182042513301496e-59,294.043784420966,2.8210842060700927e-57,318.65686191280577,1.2316851961358186e-55,z=Phi^{-1}(u),0.7856008872123492,538.1007016963108,0.864,22450,22700,250,50,overlapping,RED,"['PIT_uniformity_fail', 'ACF_dependence_fail', 'coverage_warn']","Uniformity strongly rejected (min p=1.08e-06, KS=0.1580).; Independence strongly rejected (min Ljung-Box p=6.18e-59, |ACF lag-1|=0.7856).; Coverage mildly off-target by 0.036 (target=0.900)."
0.09,0.032690132515418,0.5114653333332174,0.0371700399373481,5.861865724716296,0.01,271.4747687331901,1.3496040516406476e-56,278.01967548105563,6.813208670586e-54,294.2221287541223,1.2210588811274197e-50,z=Phi^{-1}(u),0.7839092596314101,580.016231914083,0.848,22500,22750,250,50,overlapping,RED,"['PIT_uniformity_warn', 'ACF_dependence_fail', 'undercoverage']","Uniformity weakly rejected (min p=0.0327).; Independence strongly rejected (min Ljung-Box p=1.35e-56, |ACF lag-1|=0.7839).; Coverage off-target by 0.052 (target=0.900)."
0.0779999999999999,0.0904978738065942,0.5394893333332174,0.0315809391249535,4.992169267979591,0.01,273.2670674169383,5.562487334387861e-57,281.0108395941659,1.5932499330952387e-54,304.57545755194417,9.392240885714242e-53,z=Phi^{-1}(u),0.7801308312525691,616.587175668319,0.828,22550,22800,250,50,overlapping,RED,"['PIT_uniformity_warn', 'ACF_dependence_fail', 'undercoverage']","Uniformity weakly rejected (min p=0.0316).; Independence strongly rejected (min Ljung-Box p=5.56e-57, |ACF lag-1|=0.7801).; Coverage off-target by 0.072 (target=0.900)."
0.0579999999999999,0.3559457059095411,0.1841773333332973,0.3004617543420435,2.950405851266339,0.01,238.77129137229787,1.408347822169547e-49,247.4890801662181,1.8300933588368469e-47,261.34055721411875,5.850328720138143e-44,z=Phi^{-1}(u),0.7636151475969954,529.2612886117291,0.888,22600,22850,250,50,overlapping,RED,['ACF_dependence_fail'],"Independence strongly rejected (min Ljung-Box p=1.41e-49, |ACF lag-1|=0.7636)."
0.0979999999999999,0.0152929430424032,0.5889093333333293,0.0237613747832368,0.6408122196167483,0.0951189175137403,281.6730077288246,8.700364037884445e-59,290.5062935134277,1.5764944369584648e-56,312.4208495462791,2.33289534227958e-54,z=Phi^{-1}(u),0.7743042546991945,563.7318737989563,0.88,22650,22900,250,50,overlapping,RED,"['PIT_uniformity_warn', 'ACF_dependence_fail', 'coverage_warn']","Uniformity weakly rejected (min p=0.0153).; Independence strongly rejected (min Ljung-Box p=8.7e-59, |ACF lag-1|=0.7743).; Coverage mildly off-target by 0.020 (target=0.900)."
0.166,1.7261388018052337e-06,2.286773333333329,2.68645641843257e-06,1.7287168889906752,0.01,295.7996530217771,8.010025322029565e-62,306.23483728854217,7.468894265423115e-60,322.11113349770795,2.41146750018023e-56,z=Phi^{-1}(u),0.775446153640122,576.2101884930396,0.884,22700,22950,250,50,overlapping,RED,"['PIT_uniformity_fail', 'ACF_dependence_fail']","Uniformity strongly rejected (min p=1.73e-06, KS=0.1660).; Independence strongly rejected (min Ljung-Box p=8.01e-62, |ACF lag-1|=0.7754)."
0.0539999999999999,0.4440650591425568,0.1873973333333292,0.2933898010745331,0.7065601104644941,0.0679503675766553,333.01587631603934,7.923990521068869e-70,347.1816405634294,1.5791564433027491e-68,363.17307162990943,8.548823770806122e-65,z=Phi^{-1}(u),0.790897077931766,532.3365709249709,0.896,22750,23000,250,50,overlapping,RED,['ACF_dependence_fail'],"Independence strongly rejected (min Ljung-Box p=7.92e-70, |ACF lag-1|=0.7909)."
0.032,0.9527777244177008,0.0359933333333133,0.9529049072849696,2.4624314865999395,0.01,397.7867067636356,8.89773647294624e-84,459.4058418496234,2.0574975955959656e-92,461.2000631916738,3.757168511051269e-85,z=Phi^{-1}(u),0.8190340186964099,553.5420338029709,0.88,22800,23050,250,50,overlapping,RED,"['ACF_dependence_fail', 'coverage_warn']","Independence strongly rejected (min Ljung-Box p=2.06e-92, |ACF lag-1|=0.8190).; Coverage mildly off-target by 0.020 (target=0.900)."
0.086,0.0466490537270688,0.6040653333333132,0.0217902606117186,2.3817453651428195,0.01,421.106058427696,8.365223916413974e-89,476.9480936024132,3.706002075493928e-96,480.7852570999602,3.046733671588307e-89,z=Phi^{-1}(u),0.8342828682158724,611.285535154467,0.86,22850,23100,250,50,overlapping,RED,"['PIT_uniformity_warn', 'ACF_dependence_fail', 'coverage_warn']","Uniformity weakly rejected (min p=0.0218).; Independence strongly rejected (min Ljung-Box p=3.71e-96, |ACF lag-1|=0.8343).; Coverage mildly off-target by 0.040 (target=0.900)."
0.072,0.1425669535852258,0.3977733333332334,0.0731596518715912,7.050002073282542,0.01,332.0201382610515,1.2978564132957955e-69,348.44495061305474,8.518710622806714e-69,375.6258343389846,2.2848531266337082e-67,z=Phi^{-1}(u),0.8270059853874019,604.6465677380777,0.888,22900,23150,250,50,overlapping,RED,['ACF_dependence_fail'],"Independence strongly rejected (min Ljung-Box p=1.3e-69, |ACF lag-1|=0.8270)."
0.0839999999999999,0.0553890740154743,0.3694213333332334,0.0870782052057259,7.231339945933598,0.01,293.4100212324763,2.61389123554752e-61,295.8853802845785,1.1515692812539353e-57,357.81666029996626,1.0896666040345209e-63,z=Phi^{-1}(u),0.8174226534673104,584.7513388444064,0.888,22950,23200,250,50,overlapping,RED,['ACF_dependence_fail'],"Independence strongly rejected (min Ljung-Box p=1.09e-63, |ACF lag-1|=0.8174)."
0.1079999999999999,0.0054015033651195,0.8017413333332333,0.007191198449697,7.639989677827259,0.01,262.1761244780746,1.3392029307908472e-54,264.5469822367395,4.712644951914318e-51,310.04463150446,7.148961656718955e-54,z=Phi^{-1}(u),0.836537291232465,575.2850351436263,0.904,23000,23250,250,50,overlapping,RED,"['PIT_uniformity_fail', 'ACF_dependence_fail']","Uniformity strongly rejected (min p=0.0054, KS=0.1080).; Independence strongly rejected (min Ljung-Box p=1.34e-54, |ACF lag-1|=0.8365)."
0.078,0.0904978738065936,0.4276333333332973,0.0610586014459899,6.130413947104444,0.01,285.6818668952743,1.1971986168210731e-59,289.54993249484806,2.510009310324175e-56,406.5880725760142,8.778964409129233e-74,z=Phi^{-1}(u),0.8207221544163787,506.6412442133998,0.948,23050,23300,250,50,overlapping,RED,"['ACF_dependence_fail', 'coverage_warn']","Independence strongly rejected (min Ljung-Box p=8.78e-74, |ACF lag-1|=0.8207).; Coverage mildly off-target by 0.048 (target=0.900)."
0.064,0.2467324500849855,0.2574733333331534,0.1790763887131433,14.631325468863224,0.01,486.6481361711031,6.081571505062176e-103,567.3292851738013,1.750516425153213e-115,619.926669279223,1.8172636421950705e-118,z=Phi^{-1}(u),0.90499774953932,658.1382695871711,0.92,23100,23350,250,50,overlapping,RED,"['ACF_dependence_fail', 'coverage_warn']","Independence strongly rejected (min Ljung-Box p=1.82e-118, |ACF lag-1|=0.9050).; Coverage mildly off-target by 0.020 (target=0.900)."
0.102,0.0102089770242199,0.6647013333331894,0.0154501777997226,16.092741504334185,0.01,669.4007443703124,2.0266009743432258e-142,833.700035120927,1.1701001131485476e-172,985.1913577215832,5.611238805429813e-196,z=Phi^{-1}(u),0.922083465045018,576.8043908590104,0.94,23150,23400,250,50,overlapping,RED,"['PIT_uniformity_warn', 'ACF_dependence_fail', 'coverage_warn']","Uniformity weakly rejected (min p=0.0102).; Independence strongly rejected (min Ljung-Box p=5.61e-196, |ACF lag-1|=0.9221).; Coverage mildly off-target by 0.040 (target=0.900)."
0.102,0.0102089770242199,0.6977093333331893,0.012832791034102,10.58715099555991,0.01,613.8946754971782,2.011616445885429e-130,729.8521828409441,2.4433967404644166e-150,812.9827076316587,2.4799669345180443e-159,z=Phi^{-1}(u),0.9135288575317476,666.7556112964221,0.896,23200,23450,250,50,overlapping,RED,"['PIT_uniformity_warn', 'ACF_dependence_fail']","Uniformity weakly rejected (min p=0.0102).; Independence strongly rejected (min Ljung-Box p=2.48e-159, |ACF lag-1|=0.9135)."
0.11,0.0043334485784834,1.100713333333185,0.0014090452592773,6.987420128649319,0.01,566.2248129565279,4.003549676756457e-120,616.1009034382844,6.241979801592473e-126,620.8827804460652,1.1423648432329258e-118,z=Phi^{-1}(u),0.8921716134622723,814.7124000947641,0.848,23250,23500,250,50,overlapping,RED,"['PIT_uniformity_fail', 'ACF_dependence_fail', 'undercoverage']","Uniformity strongly rejected (min p=0.00141, KS=0.1100).; Independence strongly rejected (min Ljung-Box p=6.24e-126, |ACF lag-1|=0.8922).; Coverage off-target by 0.052 (target=0.900)."
0.166,1.7261388018052337e-06,2.8397333333331853,1.5050349411183106e-07,4.398072432641925,0.01,533.3696583313232,4.9894421799947515e-113,578.2406571397929,8.068061444903903e-118,582.3481847005854,1.4993285847650417e-110,z=Phi^{-1}(u),0.883502197693383,968.0889361829534,0.8,23300,23550,250,50,overlapping,RED,"['PIT_uniformity_fail', 'ACF_dependence_fail', 'undercoverage']","Uniformity strongly rejected (min p=1.51e-07, KS=0.1660).; Independence strongly rejected (min Ljung-Box p=8.07e-118, |ACF lag-1|=0.8835).; Coverage off-target by 0.100 (target=0.900)."
0.074,0.1230243374005586,0.5202293333333293,0.0353184333256261,0.7507659368410202,0.0498404298247874,387.525612484929,1.4471367493693536e-81,402.1505539044392,3.2811228641347142e-80,521.0163675940669,1.1496630135456412e-97,z=Phi^{-1}(u),0.8398784013417446,811.9117265255961,0.836,23350,23600,250,50,overlapping,RED,"['PIT_uniformity_warn', 'ACF_dependence_fail', 'undercoverage']","Uniformity weakly rejected (min p=0.0353).; Independence strongly rejected (min Ljung-Box p=1.15e-97, |ACF lag-1|=0.8399).; Coverage off-target by 0.064 (target=0.900)."
0.128,0.0004967972491749,1.4969973333333293,0.0001699430090262,1.5824505852879156,0.01,374.5721233919865,8.93907356669324e-79,388.5150879110069,2.6140232759024948e-77,482.6433788223582,1.2455493281000668e-89,z=Phi^{-1}(u),0.8414215999010975,892.8212792031617,0.816,23400,23650,250,50,overlapping,RED,"['PIT_uniformity_fail', 'ACF_dependence_fail', 'undercoverage']","Uniformity strongly rejected (min p=0.00017, KS=0.1280).; Independence strongly rejected (min Ljung-Box p=1.25e-89, |ACF lag-1|=0.8414).; Coverage off-target by 0.084 (target=0.900)."
0.118,0.001723677123827,0.7554813333333293,0.0092941245267184,0.780386632355885,0.0436694515925239,411.0760459582853,1.215733640330721e-86,440.8568958472532,1.861732577762161e-88,494.8249216358193,3.525242921239138e-92,z=Phi^{-1}(u),0.8374507429717584,832.8818100416688,0.856,23450,23700,250,50,overlapping,RED,"['PIT_uniformity_fail', 'ACF_dependence_fail', 'coverage_warn']","Uniformity strongly rejected (min p=0.00172, KS=0.1180).; Independence strongly rejected (min Ljung-Box p=3.53e-92, |ACF lag-1|=0.8375).; Coverage mildly off-target by 0.044 (target=0.900)."
0.134,0.0002242473030294,0.9551853333333332,0.0030992997518163,1.3911420949732758,0.01,480.8086535458128,1.107163150159394e-101,595.1074740727657,1.9677145845932065e-121,604.0084521104035,4.117932174710423e-115,z=Phi^{-1}(u),0.8724843543132552,784.5437512608572,0.864,23500,23750,250,50,overlapping,RED,"['PIT_uniformity_fail', 'ACF_dependence_fail', 'coverage_warn']","Uniformity strongly rejected (min p=0.000224, KS=0.1340).; Independence strongly rejected (min Ljung-Box p=1.97e-121, |ACF lag-1|=0.8725).; Coverage mildly off-target by 0.036 (target=0.900)."
0.174,4.333396074387789e-07,2.260657333333333,3.078971820502652e-06,2.082021826607445,0.01,448.7085588270214,9.329109189927424e-95,501.8688049686919,1.760165944512668e-101,530.0875815885771,1.4387459616020664e-99,z=Phi^{-1}(u),0.8683029999749495,711.1119901903497,0.904,23550,23800,250,50,overlapping,RED,"['PIT_uniformity_fail', 'ACF_dependence_fail']","Uniformity strongly rejected (min p=4.33e-07, KS=0.1740).; Independence strongly rejected (min Ljung-Box p=1.76e-101, |ACF lag-1|=0.8683)."
0.166,1.7261388018052337e-06,1.8933253333333333,2.1054137220977157e-05,1.7397079056107143,0.01,474.4964141589184,2.548730704942017e-100,522.746193868823,6.061921276908968e-106,532.7692694203989,3.938316460574583e-100,z=Phi^{-1}(u),0.8716219796388991,670.1934905689534,0.916,23600,23850,250,50,overlapping,RED,"['PIT_uniformity_fail', 'ACF_dependence_fail']","Uniformity strongly rejected (min p=1.73e-06, KS=0.1660).; Independence strongly rejected (min Ljung-Box p=6.06e-106, |ACF lag-1|=0.8716)."
0.154,1.211756149014716e-05,1.4660333333333333,0.000200243611314,2.152438073602582,0.01,520.3575476798186,3.217860521755909e-110,616.4075986636087,5.365201848915449e-126,626.4283451506806,7.731127271772172e-120,z=Phi^{-1}(u),0.8734426959918749,623.5019248607548,0.936,23650,23900,250,50,overlapping,RED,"['PIT_uniformity_fail', 'ACF_dependence_fail', 'coverage_warn']","Uniformity strongly rejected (min p=1.21e-05, KS=0.1540).; Independence strongly rejected (min Ljung-Box p=5.37e-126, |ACF lag-1|=0.8734).; Coverage mildly off-target by 0.036 (target=0.900)."
0.11,0.0043334485784834,0.4675013333333334,0.0481320069069176,2.036174410944284,0.01,560.5374029692778,6.77481536440467e-119,690.4976799977708,6.881732546453692e-142,721.2422358342197,7.061233471758991e-140,z=Phi^{-1}(u),0.8905912107001288,676.2146578771244,0.92,23700,23950,250,50,overlapping,RED,"['PIT_uniformity_fail', 'ACF_dependence_fail', 'coverage_warn']","Uniformity strongly rejected (min p=0.00433, KS=0.1100).; Independence strongly rejected (min Ljung-Box p=6.88e-142, |ACF lag-1|=0.8906).; Coverage mildly off-target by 0.020 (target=0.900)."
0.118,0.001723677123827,1.0178093333333331,0.0022055099745812,1.2891258995362875,0.01,479.564803731884,2.054138540722728e-101,560.3976170391728,5.334324074988198e-114,592.2803334432558,1.2162667663235983e-112,z=Phi^{-1}(u),0.8727974203301339,691.0614478323434,0.924,23750,24000,250,50,overlapping,RED,"['PIT_uniformity_fail', 'ACF_dependence_fail', 'coverage_warn']","Uniformity strongly rejected (min p=0.00172, KS=0.1180).; Independence strongly rejected (min Ljung-Box p=5.33e-114, |ACF lag-1|=0.8728).; Coverage mildly off-target by 0.024 (target=0.900)."
0.1099999999999999,0.0043334485784834,0.8845293333333333,0.0045593017309286,0.5167549307396371,0.15,509.5265984276628,7.01178490087689e-108,547.7818974794221,2.6738527598651877e-111,576.3370724464188,2.75918728215686e-109,z=Phi^{-1}(u),0.896529980503832,737.3080062487028,0.896,23800,24050,250,50,overlapping,RED,"['PIT_uniformity_fail', 'ACF_dependence_fail']","Uniformity strongly rejected (min p=0.00433, KS=0.1100).; Independence strongly rejected (min Ljung-Box p=2.67e-111, |ACF lag-1|=0.8965)."
0.118,0.001723677123827,1.4552013333333331,0.0002120813720214,0.2970046702568822,0.15,522.3770094355773,1.1791262314482984e-110,573.8264742338004,7.112646149054459e-117,625.4076168696618,1.2692228181213743e-119,z=Phi^{-1}(u),0.8941685495225842,729.0655214134407,0.904,23850,24100,250,50,overlapping,RED,"['PIT_uniformity_fail', 'ACF_dependence_fail']","Uniformity strongly rejected (min p=0.000212, KS=0.1180).; Independence strongly rejected (min Ljung-Box p=1.27e-119, |ACF lag-1|=0.8942)."
0.076,0.1057293785294712,0.3364613333333333,0.1070057930022434,0.5874586929814711,0.129672362156092,538.5169601989084,3.8597831819051746e-114,579.3453695942666,4.679377285866794e-118,663.2598848473986,1.2971144906771772e-127,z=Phi^{-1}(u),0.9101173697814864,739.2096512176213,0.904,23900,24150,250,50,overlapping,RED,['ACF_dependence_fail'],"Independence strongly rejected (min Ljung-Box p=1.3e-127, |ACF lag-1|=0.9101)."
0.0679999999999999,0.1891189832154289,0.1971573333332693,0.273141488276243,5.406426021830214,0.01,554.3773983486784,1.4499486782784488e-117,681.4040264810341,6.157394635235877e-140,709.5665869192006,2.0922108622325949e-137,z=Phi^{-1}(u),0.8152592562741449,796.5276487245294,0.872,23950,24200,250,50,overlapping,RED,"['ACF_dependence_fail', 'coverage_warn']","Independence strongly rejected (min Ljung-Box p=6.16e-140, |ACF lag-1|=0.8153).; Coverage mildly off-target by 0.028 (target=0.900)."
0.054,0.4440650591425542,0.1751733333332653,0.3213529320847614,5.823133629786838,0.01,454.6866978456272,4.789470845085209e-96,563.3740608620958,1.2300481560168e-114,595.1180769076378,3.0721237322589e-113,z=Phi^{-1}(u),0.7563768627427523,810.9876611888926,0.868,24000,24250,250,50,overlapping,RED,"['ACF_dependence_fail', 'coverage_warn']","Independence strongly rejected (min Ljung-Box p=1.23e-114, |ACF lag-1|=0.7564).; Coverage mildly off-target by 0.032 (target=0.900)."
0.0439999999999999,0.7013656667799586,0.0963453333332653,0.6034674246155964,7.250495464465928,0.01,450.3663259378524,4.0949847955479604e-95,593.593139690315,4.153215871129503e-121,646.40871098608,4.697744169518798e-124,z=Phi^{-1}(u),0.740987143634122,745.6331857188353,0.904,24050,24300,250,50,overlapping,RED,['ACF_dependence_fail'],"Independence strongly rejected (min Ljung-Box p=4.7e-124, |ACF lag-1|=0.7410)."
0.044,0.7013656667799582,0.0550413333332653,0.8455923711333876,5.970376315702623,0.01,412.33441709870885,6.509806622916758e-87,530.5557954920721,1.2955047462292618e-107,585.4436712586241,3.3447930711557e-111,z=Phi^{-1}(u),0.7362769887792248,775.8868626318919,0.888,24100,24350,250,50,overlapping,RED,['ACF_dependence_fail'],"Independence strongly rejected (min Ljung-Box p=3.34e-111, |ACF lag-1|=0.7363)."
0.136,0.0001706166522264,1.447693333333265,0.000220697379356,6.163757463884849,0.01,441.9681124036709,2.6527332283679845e-93,606.2409763152122,8.099242680471365e-124,737.1578095511381,3.005612344958888e-143,z=Phi^{-1}(u),0.7500867937796147,845.7415969835673,0.86,24150,24400,250,50,overlapping,RED,"['PIT_uniformity_fail', 'ACF_dependence_fail', 'coverage_warn']","Uniformity strongly rejected (min p=0.000171, KS=0.1360).; Independence strongly rejected (min Ljung-Box p=3.01e-143, |ACF lag-1|=0.7501).; Coverage mildly off-target by 0.040 (target=0.900)."
0.2119999999999999,2.4454631950970394e-10,4.703889333333329,2.0962676039459893e-11,1.047639139666387,0.01,281.4592198715202,9.67096343556022e-59,322.0405190289092,3.372530970797396e-63,372.2653641680316,1.1314745389282381e-66,z=Phi^{-1}(u),0.7316777255831155,745.443094198331,0.9,24200,24450,250,50,overlapping,RED,"['PIT_uniformity_fail', 'ACF_dependence_fail']","Uniformity strongly rejected (min p=2.1e-11, KS=0.2120).; Independence strongly rejected (min Ljung-Box p=1.13e-66, |ACF lag-1|=0.7317)."
0.136,0.0001706166522264,1.7535293333333333,4.388604078964242e-05,0.7630623037504449,0.0472786867186573,504.9333522339503,6.876434876710579e-107,616.5370033520791,5.033263390771649e-126,709.4735837106842,2.189222855818644e-137,z=Phi^{-1}(u),0.8870168109236104,699.4073167387245,0.92,24250,24500,250,50,overlapping,RED,"['PIT_uniformity_fail', 'ACF_dependence_fail', 'coverage_warn']","Uniformity strongly rejected (min p=4.39e-05, KS=0.1360).; Independence strongly rejected (min Ljung-Box p=2.19e-137, |ACF lag-1|=0.8870).; Coverage mildly off-target by 0.020 (target=0.900)."
0.06,0.3164237517245051,0.1986213333333333,0.2702504940166532,0.6952392556660811,0.0726284067495532,552.829551229333,3.130751021470012e-117,699.7590290365997,7.074562227645849e-144,828.8236926526894,1.071174910509255e-162,z=Phi^{-1}(u),0.9041748993112034,744.0195986713579,0.904,24300,24550,250,50,overlapping,RED,['ACF_dependence_fail'],"Independence strongly rejected (min Ljung-Box p=1.07e-162, |ACF lag-1|=0.9042)."
0.116,0.0021837382351525,0.8154893333333174,0.0066651946742447,1.0389366840488492,0.01,685.1731274224753,7.887969859740914e-146,898.9443835766893,1.0744369144681197e-186,1098.4390575760888,3.820342943228136e-220,z=Phi^{-1}(u),0.9095907969707256,924.2784471149204,0.848,24350,24600,250,50,overlapping,RED,"['PIT_uniformity_fail', 'ACF_dependence_fail', 'undercoverage']","Uniformity strongly rejected (min p=0.00218, KS=0.1160).; Independence strongly rejected (min Ljung-Box p=3.82e-220, |ACF lag-1|=0.9096).; Coverage off-target by 0.052 (target=0.900)."
0.134,0.0002242473030294,2.042769333333317,9.619915971037509e-06,1.3264326691020472,0.01,635.2572483297149,4.863330854886049e-135,769.5124111918282,7.371587859326993e-159,785.7442698126881,1.5008454763041277e-153,z=Phi^{-1}(u),0.902042792256589,856.4867834425693,0.872,24400,24650,250,50,overlapping,RED,"['PIT_uniformity_fail', 'ACF_dependence_fail', 'coverage_warn']","Uniformity strongly rejected (min p=9.62e-06, KS=0.1340).; Independence strongly rejected (min Ljung-Box p=7.37e-159, |ACF lag-1|=0.9020).; Coverage mildly off-target by 0.028 (target=0.900)."
0.258,3.649208651851052e-15,6.8958813333333175,1.4430645567387046e-10,2.132168184333608,0.01,603.117726998456,4.287755482440056e-128,677.4182726185292,4.4129749863864076e-139,682.6490036474546,1.0350620864607091e-131,z=Phi^{-1}(u),0.8957631060695347,982.1533761156162,0.848,24450,24700,250,50,overlapping,RED,"['PIT_uniformity_fail', 'ACF_dependence_fail', 'undercoverage']","Uniformity strongly rejected (min p=3.65e-15, KS=0.2580).; Independence strongly rejected (min Ljung-Box p=4.41e-139, |ACF lag-1|=0.8958).; Coverage off-target by 0.052 (target=0.900)."
0.292,2.2332193771684467e-19,9.479921333333316,7.007572300210541e-10,2.3390126286604414,0.01,572.6890282157484,1.607413958450926e-121,640.4351415162052,3.786930213766458e-131,651.9183521606053,3.225192191174387e-125,z=Phi^{-1}(u),0.8869528340554254,1024.588377008506,0.84,24500,24750,250,50,overlapping,RED,"['PIT_uniformity_fail', 'ACF_dependence_fail', 'undercoverage']","Uniformity strongly rejected (min p=2.23e-19, KS=0.2920).; Independence strongly rejected (min Ljung-Box p=3.79e-131, |ACF lag-1|=0.8870).; Coverage off-target by 0.060 (target=0.900)."
0.202,2.0289194101949033e-09,4.619225333333318,2.1899593249941063e-11,1.292522834602693,0.01,582.5911877101526,1.1668904711867532e-123,711.1108255938185,2.585613923861731e-146,785.916418185229,1.3797756255017104e-153,z=Phi^{-1}(u),0.8888557420147157,955.8128129101416,0.856,24550,24800,250,50,overlapping,RED,"['PIT_uniformity_fail', 'ACF_dependence_fail', 'coverage_warn']","Uniformity strongly rejected (min p=2.19e-11, KS=0.2020).; Independence strongly rejected (min Ljung-Box p=1.38e-153, |ACF lag-1|=0.8889).; Coverage mildly off-target by 0.044 (target=0.900)."
0.174,4.333396074387833e-07,3.607497333333333,2.7913675815227634e-09,0.7391334729327639,0.0544903004410066,618.355173452067,2.1860559192501204e-131,694.5679230902001,9.205260267406786e-143,731.1255183694836,5.6990278729723494e-142,z=Phi^{-1}(u),0.9277159161610052,819.3794446695433,0.912,24600,24850,250,50,overlapping,RED,"['PIT_uniformity_fail', 'ACF_dependence_fail']","Uniformity strongly rejected (min p=2.79e-09, KS=0.1740).; Independence strongly rejected (min Ljung-Box p=9.21e-143, |ACF lag-1|=0.9277)."
0.254,1.0505011839469013e-14,6.029153333333333,8.447464949767891e-12,1.1493236261980542,0.01,584.6337640606959,4.2243748445488565e-124,650.1729829437156,3.089407585139108e-133,673.7386286682449,7.918268968779631e-130,z=Phi^{-1}(u),0.9165528249398134,783.9037039222001,0.916,24650,24900,250,50,overlapping,RED,"['PIT_uniformity_fail', 'ACF_dependence_fail']","Uniformity strongly rejected (min p=1.05e-14, KS=0.2540).; Independence strongly rejected (min Ljung-Box p=3.09e-133, |ACF lag-1|=0.9166)."
0.25,2.9716469677443324e-14,5.500097333333334,3.0699309760962024e-10,1.4975154638112826,0.01,557.2772091516175,3.428097436997185e-118,617.6572249303077,2.895608619263122e-126,629.0380285914312,2.1764757193648852e-120,z=Phi^{-1}(u),0.9157615678300552,668.5352028146373,0.948,24700,24950,250,50,overlapping,RED,"['PIT_uniformity_fail', 'ACF_dependence_fail', 'coverage_warn']","Uniformity strongly rejected (min p=2.97e-14, KS=0.2500).; Independence strongly rejected (min Ljung-Box p=2.9e-126, |ACF lag-1|=0.9158).; Coverage mildly off-target by 0.048 (target=0.900)."
0.296,6.551690935751788e-20,7.842981333333333,1.5820259546828195e-09,2.266118839736833,0.01,713.2904714871519,6.5687972598335655e-152,930.6706731503766,1.5923009970694415e-193,1003.7680696046568,6.13822962389897e-200,z=Phi^{-1}(u),0.9408534421838672,723.7941776087182,0.92,24750,25000,250,50,overlapping,RED,"['PIT_uniformity_fail', 'ACF_dependence_fail', 'coverage_warn']","Uniformity strongly rejected (min p=6.55e-20, KS=0.2960).; Independence strongly rejected (min Ljung-Box p=6.14e-200, |ACF lag-1|=0.9409).; Coverage mildly off-target by 0.020 (target=0.900)."
0.414,2.6792668824961583e-39,15.633189333333329,3.8488625619947925e-09,5.522166983367356,0.01,549.1410977370911,1.9599314298225748e-116,649.5238044608603,4.257086858939007e-133,670.4516454045198,3.920412788160285e-129,z=Phi^{-1}(u),0.8379370563403538,838.2819778467127,0.884,24800,25050,250,50,overlapping,RED,"['PIT_uniformity_fail', 'ACF_dependence_fail']","Uniformity strongly rejected (min p=2.68e-39, KS=0.4140).; Independence strongly rejected (min Ljung-Box p=4.26e-133, |ACF lag-1|=0.8379)."
0.308,1.4836582554636252e-21,9.388689333333332,5.877707209833716e-10,4.206112549912319,0.01,610.7398516712728,9.666316278857507e-130,736.4597495694629,9.306632862585996e-152,753.8313668244652,8.800363065571527e-147,z=Phi^{-1}(u),0.8586713936774244,776.0820043828484,0.892,24850,25100,250,50,overlapping,RED,"['PIT_uniformity_fail', 'ACF_dependence_fail']","Uniformity strongly rejected (min p=1.48e-21, KS=0.3080).; Independence strongly rejected (min Ljung-Box p=9.31e-152, |ACF lag-1|=0.8587)."
0.1939999999999999,1.0217160464820098e-08,4.31419733333333,7.047740169241479e-11,2.650897215939551,0.01,718.2217285147117,5.638358064426142e-153,959.8873232194288,8.152541446138321e-200,1057.8665642569667,1.7598602149551902e-211,z=Phi^{-1}(u),0.8881350488905161,778.8607363109041,0.892,24900,25150,250,50,overlapping,RED,"['PIT_uniformity_fail', 'ACF_dependence_fail']","Uniformity strongly rejected (min p=7.05e-11, KS=0.1940).; Independence strongly rejected (min Ljung-Box p=1.76e-211, |ACF lag-1|=0.8881)."
0.1519999999999999,1.6526799810663168e-05,1.3425053333333292,0.0003859973982495,3.737635968415276,0.01,715.1995191351161,2.5390879622383138e-152,958.7763539841388,1.4142603471547417e-199,1140.3366567664273,4.2677951979911725e-229,z=Phi^{-1}(u),0.902105356067524,753.6118909225218,0.876,24950,25200,250,50,overlapping,RED,"['PIT_uniformity_fail', 'ACF_dependence_fail', 'coverage_warn']","Uniformity strongly rejected (min p=1.65e-05, KS=0.1520).; Independence strongly rejected (min Ljung-Box p=4.27e-229, |ACF lag-1|=0.9021).; Coverage mildly off-target by 0.024 (target=0.900)."
0.128,0.0004967972491749,0.9417293333333292,0.0033350953842016,3.632948931528176,0.01,724.4663758560935,2.5163360389466462e-154,941.5507299925112,7.237662075688711e-196,1037.3931162432882,4.120889490369987e-207,z=Phi^{-1}(u),0.8947794628910692,680.8326563446142,0.9,25000,25250,250,50,overlapping,RED,"['PIT_uniformity_fail', 'ACF_dependence_fail']","Uniformity strongly rejected (min p=0.000497, KS=0.1280).; Independence strongly rejected (min Ljung-Box p=4.12e-207, |ACF lag-1|=0.8948)."
0.244,1.368365388116317e-13,4.126861333333334,1.8418133684861002e-10,3.432642186742441,0.01,703.8107397976981,7.36702608554628e-150,809.8687126663605,1.559090670548263e-167,813.3284743526401,2.0942159471774219e-159,z=Phi^{-1}(u),0.942451458856522,580.8259805656013,0.924,25050,25300,250,50,overlapping,RED,"['PIT_uniformity_fail', 'ACF_dependence_fail', 'coverage_warn']","Uniformity strongly rejected (min p=1.37e-13, KS=0.2440).; Independence strongly rejected (min Ljung-Box p=1.56e-167, |ACF lag-1|=0.9425).; Coverage mildly off-target by 0.024 (target=0.900)."
0.188,3.2861094253825244e-08,2.5421533333333333,7.090678337817735e-07,2.150744265991932,0.01,781.7400174915898,1.0313117362825741e-166,1026.44067373606,3.763876198393827e-214,1087.7831745548,7.210508539606149e-218,z=Phi^{-1}(u),0.94132773843733,639.5332667170719,0.92,25100,25350,250,50,overlapping,RED,"['PIT_uniformity_fail', 'ACF_dependence_fail', 'coverage_warn']","Uniformity strongly rejected (min p=3.29e-08, KS=0.1880).; Independence strongly rejected (min Ljung-Box p=7.21e-218, |ACF lag-1|=0.9413).; Coverage mildly off-target by 0.020 (target=0.900)."
0.122,0.0010608632709633,1.2166333333333332,0.000755932774633,0.5911754561381599,0.1270175313298858,709.4267366125518,4.497351726302118e-151,917.5880114038064,1.0431561753547385e-190,973.905753985865,1.428093969205249e-193,z=Phi^{-1}(u),0.929017250949213,640.4463764479682,0.912,25150,25400,250,50,overlapping,RED,"['PIT_uniformity_fail', 'ACF_dependence_fail']","Uniformity strongly rejected (min p=0.000756, KS=0.1220).; Independence strongly rejected (min Ljung-Box p=1.43e-193, |ACF lag-1|=0.9290)."
0.0859999999999999,0.046649053727069,0.2598453333333334,0.1762329739258878,0.803235308707599,0.0389093106859168,569.7767054854419,6.842596475477636e-121,616.6940202916289,4.65794953358684e-126,621.2169949707571,9.712422283877904e-119,z=Phi^{-1}(u),0.9128849732844014,677.1247638317088,0.9,25200,25450,250,50,overlapping,RED,"['PIT_uniformity_warn', 'ACF_dependence_fail']","Uniformity weakly rejected (min p=0.0466).; Independence strongly rejected (min Ljung-Box p=4.66e-126, |ACF lag-1|=0.9129)."
0.1099999999999999,0.0043334485784834,0.6848893333331892,0.0137904485487105,5.230708553479758,0.01,526.3816195183429,1.6103724186211162e-111,566.9488123569978,2.1116578057267445e-115,620.9304395004576,1.1162329169830826e-118,z=Phi^{-1}(u),0.8702809857215225,827.8125794721232,0.82,25250,25500,250,50,overlapping,RED,"['PIT_uniformity_fail', 'ACF_dependence_fail', 'undercoverage']","Uniformity strongly rejected (min p=0.00433, KS=0.1100).; Independence strongly rejected (min Ljung-Box p=1.12e-118, |ACF lag-1|=0.8703).; Coverage off-target by 0.080 (target=0.900)."
0.152,1.652679981066289e-05,1.5694253333330732,0.0001158491341475,5.574412160637451,0.01,433.8813180825423,1.4714431633929259e-91,450.2840625546716,1.8172862372908807e-90,456.6086756182788,3.411432399087831e-84,z=Phi^{-1}(u),0.8131689289671535,1042.3648351593768,0.756,25300,25550,250,50,overlapping,RED,"['PIT_uniformity_fail', 'ACF_dependence_fail', 'undercoverage']","Uniformity strongly rejected (min p=1.65e-05, KS=0.1520).; Independence strongly rejected (min Ljung-Box p=1.47e-91, |ACF lag-1|=0.8132).; Coverage off-target by 0.144 (target=0.900)."
0.214,1.5814280556184076e-10,3.1318213333329767,3.290569017266876e-08,4.760599800337644,0.01,453.4184464820281,8.992350352998745e-96,477.63498983358414,2.6438544403808934e-96,484.9622420140559,4.07831366066169e-90,z=Phi^{-1}(u),0.8336019549845965,1319.6341080609318,0.656,25350,25600,250,50,overlapping,RED,"['PIT_uniformity_fail', 'ACF_dependence_fail', 'undercoverage']","Uniformity strongly rejected (min p=1.58e-10, KS=0.2140).; Independence strongly rejected (min Ljung-Box p=2.64e-96, |ACF lag-1|=0.8336).; Coverage off-target by 0.244 (target=0.900)."
0.2299999999999999,4.147683475508808e-12,5.543181333332678,3.5613323401406655e-10,5.21640447913353,0.01,466.06254304637673,1.682992863591035e-98,505.5920871763617,2.817358009028348e-102,506.35530534856025,1.3585081342068075e-94,z=Phi^{-1}(u),0.8156860473078713,1747.5301943584968,0.572,25400,25650,250,50,overlapping,RED,"['PIT_uniformity_fail', 'ACF_dependence_fail', 'undercoverage']","Uniformity strongly rejected (min p=4.15e-12, KS=0.2300).; Independence strongly rejected (min Ljung-Box p=2.82e-102, |ACF lag-1|=0.8157).; Coverage off-target by 0.328 (target=0.900)."
0.294,1.2123370693895142e-19,7.188425333332594,3.2247304826427126e-10,5.814805783973469,0.01,477.7143081108858,5.151713138970016e-101,529.8818432906309,1.8054529000923265e-107,532.8611243296451,3.767348590140245e-100,z=Phi^{-1}(u),0.8113854818081437,1889.1608766715049,0.576,25450,25700,250,50,overlapping,RED,"['PIT_uniformity_fail', 'ACF_dependence_fail', 'undercoverage']","Uniformity strongly rejected (min p=1.21e-19, KS=0.2940).; Independence strongly rejected (min Ljung-Box p=1.81e-107, |ACF lag-1|=0.8114).; Coverage off-target by 0.324 (target=0.900)."
0.274,4.456284348465677e-17,6.382665333332978,2.9482860597340726e-11,6.605931091767388,0.01,469.64466067174885,2.8392381513434533e-99,545.7362040471426,7.326195108303538e-111,552.2918557920755,3.134496658922102e-104,z=Phi^{-1}(u),0.8017789324404656,1838.1837831920711,0.664,25500,25750,250,50,overlapping,RED,"['PIT_uniformity_fail', 'ACF_dependence_fail', 'undercoverage']","Uniformity strongly rejected (min p=4.46e-17, KS=0.2740).; Independence strongly rejected (min Ljung-Box p=7.33e-111, |ACF lag-1|=0.8018).; Coverage off-target by 0.236 (target=0.900)."
0.374,6.627398557694612e-32,12.302241333333074,1.7072444569166123e-09,11.94862109819428,0.01,536.7131157764911,9.46422592799578e-114,675.9560576201651,9.08876359718278e-139,702.6828369313567,5.989610334580312e-136,z=Phi^{-1}(u),0.8246256979611267,1895.7486514208365,0.684,25550,25800,250,50,overlapping,RED,"['PIT_uniformity_fail', 'ACF_dependence_fail', 'undercoverage']","Uniformity strongly rejected (min p=6.63e-32, KS=0.3740).; Independence strongly rejected (min Ljung-Box p=9.09e-139, |ACF lag-1|=0.8246).; Coverage off-target by 0.216 (target=0.900)."
0.362,7.428826458981814e-30,11.988897333333234,1.076686406698002e-09,9.546804209313224,0.01,473.3812605661906,4.4355769927369024e-100,636.0090401399952,3.368166338834468e-130,756.4534496247155,2.447135138902811e-147,z=Phi^{-1}(u),0.7920451170755363,1685.6754452950709,0.788,25600,25850,250,50,overlapping,RED,"['PIT_uniformity_fail', 'ACF_dependence_fail', 'undercoverage']","Uniformity strongly rejected (min p=7.43e-30, KS=0.3620).; Independence strongly rejected (min Ljung-Box p=2.45e-147, |ACF lag-1|=0.7920).; Coverage off-target by 0.112 (target=0.900)."
0.418,4.365198576909637e-40,20.61134533333319,1.4027266015403939e-09,8.81627849829988,0.01,269.10261408471035,4.361521575867947e-56,271.26369322646724,1.811235363184726e-52,282.3027214877506,3.269931908239352e-48,z=Phi^{-1}(u),0.7198542664489329,1481.3390470449824,0.828,25650,25900,250,50,overlapping,RED,"['PIT_uniformity_fail', 'ACF_dependence_fail', 'undercoverage']","Uniformity strongly rejected (min p=4.37e-40, KS=0.4180).; Independence strongly rejected (min Ljung-Box p=4.36e-56, |ACF lag-1|=0.7199).; Coverage off-target by 0.072 (target=0.900)."
0.4059999999999999,9.48636959336954e-38,20.118981333333235,9.210188167685374e-10,7.2735913713868285,0.01,278.3151355482188,4.580713190385467e-58,280.20339715069343,2.3586051081983606e-54,294.34853853204646,1.1506786517369318e-50,z=Phi^{-1}(u),0.7431713779863777,1479.4039859702266,0.836,25700,25950,250,50,overlapping,RED,"['PIT_uniformity_fail', 'ACF_dependence_fail', 'undercoverage']","Uniformity strongly rejected (min p=9.49e-38, KS=0.4060).; Independence strongly rejected (min Ljung-Box p=4.58e-58, |ACF lag-1|=0.7432).; Coverage off-target by 0.064 (target=0.900)."
0.326,3.7102576451880444e-24,12.067713333333234,1.2078431588236072e-09,7.27605583141019,0.01,347.97950724188524,4.7653865305713e-73,370.0177465523598,2.2370025998426516e-73,395.9057460939295,1.4439523137403888e-71,z=Phi^{-1}(u),0.7680328505388523,1348.3668359712656,0.864,25750,26000,250,50,overlapping,RED,"['PIT_uniformity_fail', 'ACF_dependence_fail', 'coverage_warn']","Uniformity strongly rejected (min p=3.71e-24, KS=0.3260).; Independence strongly rejected (min Ljung-Box p=2.24e-73, |ACF lag-1|=0.7680).; Coverage mildly off-target by 0.036 (target=0.900)."
0.194,1.021716046481988e-08,3.722521333333269,1.5716934420595408e-09,5.824000790809976,0.01,438.6378940535506,1.3865529230718175e-92,470.4697434713149,8.953750575477326e-95,493.12397979712864,8.000939027161694e-92,z=Phi^{-1}(u),0.8323890204818427,1240.32546332292,0.9,25800,26050,250,50,overlapping,RED,"['PIT_uniformity_fail', 'ACF_dependence_fail']","Uniformity strongly rejected (min p=1.57e-09, KS=0.1940).; Independence strongly rejected (min Ljung-Box p=8.95e-95, |ACF lag-1|=0.8324)."
0.106,0.0067055190786269,1.0051053333332691,0.0023627923008336,6.301438275408145,0.01,481.7232226522965,7.028267652950837e-102,527.2305210342536,6.662430892217615e-107,560.6408945563056,5.516023485908031e-106,z=Phi^{-1}(u),0.8454021722344994,1263.9738600902183,0.892,25850,26100,250,50,overlapping,RED,"['PIT_uniformity_fail', 'ACF_dependence_fail']","Uniformity strongly rejected (min p=0.00236, KS=0.1060).; Independence strongly rejected (min Ljung-Box p=6.66e-107, |ACF lag-1|=0.8454)."
0.088,0.0391297550232406,0.2548493333333333,0.1822838025357515,1.910521191872817,0.01,765.7299149518776,2.995672000671417e-163,1026.2325848316857,4.173205193997026e-214,1123.3045320841131,1.8619479030448612e-225,z=Phi^{-1}(u),0.9375950234121556,1169.7620573411846,0.944,25900,26150,250,50,overlapping,RED,"['PIT_uniformity_warn', 'ACF_dependence_fail', 'coverage_warn']","Uniformity weakly rejected (min p=0.0391).; Independence strongly rejected (min Ljung-Box p=1.86e-225, |ACF lag-1|=0.9376).; Coverage mildly off-target by 0.044 (target=0.900)."
0.222,2.6502806870438265e-11,5.125149333333334,7.673195412394307e-11,5.011914295139206,0.01,772.8874523197981,8.478128526163366e-165,1012.8328311758488,3.216637515610298e-211,1068.193552815991,1.0987534840585658e-213,z=Phi^{-1}(u),0.9308138921825588,1113.0897746587,0.964,25950,26200,250,50,overlapping,RED,"['PIT_uniformity_fail', 'ACF_dependence_fail', 'overcoverage']","Uniformity strongly rejected (min p=2.65e-11, KS=0.2220).; Independence strongly rejected (min Ljung-Box p=1.1e-213, |ACF lag-1|=0.9308).; Coverage off-target by 0.064 (target=0.900)."
0.352,3.3190780094589488e-28,10.774445333333334,1.4836520900729508e-10,9.42123231126402,0.01,732.0869854047172,5.659424677078832e-156,923.58984974545,5.325589249863318e-192,974.9402402133012,8.595316906667732e-194,z=Phi^{-1}(u),0.9324700485667864,1192.3992930566983,0.964,26000,26250,250,50,overlapping,RED,"['PIT_uniformity_fail', 'ACF_dependence_fail', 'overcoverage']","Uniformity strongly rejected (min p=3.32e-28, KS=0.3520).; Independence strongly rejected (min Ljung-Box p=8.6e-194, |ACF lag-1|=0.9325).; Coverage off-target by 0.064 (target=0.900)."
0.424,2.7605990863053567e-41,16.699909333333334,5.848815876063894e-10,6.076865590671332,0.01,679.4343831416393,1.3729495083616397e-144,822.925428098167,2.4286038802171292e-170,839.9254118430445,4.688489987861088e-165,z=Phi^{-1}(u),0.9150330338593043,1142.1580532582786,0.98,26050,26300,250,50,overlapping,RED,"['PIT_uniformity_fail', 'ACF_dependence_fail', 'overcoverage']","Uniformity strongly rejected (min p=2.76e-41, KS=0.4240).; Independence strongly rejected (min Ljung-Box p=2.43e-170, |ACF lag-1|=0.9150).; Coverage off-target by 0.080 (target=0.900)."
0.436,9.576334304856273e-44,19.31391333333293,6.924928630525073e-09,29.7630568365322,0.01,766.4375067333164,2.1059244720757415e-163,961.794526940576,3.1665763438088034e-200,975.672415341105,6.000677063274635e-194,z=Phi^{-1}(u),0.9075750122435776,1594.4286235256775,0.9,26100,26350,250,50,overlapping,RED,"['PIT_uniformity_fail', 'ACF_dependence_fail']","Uniformity strongly rejected (min p=9.58e-44, KS=0.4360).; Independence strongly rejected (min Ljung-Box p=3.17e-200, |ACF lag-1|=0.9076)."
0.476,1.4735256781976112e-52,22.470829333332933,5.959476689909593e-09,28.85639038785689,0.01,739.6537712042107,1.3072123061220244e-157,903.169533371837,1.323820074665661e-187,911.5926392396192,2.6791038458644322e-180,z=Phi^{-1}(u),0.9017102988686624,1651.1794382615392,0.888,26150,26400,250,50,overlapping,RED,"['PIT_uniformity_fail', 'ACF_dependence_fail']","Uniformity strongly rejected (min p=1.47e-52, KS=0.4760).; Independence strongly rejected (min Ljung-Box p=1.32e-187, |ACF lag-1|=0.9017)."
0.338,5.545649699850225e-26,12.591873333332927,2.5340871623313888e-09,20.59894124432532,0.01,727.5422408331905,5.440081688777178e-155,940.611581535054,1.1529272074434889e-195,989.2329623796488,7.716217126885213e-197,z=Phi^{-1}(u),0.883054600529037,1636.8769414726337,0.864,26200,26450,250,50,overlapping,RED,"['PIT_uniformity_fail', 'ACF_dependence_fail', 'coverage_warn']","Uniformity strongly rejected (min p=5.55e-26, KS=0.3380).; Independence strongly rejected (min Ljung-Box p=7.72e-197, |ACF lag-1|=0.8831).; Coverage mildly off-target by 0.036 (target=0.900)."
0.2119999999999999,2.4454631950970394e-10,6.48797333333293,4.1683323459551496e-11,14.858195337348208,0.01,731.4702121611049,7.694055749972565e-156,956.8466667759786,3.681824567813221e-199,1018.8457777341068,3.733526256135134e-203,z=Phi^{-1}(u),0.8891204633041234,1668.7122535479075,0.844,26250,26500,250,50,overlapping,RED,"['PIT_uniformity_fail', 'ACF_dependence_fail', 'undercoverage']","Uniformity strongly rejected (min p=4.17e-11, KS=0.2120).; Independence strongly rejected (min Ljung-Box p=3.73e-203, |ACF lag-1|=0.8891).; Coverage off-target by 0.056 (target=0.900)."
0.118,0.001723677123827,0.9556013333329292,0.0030922860067796,15.917012630547106,0.01,776.573665880686,1.351887349918196e-165,1045.1480037257036,3.5051385295160944e-218,1139.6194608815513,6.074156696275641e-229,z=Phi^{-1}(u),0.899607138045664,1605.9134804855678,0.848,26300,26550,250,50,overlapping,RED,"['PIT_uniformity_fail', 'ACF_dependence_fail', 'undercoverage']","Uniformity strongly rejected (min p=0.00172, KS=0.1180).; Independence strongly rejected (min Ljung-Box p=6.07e-229, |ACF lag-1|=0.8996).; Coverage off-target by 0.052 (target=0.900)."
0.12,0.0013550102442608,1.0417013333333294,0.0019378498467025,3.237303153407538,0.01,495.010826527016,9.530923697999512e-105,569.1647502958066,7.082576731685395e-116,581.210657061451,2.6019102399929432e-110,z=Phi^{-1}(u),0.8333240508507989,1062.2920784339626,0.944,26350,26600,250,50,overlapping,RED,"['PIT_uniformity_fail', 'ACF_dependence_fail', 'coverage_warn']","Uniformity strongly rejected (min p=0.00136, KS=0.1200).; Independence strongly rejected (min Ljung-Box p=7.08e-116, |ACF lag-1|=0.8333).; Coverage mildly off-target by 0.044 (target=0.900)."
0.272,7.849561393665856e-17,5.919925333333331,5.578204564926637e-12,6.285471193473029,0.01,403.6569668387482,4.831305804671722e-85,424.41320516843854,5.955147351963889e-85,541.1042215075894,7.012010365711456e-102,z=Phi^{-1}(u),0.7832285420686856,919.8002022090604,0.952,26400,26650,250,50,overlapping,RED,"['PIT_uniformity_fail', 'ACF_dependence_fail', 'overcoverage']","Uniformity strongly rejected (min p=7.85e-17, KS=0.2720).; Independence strongly rejected (min Ljung-Box p=7.01e-102, |ACF lag-1|=0.7832).; Coverage off-target by 0.052 (target=0.900)."
0.33,9.31223588294618e-25,8.469201333333334,8.096445736072154e-11,6.172834697921019,0.01,547.5418414518854,4.3413213239680815e-116,585.3695897142726,2.3985767040586613e-119,718.6834606551367,2.4584387106016488e-139,z=Phi^{-1}(u),0.9039762793357836,829.9122478506376,0.976,26450,26700,250,50,overlapping,RED,"['PIT_uniformity_fail', 'ACF_dependence_fail', 'overcoverage']","Uniformity strongly rejected (min p=9.31e-25, KS=0.3300).; Independence strongly rejected (min Ljung-Box p=2.46e-139, |ACF lag-1|=0.9040).; Coverage off-target by 0.076 (target=0.900)."
0.368,7.172375439665594e-31,11.468213333333331,4.84401185829597e-10,1.4515577298419655,0.01,372.5129679079623,2.48233581593353e-78,374.8601933248228,2.0922184360491442e-74,397.3077383274413,7.393649868623501e-72,z=Phi^{-1}(u),0.8619924172636677,708.9990744839532,0.984,26500,26750,250,50,overlapping,RED,"['PIT_uniformity_fail', 'ACF_dependence_fail', 'overcoverage']","Uniformity strongly rejected (min p=7.17e-31, KS=0.3680).; Independence strongly rejected (min Ljung-Box p=2.48e-78, |ACF lag-1|=0.8620).; Coverage off-target by 0.084 (target=0.900)."
0.368,7.172375439665594e-31,12.65558533333332,2.757464701019785e-09,7.92351296881418,0.01,470.5134768255131,1.8439099034199224e-99,560.4552361775294,5.184961338498359e-114,628.5361591209837,2.7773066637291745e-120,z=Phi^{-1}(u),0.8472685975106027,979.6200663572037,0.888,26550,26800,250,50,overlapping,RED,"['PIT_uniformity_fail', 'ACF_dependence_fail']","Uniformity strongly rejected (min p=7.17e-31, KS=0.3680).; Independence strongly rejected (min Ljung-Box p=2.78e-120, |ACF lag-1|=0.8473)."
0.394,1.7144376899139728e-35,13.59830133333332,3.3121971831917563e-10,7.285917100638699,0.01,433.1634285591568,2.1016356828984608e-91,509.3893978976346,4.3472377758037525e-103,572.8785324354377,1.4735044205606957e-108,z=Phi^{-1}(u),0.8378374086648744,1014.246782962702,0.868,26600,26850,250,50,overlapping,RED,"['PIT_uniformity_fail', 'ACF_dependence_fail', 'coverage_warn']","Uniformity strongly rejected (min p=1.71e-35, KS=0.3940).; Independence strongly rejected (min Ljung-Box p=1.47e-108, |ACF lag-1|=0.8378).; Coverage mildly off-target by 0.032 (target=0.900)."
0.288,7.47610237750441e-19,7.472073333333317,6.623042114739518e-10,3.7798655533506462,0.01,542.9364751971408,4.2872836150805455e-115,715.7159233994016,2.653147166682425e-147,904.0204786589048,1.0958053171794217e-178,z=Phi^{-1}(u),0.8684500265134085,1013.0924532961358,0.872,26650,26900,250,50,overlapping,RED,"['PIT_uniformity_fail', 'ACF_dependence_fail', 'coverage_warn']","Uniformity strongly rejected (min p=7.48e-19, KS=0.2880).; Independence strongly rejected (min Ljung-Box p=1.1e-178, |ACF lag-1|=0.8685).; Coverage mildly off-target by 0.028 (target=0.900)."
0.146,4.090430161748266e-05,2.564029333333317,6.326788202226652e-07,3.1581257056352285,0.01,597.7147376703218,6.30422256439694e-127,826.2065822195091,4.783645037173897e-171,1110.4965651082227,1.0149411745731807e-222,z=Phi^{-1}(u),0.882308282626035,999.3356785255072,0.872,26700,26950,250,50,overlapping,RED,"['PIT_uniformity_fail', 'ACF_dependence_fail', 'coverage_warn']","Uniformity strongly rejected (min p=6.33e-07, KS=0.1460).; Independence strongly rejected (min Ljung-Box p=1.01e-222, |ACF lag-1|=0.8823).; Coverage mildly off-target by 0.028 (target=0.900)."
0.084,0.0553890740154735,0.3010693333333173,0.1342085041556461,4.4154986766280615,0.01,657.3418119782723,8.194555414696338e-140,956.539832795514,4.28682011106005e-199,1366.466984261982,1.708339025591101e-277,z=Phi^{-1}(u),0.8952867371837911,1013.9769060249344,0.884,26750,27000,250,50,overlapping,RED,['ACF_dependence_fail'],"Independence strongly rejected (min Ljung-Box p=1.71e-277, |ACF lag-1|=0.8953)."
0.1139999999999999,0.0027553557925281,1.3370013333333333,0.0003974797764261,1.9844600554980047,0.01,471.67441905287615,1.035721229186314e-99,498.42743338704736,9.570465929331492e-101,526.4838655241558,8.20279222696014e-99,z=Phi^{-1}(u),0.9006102124852746,700.0421888607347,0.98,26800,27050,250,50,overlapping,RED,"['PIT_uniformity_fail', 'ACF_dependence_fail', 'overcoverage']","Uniformity strongly rejected (min p=0.000397, KS=0.1140).; Independence strongly rejected (min Ljung-Box p=9.57e-101, |ACF lag-1|=0.9006).; Coverage off-target by 0.080 (target=0.900)."
0.2259999999999999,1.0574852054710952e-11,5.319113333333334,1.6045209605408672e-10,1.3122434797940912,0.01,492.04865047937096,4.1540257329991784e-104,522.6352540395752,6.402259595944816e-106,597.1643669959716,1.1388409052272046e-113,z=Phi^{-1}(u),0.8949408052282536,611.7604087552247,0.984,26850,27100,250,50,overlapping,RED,"['PIT_uniformity_fail', 'ACF_dependence_fail', 'overcoverage']","Uniformity strongly rejected (min p=1.06e-11, KS=0.2260).; Independence strongly rejected (min Ljung-Box p=1.14e-113, |ACF lag-1|=0.8949).; Coverage off-target by 0.084 (target=0.900)."
0.268,2.403343478947528e-16,8.287945333333333,5.2017945506577234e-11,0.9413815929700036,0.0183905932435181,559.8839050699602,9.376602742501413e-119,622.314291025065,2.9072169079831347e-127,646.721602512773,4.034886843498443e-124,z=Phi^{-1}(u),0.9017357482840558,712.8462723924018,0.936,26900,27150,250,50,overlapping,RED,"['PIT_uniformity_fail', 'ACF_dependence_fail', 'coverage_warn']","Uniformity strongly rejected (min p=2.4e-16, KS=0.2680).; Independence strongly rejected (min Ljung-Box p=2.91e-127, |ACF lag-1|=0.9017).; Coverage mildly off-target by 0.036 (target=0.900)."
0.2720000000000001,7.849561393665744e-17,8.492533333333334,8.559253306117398e-11,1.1232106891579008,0.01,531.2225729363329,1.4510014283412631e-112,557.1409995434042,2.6555638931105603e-113,603.39019828116,5.5583001122281065e-115,z=Phi^{-1}(u),0.9011371534026416,831.9769890702371,0.876,26950,27200,250,50,overlapping,RED,"['PIT_uniformity_fail', 'ACF_dependence_fail', 'coverage_warn']","Uniformity strongly rejected (min p=7.85e-17, KS=0.2720).; Independence strongly rejected (min Ljung-Box p=5.56e-115, |ACF lag-1|=0.9011).; Coverage mildly off-target by 0.024 (target=0.900)."
0.254,1.0505011839468852e-14,7.219649333333334,3.50024786932579e-10,1.0137428234669985,0.0116904793086112,481.64804026937657,7.295796002204566e-102,503.01997877230247,9.989495630254376e-102,549.8501146207055,1.021246960976626e-103,z=Phi^{-1}(u),0.8827237773225369,849.7279183241004,0.852,27000,27250,250,50,overlapping,RED,"['PIT_uniformity_fail', 'ACF_dependence_fail', 'coverage_warn']","Uniformity strongly rejected (min p=1.05e-14, KS=0.2540).; Independence strongly rejected (min Ljung-Box p=1.02e-103, |ACF lag-1|=0.8827).; Coverage mildly off-target by 0.048 (target=0.900)."
0.2700000000000001,1.376550070765648e-16,8.367809333333334,6.336287050601186e-11,1.030071760628175,0.0101785406825763,506.5480996105048,3.0817480956228373e-107,540.218239990679,1.1104539875477384e-109,567.3302625620724,2.1639157027801108e-107,z=Phi^{-1}(u),0.888192369682379,977.3194367278973,0.804,27050,27300,250,50,overlapping,RED,"['PIT_uniformity_fail', 'ACF_dependence_fail', 'undercoverage']","Uniformity strongly rejected (min p=1.38e-16, KS=0.2700).; Independence strongly rejected (min Ljung-Box p=1.11e-109, |ACF lag-1|=0.8882).; Coverage off-target by 0.096 (target=0.900)."
0.262,1.245606618222766e-15,6.537817333333318,4.891775873261395e-11,1.5619773977933846,0.01,416.0687855145935,1.0197772558733183e-87,453.1974888165986,4.3444469600483705e-91,458.0639093769536,1.6955786215986164e-84,z=Phi^{-1}(u),0.8419729147002962,1149.6204612265126,0.768,27100,27350,250,50,overlapping,RED,"['PIT_uniformity_fail', 'ACF_dependence_fail', 'undercoverage']","Uniformity strongly rejected (min p=1.25e-15, KS=0.2620).; Independence strongly rejected (min Ljung-Box p=4.34e-91, |ACF lag-1|=0.8420).; Coverage off-target by 0.132 (target=0.900)."
0.232,2.5808990255461737e-12,5.813577333333297,3.678057858280681e-12,1.6064544452483176,0.01,344.3974231281889,2.8134291394283754e-72,359.45958709541,3.9113849316733e-71,368.2140016119964,7.777786317707387e-66,z=Phi^{-1}(u),0.8186041055163991,1167.584051138077,0.776,27150,27400,250,50,overlapping,RED,"['PIT_uniformity_fail', 'ACF_dependence_fail', 'undercoverage']","Uniformity strongly rejected (min p=2.58e-12, KS=0.2320).; Independence strongly rejected (min Ljung-Box p=2.81e-72, |ACF lag-1|=0.8186).; Coverage off-target by 0.124 (target=0.900)."
0.208,5.773604210119922e-10,3.9924013333332975,5.964431171179284e-10,1.5764300705238838,0.01,364.35663080271166,1.4178903114389178e-76,398.0531470892563,2.4437819707131152e-79,413.0916222401015,3.916768686198052e-75,z=Phi^{-1}(u),0.8190822260514785,1133.333227158297,0.824,27200,27450,250,50,overlapping,RED,"['PIT_uniformity_fail', 'ACF_dependence_fail', 'undercoverage']","Uniformity strongly rejected (min p=5.77e-10, KS=0.2080).; Independence strongly rejected (min Ljung-Box p=2.44e-79, |ACF lag-1|=0.8191).; Coverage off-target by 0.076 (target=0.900)."
0.146,4.090430161748266e-05,1.1727253333332972,0.0009565733834306,2.760356812376557,0.01,395.6817203541473,2.5289048680704585e-83,473.92867960048784,1.6352244444498153e-95,506.8089983910804,1.0915167732090724e-94,z=Phi^{-1}(u),0.8314125298470173,1084.1567996674107,0.836,27250,27500,250,50,overlapping,RED,"['PIT_uniformity_fail', 'ACF_dependence_fail', 'undercoverage']","Uniformity strongly rejected (min p=4.09e-05, KS=0.1460).; Independence strongly rejected (min Ljung-Box p=1.64e-95, |ACF lag-1|=0.8314).; Coverage off-target by 0.064 (target=0.900)."
0.088,0.0391297550232406,0.4321573333332973,0.0594210854903493,3.748055635710784,0.01,314.8867084751131,6.300882169130932e-66,350.32610072724395,3.397711004952263e-69,369.3362003539058,4.560377887812207e-66,z=Phi^{-1}(u),0.8080186549793549,939.79287595912,0.884,27300,27550,250,50,overlapping,RED,"['PIT_uniformity_warn', 'ACF_dependence_fail']","Uniformity weakly rejected (min p=0.0391).; Independence strongly rejected (min Ljung-Box p=3.4e-69, |ACF lag-1|=0.8080)."
0.106,0.006705519078627,0.6309333333333174,0.0187016803336969,3.4851148380587063,0.01,255.4998561096528,3.629988712476353e-53,260.06331908139674,4.143952918222047e-50,292.0482238803435,3.388556263698343e-50,z=Phi^{-1}(u),0.7708429896173422,882.1180983360186,0.904,27350,27600,250,50,overlapping,RED,"['PIT_uniformity_fail', 'ACF_dependence_fail']","Uniformity strongly rejected (min p=0.00671, KS=0.1060).; Independence strongly rejected (min Ljung-Box p=3.63e-53, |ACF lag-1|=0.7708)."
0.104,0.008290637497102,0.5214733333331374,0.035063560308933,9.668130648054216,0.01,350.8171732433527,1.1672593358491683e-73,359.7114413243327,3.4582070136470964e-71,388.7727346985147,4.342882347099332e-70,z=Phi^{-1}(u),0.8402602515755991,1077.3306592094636,0.88,27400,27650,250,50,overlapping,RED,"['PIT_uniformity_fail', 'ACF_dependence_fail', 'coverage_warn']","Uniformity strongly rejected (min p=0.00829, KS=0.1040).; Independence strongly rejected (min Ljung-Box p=1.17e-73, |ACF lag-1|=0.8403).; Coverage mildly off-target by 0.020 (target=0.900)."
0.092,0.0272001300552791,0.4438453333331374,0.0554039245245739,10.244173505298988,0.01,346.98280162226894,7.810379795664822e-73,359.47244195307246,3.886878231173532e-71,398.28236859489954,4.642450056389974e-72,z=Phi^{-1}(u),0.8394441372820634,1068.3169262636118,0.892,27450,27700,250,50,overlapping,RED,"['PIT_uniformity_warn', 'ACF_dependence_fail']","Uniformity weakly rejected (min p=0.0272).; Independence strongly rejected (min Ljung-Box p=7.81e-73, |ACF lag-1|=0.8394)."
0.08,0.0771476533902126,0.2363973333331373,0.2068192333604728,9.048900371863567,0.01,345.12929947647103,1.9574287265943826e-72,360.714822415864,2.117294823927391e-71,412.7985321556223,4.506209125309325e-75,z=Phi^{-1}(u),0.8371182997734224,1073.2189010996403,0.904,27500,27750,250,50,overlapping,RED,['ACF_dependence_fail'],"Independence strongly rejected (min Ljung-Box p=4.51e-75, |ACF lag-1|=0.8371)."
0.0799999999999999,0.0771476533902131,0.4379853333331373,0.0573804684808796,7.438938641274206,0.01,363.43951265109536,2.2343927089433406e-76,370.4420298382098,1.817667655821988e-73,411.18258028279496,9.76015945998854e-75,z=Phi^{-1}(u),0.8467286173879919,1172.8363999308217,0.876,27550,27800,250,50,overlapping,RED,"['ACF_dependence_fail', 'coverage_warn']","Independence strongly rejected (min Ljung-Box p=2.23e-76, |ACF lag-1|=0.8467).; Coverage mildly off-target by 0.024 (target=0.900)."
0.0799999999999999,0.0771476533902131,0.4076773333331893,0.0688820504697401,8.085416362670799,0.01,432.6629724183127,2.6945143158313176e-91,436.5818224942922,1.5184049035807848e-87,449.3565345012912,1.110264238262386e-82,z=Phi^{-1}(u),0.8848921316908333,1092.5425326815323,0.908,27600,27850,250,50,overlapping,RED,['ACF_dependence_fail'],"Independence strongly rejected (min Ljung-Box p=2.69e-91, |ACF lag-1|=0.8849)."
0.166,1.7261388018052337e-06,2.125097333333333,6.252877992718453e-06,0.3015204113575009,0.15,455.9391717563439,2.570990142528661e-96,474.6201498854631,1.1639878898017377e-95,657.9888128813241,1.6845600627965272e-126,z=Phi^{-1}(u),0.8860877969863491,751.1879972328006,0.972,27650,27900,250,50,overlapping,RED,"['PIT_uniformity_fail', 'ACF_dependence_fail', 'overcoverage']","Uniformity strongly rejected (min p=1.73e-06, KS=0.1660).; Independence strongly rejected (min Ljung-Box p=1.68e-126, |ACF lag-1|=0.8861).; Coverage off-target by 0.072 (target=0.900)."
0.22,4.1688134263187735e-11,4.375285333333334,5.225431198851993e-11,0.5570702874454412,0.15,384.20665320594526,7.509968139767893e-81,400.7635903686186,6.474799791241358e-80,540.8610551868429,7.886698014534028e-102,z=Phi^{-1}(u),0.8679268012085731,685.3841192609231,0.964,27700,27950,250,50,overlapping,RED,"['PIT_uniformity_fail', 'ACF_dependence_fail', 'overcoverage']","Uniformity strongly rejected (min p=4.17e-11, KS=0.2200).; Independence strongly rejected (min Ljung-Box p=7.89e-102, |ACF lag-1|=0.8679).; Coverage off-target by 0.064 (target=0.900)."
0.21,3.76553120920233e-10,3.5969173333333333,2.9462959849624326e-09,0.7981530912503274,0.0399681059895151,522.4907999471634,1.1142749127401928e-110,579.148817230155,5.155626526581211e-118,715.8827502193584,9.629584598347364e-139,z=Phi^{-1}(u),0.8986160032705107,683.6380903173639,0.956,27750,28000,250,50,overlapping,RED,"['PIT_uniformity_fail', 'ACF_dependence_fail', 'overcoverage']","Uniformity strongly rejected (min p=3.77e-10, KS=0.2100).; Independence strongly rejected (min Ljung-Box p=9.63e-139, |ACF lag-1|=0.8986).; Coverage off-target by 0.056 (target=0.900)."
0.186,4.8100899143052806e-08,3.009189333333333,6.22969611452362e-08,0.9779574322943744,0.0150039414542245,410.7134133818036,1.455495822539615e-86,425.5584985297005,3.395115084670257e-85,437.4895766080916,3.297467019698281e-80,z=Phi^{-1}(u),0.8690894643412248,741.0433395015036,0.92,27800,28050,250,50,overlapping,RED,"['PIT_uniformity_fail', 'ACF_dependence_fail', 'coverage_warn']","Uniformity strongly rejected (min p=4.81e-08, KS=0.1860).; Independence strongly rejected (min Ljung-Box p=1.46e-86, |ACF lag-1|=0.8691).; Coverage mildly off-target by 0.020 (target=0.900)."
0.21,3.76553120920233e-10,4.470265333333318,3.413114235684134e-11,3.5737581748485354,0.01,357.49551110494883,4.257946074331374e-75,367.386132618897,8.105559539132715e-73,370.2932919474634,2.8922105804682934e-66,z=Phi^{-1}(u),0.8312550318108118,803.8205078587514,0.892,27850,28100,250,50,overlapping,RED,"['PIT_uniformity_fail', 'ACF_dependence_fail']","Uniformity strongly rejected (min p=3.41e-11, KS=0.2100).; Independence strongly rejected (min Ljung-Box p=4.26e-75, |ACF lag-1|=0.8313)."
0.176,3.035628155315092e-07,3.2955533333333173,1.4034969741949512e-08,2.71242363718622,0.01,378.27785119692777,1.4222736038616737e-79,388.59465362620506,2.5141191316900627e-77,391.3617281279041,1.2629622126714888e-70,z=Phi^{-1}(u),0.8388669360928511,799.020327272303,0.892,27900,28150,250,50,overlapping,RED,"['PIT_uniformity_fail', 'ACF_dependence_fail']","Uniformity strongly rejected (min p=1.4e-08, KS=0.1760).; Independence strongly rejected (min Ljung-Box p=1.42e-79, |ACF lag-1|=0.8389)."
0.096,0.0186040510745637,0.6799013333333173,0.0141826523700492,3.8839584664714266,0.01,434.342753748283,1.1701277300392266e-91,457.00132405465735,6.704982645945956e-92,480.61284864633313,3.310370735756297e-89,z=Phi^{-1}(u),0.8568432328200923,790.278662904811,0.9,27950,28200,250,50,overlapping,RED,"['PIT_uniformity_warn', 'ACF_dependence_fail']","Uniformity weakly rejected (min p=0.0142).; Independence strongly rejected (min Ljung-Box p=6.7e-92, |ACF lag-1|=0.8568)."
0.074,0.1230243374005592,0.3168013333333173,0.1212635648105225,3.8663635303501,0.01,391.2469473355496,2.2836308826862428e-82,409.0422510350771,1.1191298536312694e-81,430.8397789817209,7.990672028765197e-79,z=Phi^{-1}(u),0.8443878274836366,784.6790003686357,0.9,28000,28250,250,50,overlapping,RED,['ACF_dependence_fail'],"Independence strongly rejected (min Ljung-Box p=2.28e-82, |ACF lag-1|=0.8444)."
0.0999999999999999,0.0125203447299346,0.7738053333333171,0.0083946266792805,3.3152430782548947,0.01,506.4286788176225,3.270212988500993e-107,620.9885660882117,5.593224626848967e-127,670.1288961850057,4.587114630072229e-129,z=Phi^{-1}(u),0.8666461384272873,755.495678870793,0.94,28050,28300,250,50,overlapping,RED,"['PIT_uniformity_fail', 'ACF_dependence_fail', 'coverage_warn']","Uniformity strongly rejected (min p=0.00839, KS=0.1000).; Independence strongly rejected (min Ljung-Box p=4.59e-129, |ACF lag-1|=0.8666).; Coverage mildly off-target by 0.040 (target=0.900)."
0.148,3.036436222239841e-05,2.194497333333317,4.350214436454891e-06,4.739769525310237,0.01,428.6920779433186,1.9353998155295022e-90,482.6354110687881,2.2616535171954763e-97,496.29115786039625,1.739068301284048e-92,z=Phi^{-1}(u),0.8462283422758992,716.3071670591311,0.948,28100,28350,250,50,overlapping,RED,"['PIT_uniformity_fail', 'ACF_dependence_fail', 'coverage_warn']","Uniformity strongly rejected (min p=4.35e-06, KS=0.1480).; Independence strongly rejected (min Ljung-Box p=2.26e-97, |ACF lag-1|=0.8462).; Coverage mildly off-target by 0.048 (target=0.900)."
0.138,0.0001292813412389,1.551977333333317,0.0001270425230315,4.076715686243489,0.01,494.9918824128691,9.621079962147346e-105,606.5734978301738,6.8736544604598606e-124,709.3367810638924,2.3401554591553214e-137,z=Phi^{-1}(u),0.8664379593458175,825.1435521175142,0.92,28150,28400,250,50,overlapping,RED,"['PIT_uniformity_fail', 'ACF_dependence_fail', 'coverage_warn']","Uniformity strongly rejected (min p=0.000127, KS=0.1380).; Independence strongly rejected (min Ljung-Box p=2.34e-137, |ACF lag-1|=0.8664).; Coverage mildly off-target by 0.020 (target=0.900)."
0.138,0.0001292813412389,1.5031973333333173,0.0001644538507589,3.3691965358828213,0.01,470.2725241710086,2.0784023474414566e-99,549.7148388206533,1.0315761250743806e-111,622.3763917025585,5.531358604667446e-119,z=Phi^{-1}(u),0.8637394495680845,847.8235524654253,0.912,28200,28450,250,50,overlapping,RED,"['PIT_uniformity_fail', 'ACF_dependence_fail']","Uniformity strongly rejected (min p=0.000129, KS=0.1380).; Independence strongly rejected (min Ljung-Box p=5.53e-119, |ACF lag-1|=0.8637)."
0.1279999999999999,0.0004967972491749,1.1865853333333174,0.000888017482261,2.7762478226652547,0.01,573.1140908795212,1.3010925844771555e-121,684.289099233831,1.4798901600228442e-140,724.3026807979926,1.5878781390860175e-140,z=Phi^{-1}(u),0.8898534913076588,940.49753526211,0.88,28250,28500,250,50,overlapping,RED,"['PIT_uniformity_fail', 'ACF_dependence_fail', 'coverage_warn']","Uniformity strongly rejected (min p=0.000497, KS=0.1280).; Independence strongly rejected (min Ljung-Box p=1.48e-140, |ACF lag-1|=0.8899).; Coverage mildly off-target by 0.020 (target=0.900)."
0.0659999999999999,0.2164684877017044,0.2742533333333173,0.1600368973575779,2.0493732199291514,0.01,523.2078796331489,7.801363402294731e-111,601.9350810822516,6.778231835745405e-123,622.2391265508422,5.912610225528943e-119,z=Phi^{-1}(u),0.8751695004265007,823.3725231058346,0.9,28300,28550,250,50,overlapping,RED,['ACF_dependence_fail'],"Independence strongly rejected (min Ljung-Box p=6.78e-123, |ACF lag-1|=0.8752)."
0.0819999999999999,0.0655014478062853,0.4698133333333333,0.047477763594192,0.5419296771758297,0.15,655.2093908896024,2.3684513963952436e-139,762.5295516057691,2.3338637721754132e-157,807.607713491842,3.4335905402536474e-158,z=Phi^{-1}(u),0.924362294825708,771.6490652282995,0.92,28350,28600,250,50,overlapping,RED,"['PIT_uniformity_warn', 'ACF_dependence_fail', 'coverage_warn']","Uniformity weakly rejected (min p=0.0475).; Independence strongly rejected (min Ljung-Box p=3.43e-158, |ACF lag-1|=0.9244).; Coverage mildly off-target by 0.020 (target=0.900)."
0.0559999999999999,0.3985403948382553,0.1055133333333333,0.5588612709727854,0.6581660443786745,0.0879479155460022,609.2658298587045,2.0126662642207727e-129,679.6841819840449,1.4403874316682615e-139,688.6255026349976,5.6383946142691974e-133,z=Phi^{-1}(u),0.915048808485657,719.6639754801383,0.94,28400,28650,250,50,overlapping,RED,"['ACF_dependence_fail', 'coverage_warn']","Independence strongly rejected (min Ljung-Box p=1.44e-139, |ACF lag-1|=0.9150).; Coverage mildly off-target by 0.040 (target=0.900)."
0.0999999999999999,0.0125203447299346,0.8743333333333333,0.0048214704517788,0.6467580826400194,0.092661949322306,546.8179615807705,6.22231196787183e-116,595.9361730218897,1.307439535274284e-121,657.2668729804559,2.3931845806793476e-126,z=Phi^{-1}(u),0.910783732401786,723.633081125078,0.94,28450,28700,250,50,overlapping,RED,"['PIT_uniformity_fail', 'ACF_dependence_fail', 'coverage_warn']","Uniformity strongly rejected (min p=0.00482, KS=0.1000).; Independence strongly rejected (min Ljung-Box p=2.39e-126, |ACF lag-1|=0.9108).; Coverage mildly off-target by 0.040 (target=0.900)."
0.062,0.280026003861503,0.1974733333333333,0.2725143613737826,0.8861107727047397,0.0235082617865981,453.3487681075077,9.309020992254513e-96,470.73783543326766,7.848288342908273e-95,474.5259554145773,6.194766489407499e-88,z=Phi^{-1}(u),0.8867311931761863,648.6369662149667,0.972,28500,28750,250,50,overlapping,RED,"['ACF_dependence_fail', 'overcoverage']","Independence strongly rejected (min Ljung-Box p=9.31e-96, |ACF lag-1|=0.8867).; Coverage off-target by 0.072 (target=0.900)."
0.0639999999999999,0.2467324500849869,0.2011093333333333,0.2654207270601182,1.0954481499673818,0.01,458.3812098085304,7.64334119411519e-97,476.0309064017022,5.817556546595466e-96,478.12680936866536,1.0952916221813586e-88,z=Phi^{-1}(u),0.8858632166687167,632.8869406605007,0.976,28550,28800,250,50,overlapping,RED,"['ACF_dependence_fail', 'overcoverage']","Independence strongly rejected (min Ljung-Box p=7.64e-97, |ACF lag-1|=0.8859).; Coverage off-target by 0.076 (target=0.900)."
0.1,0.0125203447299346,0.7823373333333333,0.0080066919963799,0.6964238463457946,0.0721389064686799,435.937961959929,5.299262367204549e-92,452.35772491413394,6.562651413247153e-91,490.7321688215071,2.53274388573974e-91,z=Phi^{-1}(u),0.8928690164944662,671.1861424697329,0.948,28600,28850,250,50,overlapping,RED,"['PIT_uniformity_fail', 'ACF_dependence_fail', 'coverage_warn']","Uniformity strongly rejected (min p=0.00801, KS=0.1000).; Independence strongly rejected (min Ljung-Box p=5.3e-92, |ACF lag-1|=0.8929).; Coverage mildly off-target by 0.048 (target=0.900)."
0.0559999999999999,0.3985403948382564,0.1286893333333333,0.4618399227809407,0.3446200750440766,0.15,593.4887902151428,5.160332628880023e-126,664.3014816199067,2.878336526603609e-136,682.9309870135933,9.022853086884316e-132,z=Phi^{-1}(u),0.9185024216080436,797.2431147928515,0.904,28650,28900,250,50,overlapping,RED,['ACF_dependence_fail'],"Independence strongly rejected (min Ljung-Box p=2.88e-136, |ACF lag-1|=0.9185)."
0.12,0.0013550102442608,0.9085813333333332,0.0039968128299713,0.6628700407152337,0.0860041154069282,653.4755341585961,5.613655777843425e-139,750.2727981588578,1.0035074717247735e-154,817.4126094726514,2.8424454225447035e-160,z=Phi^{-1}(u),0.9241387364485932,817.2480152836641,0.912,28700,28950,250,50,overlapping,RED,"['PIT_uniformity_fail', 'ACF_dependence_fail']","Uniformity strongly rejected (min p=0.00136, KS=0.1200).; Independence strongly rejected (min Ljung-Box p=2.84e-160, |ACF lag-1|=0.9241)."
0.152,1.652679981066289e-05,1.6306733333333172,8.383651185772667e-05,2.4114436704833797,0.01,475.79818304518,1.3348292020576055e-100,577.1168675021106,1.404201297892015e-117,627.5172309397034,4.555755685078065e-120,z=Phi^{-1}(u),0.8366720054121589,908.7394229350332,0.868,28750,29000,250,50,overlapping,RED,"['PIT_uniformity_fail', 'ACF_dependence_fail', 'coverage_warn']","Uniformity strongly rejected (min p=1.65e-05, KS=0.1520).; Independence strongly rejected (min Ljung-Box p=4.56e-120, |ACF lag-1|=0.8367).; Coverage mildly off-target by 0.032 (target=0.900)."
0.178,2.117668987962672e-07,2.190089333333314,4.451590686405105e-06,2.904646403664941,0.01,425.7225400443264,8.454551742136837e-90,536.2904835129407,7.687283349227048e-109,669.2921846994984,6.892245729274798e-129,z=Phi^{-1}(u),0.8297480260123579,1006.121462693876,0.82,28800,29050,250,50,overlapping,RED,"['PIT_uniformity_fail', 'ACF_dependence_fail', 'undercoverage']","Uniformity strongly rejected (min p=2.12e-07, KS=0.1780).; Independence strongly rejected (min Ljung-Box p=6.89e-129, |ACF lag-1|=0.8297).; Coverage off-target by 0.080 (target=0.900)."
0.1819999999999999,1.0177424069145935e-07,2.519789333333313,7.967176499645845e-07,2.718848661940001,0.01,479.5181286818852,2.1023351267969215e-101,664.0638366836962,3.2368742732787336e-136,815.0982648836908,8.814364859962428e-160,z=Phi^{-1}(u),0.8109692231570932,996.2036364301206,0.836,28850,29100,250,50,overlapping,RED,"['PIT_uniformity_fail', 'ACF_dependence_fail', 'undercoverage']","Uniformity strongly rejected (min p=1.02e-07, KS=0.1820).; Independence strongly rejected (min Ljung-Box p=8.81e-160, |ACF lag-1|=0.8110).; Coverage off-target by 0.064 (target=0.900)."
0.0839999999999999,0.0553890740154743,0.3240093333333133,0.1158042716725686,3.3964251677999187,0.01,429.2051867289703,1.500120578642147e-90,573.7391521178317,7.42556514213631e-117,676.3799089523152,2.189427240922739e-130,z=Phi^{-1}(u),0.7878724964590246,834.9688757698917,0.888,28900,29150,250,50,overlapping,RED,['ACF_dependence_fail'],"Independence strongly rejected (min Ljung-Box p=2.19e-130, |ACF lag-1|=0.7879)."
0.0959999999999999,0.0186040510745638,0.2907773333333134,0.1435174014847841,4.205586038719645,0.01,397.88230525282273,8.485478656358776e-84,519.2030432850901,3.4691794779887334e-105,574.7636104359103,5.912981717907766e-109,z=Phi^{-1}(u),0.7749147618665698,770.7422577781089,0.888,28950,29200,250,50,overlapping,RED,"['PIT_uniformity_warn', 'ACF_dependence_fail']","Uniformity weakly rejected (min p=0.0186).; Independence strongly rejected (min Ljung-Box p=5.91e-109, |ACF lag-1|=0.7749)."
0.106,0.0067055190786269,0.7304293333333294,0.0106861992677239,2.4366437824531886,0.01,447.2570571743384,1.91835257796284e-94,499.11136260691205,6.835844689023201e-101,514.9138153170027,2.1870275902693328e-96,z=Phi^{-1}(u),0.8236949747784308,656.906658603062,0.932,29000,29250,250,50,overlapping,RED,"['PIT_uniformity_fail', 'ACF_dependence_fail', 'coverage_warn']","Uniformity strongly rejected (min p=0.00671, KS=0.1060).; Independence strongly rejected (min Ljung-Box p=6.84e-101, |ACF lag-1|=0.8237).; Coverage mildly off-target by 0.032 (target=0.900)."
0.1339999999999999,0.0002242473030294,1.4905373333333332,0.0001758585441447,0.5820231464968515,0.1335548953593918,518.066511554388,1.0050691267997749e-109,575.7308116337106,2.781281776458084e-117,589.3107373589575,5.132038717507886e-112,z=Phi^{-1}(u),0.8958745375863483,543.1034154424366,0.98,29050,29300,250,50,overlapping,RED,"['PIT_uniformity_fail', 'ACF_dependence_fail', 'overcoverage']","Uniformity strongly rejected (min p=0.000176, KS=0.1340).; Independence strongly rejected (min Ljung-Box p=2.78e-117, |ACF lag-1|=0.8959).; Coverage off-target by 0.080 (target=0.900)."
0.194,1.0217160464819998e-08,2.7170973333333337,2.850106756158155e-07,0.498297119185878,0.15,436.3913819091004,4.2308794056113134e-92,470.4770288290939,8.921744502026856e-95,493.96669687715297,5.3308121088015095e-92,z=Phi^{-1}(u),0.8610151452937159,483.94078111659695,0.992,29100,29350,250,50,overlapping,RED,"['PIT_uniformity_fail', 'ACF_dependence_fail', 'overcoverage']","Uniformity strongly rejected (min p=1.02e-08, KS=0.1940).; Independence strongly rejected (min Ljung-Box p=8.92e-95, |ACF lag-1|=0.8610).; Coverage off-target by 0.092 (target=0.900)."
0.194,1.0217160464819998e-08,2.8963093333333334,1.1210850192622247e-07,0.4702784433262081,0.15,411.710698626789,8.872080172511687e-87,438.0600136982794,7.349320878523141e-88,459.0158757751371,1.073196481554103e-84,z=Phi^{-1}(u),0.8662419217155675,458.4659358932054,0.984,29150,29400,250,50,overlapping,RED,"['PIT_uniformity_fail', 'ACF_dependence_fail', 'overcoverage']","Uniformity strongly rejected (min p=1.02e-08, KS=0.1940).; Independence strongly rejected (min Ljung-Box p=7.35e-88, |ACF lag-1|=0.8662).; Coverage off-target by 0.084 (target=0.900)."
0.204,1.3401831036384575e-09,2.851573333333333,1.415068286991783e-07,0.6285077732242144,0.1003515905541326,412.2436203892967,6.809913141991931e-87,432.0263250364077,1.420575206011028e-86,448.8907763877354,1.3884480914848778e-82,z=Phi^{-1}(u),0.8732947643122693,455.6447744624732,0.976,29200,29450,250,50,overlapping,RED,"['PIT_uniformity_fail', 'ACF_dependence_fail', 'overcoverage']","Uniformity strongly rejected (min p=1.34e-09, KS=0.2040).; Independence strongly rejected (min Ljung-Box p=6.81e-87, |ACF lag-1|=0.8733).; Coverage off-target by 0.076 (target=0.900)."
0.1419999999999999,7.331959943971355e-05,1.3529733333333331,0.000365073071731,1.7853676361387445,0.01,568.852471966796,1.0835821355674315e-120,701.1347129541347,3.584063046094938e-144,816.8649730767515,3.7153254285439566e-160,z=Phi^{-1}(u),0.9076110373290688,498.9917192418427,0.948,29250,29500,250,50,overlapping,RED,"['PIT_uniformity_fail', 'ACF_dependence_fail', 'coverage_warn']","Uniformity strongly rejected (min p=7.33e-05, KS=0.1420).; Independence strongly rejected (min Ljung-Box p=3.72e-160, |ACF lag-1|=0.9076).; Coverage mildly off-target by 0.048 (target=0.900)."
0.1539999999999999,1.2117561490147364e-05,1.914809333333333,1.880989693392454e-05,1.978383648261712,0.01,533.4976126982336,4.681906458965018e-113,699.8884558542813,6.63613555083641e-144,960.3219192240612,1.1211492062893672e-190,z=Phi^{-1}(u),0.8956309291159843,590.3976051420523,0.908,29300,29550,250,50,overlapping,RED,"['PIT_uniformity_fail', 'ACF_dependence_fail']","Uniformity strongly rejected (min p=1.21e-05, KS=0.1540).; Independence strongly rejected (min Ljung-Box p=1.12e-190, |ACF lag-1|=0.8956)."
0.152,1.652679981066289e-05,2.392277333333334,1.549010673951301e-06,1.108999744686571,0.01,390.139418505041,3.9562658919370143e-82,499.70987216288887,5.0921474856608956e-101,622.4602814550472,5.31056176968295e-119,z=Phi^{-1}(u),0.8607066201316717,601.2826996337483,0.908,29350,29600,250,50,overlapping,RED,"['PIT_uniformity_fail', 'ACF_dependence_fail']","Uniformity strongly rejected (min p=1.55e-06, KS=0.1520).; Independence strongly rejected (min Ljung-Box p=5.31e-119, |ACF lag-1|=0.8607)."
0.118,0.001723677123827,1.6262333333333334,8.582381830257724e-05,0.7374214035599209,0.0551977671239996,417.420893027651,5.211975415255128e-88,548.3843768495229,1.987070731067456e-111,673.2466990197554,1.0060165667145684e-129,z=Phi^{-1}(u),0.8667612340426958,588.3264198365449,0.916,29400,29650,250,50,overlapping,RED,"['PIT_uniformity_fail', 'ACF_dependence_fail']","Uniformity strongly rejected (min p=8.58e-05, KS=0.1180).; Independence strongly rejected (min Ljung-Box p=1.01e-129, |ACF lag-1|=0.8668)."
0.1299999999999999,0.0003826527409824,1.7075413333333331,5.590604713845426e-05,0.294871570649093,0.15,477.0998237130406,6.991176712277095e-101,633.0077185501183,1.4822831268179825e-129,699.3826927543959,2.989985919482624e-135,z=Phi^{-1}(u),0.8809006228297114,597.1237159935914,0.908,29450,29700,250,50,overlapping,RED,"['PIT_uniformity_fail', 'ACF_dependence_fail']","Uniformity strongly rejected (min p=5.59e-05, KS=0.1300).; Independence strongly rejected (min Ljung-Box p=2.99e-135, |ACF lag-1|=0.8809)."
0.06,0.3164237517245062,0.1458013333332332,0.402842792434165,7.027946341072948,0.01,540.997140251267,1.1245556676838267e-114,628.6451275689859,1.2772628568366399e-128,646.6374834343729,4.20330361395605e-124,z=Phi^{-1}(u),0.8692857792144045,630.8306492882167,0.888,29500,29750,250,50,overlapping,RED,['ACF_dependence_fail'],"Independence strongly rejected (min Ljung-Box p=1.28e-128, |ACF lag-1|=0.8693)."
0.08,0.0771476533902126,0.3953693333331373,0.0742406699979303,11.371893859515126,0.01,444.8540067039714,6.327765362804294e-94,467.8144314523673,3.30223981240481e-94,621.8605705024729,7.105764616098655e-119,z=Phi^{-1}(u),0.8141913267265096,629.0799517918119,0.896,29550,29800,250,50,overlapping,RED,['ACF_dependence_fail'],"Independence strongly rejected (min Ljung-Box p=7.11e-119, |ACF lag-1|=0.8142)."
0.092,0.0272001300552791,0.3995613333331373,0.0723666707086098,13.630046429778304,0.01,476.4164740584037,9.81765919781136e-101,500.7350753143398,3.074871189450457e-101,641.1150649510352,6.156743875886309e-123,z=Phi^{-1}(u),0.81872539241425,592.3151036403412,0.892,29600,29850,250,50,overlapping,RED,"['PIT_uniformity_warn', 'ACF_dependence_fail']","Uniformity weakly rejected (min p=0.0272).; Independence strongly rejected (min Ljung-Box p=6.16e-123, |ACF lag-1|=0.8187)."
0.0999999999999999,0.0125203447299346,0.5925093333330091,0.0232770039205174,13.357189781865486,0.01,394.23918184771617,5.173786021366261e-83,408.420703952444,1.517815859750751e-81,500.0266921551414,2.873058603375153e-93,z=Phi^{-1}(u),0.807861288989924,706.3967467558787,0.848,29650,29900,250,50,overlapping,RED,"['PIT_uniformity_warn', 'ACF_dependence_fail', 'undercoverage']","Uniformity weakly rejected (min p=0.0125).; Independence strongly rejected (min Ljung-Box p=2.87e-93, |ACF lag-1|=0.8079).; Coverage off-target by 0.052 (target=0.900)."
0.0899999999999999,0.0326901325154183,0.3072933333330093,0.1289102149243233,14.28937661900477,0.01,391.61937956423,1.898322246998011e-82,405.1460603707055,7.557598531838288e-81,474.8220343815018,5.37229259111755e-88,z=Phi^{-1}(u),0.806902163865496,682.6379574884895,0.864,29700,29950,250,50,overlapping,RED,"['PIT_uniformity_warn', 'ACF_dependence_fail', 'coverage_warn']","Uniformity weakly rejected (min p=0.0327).; Independence strongly rejected (min Ljung-Box p=5.37e-88, |ACF lag-1|=0.8069).; Coverage mildly off-target by 0.036 (target=0.900)."
0.0819999999999999,0.0655014478062853,0.2496773333332692,0.1888023967757438,5.651971448326208,0.01,346.932749545365,8.006586252091677e-73,354.8256566835055,3.768453604823832e-70,369.1109965262749,5.076128402304797e-66,z=Phi^{-1}(u),0.802214974738043,730.0805988839788,0.848,29750,30000,250,50,overlapping,RED,"['ACF_dependence_fail', 'undercoverage']","Independence strongly rejected (min Ljung-Box p=8.01e-73, |ACF lag-1|=0.8022).; Coverage off-target by 0.052 (target=0.900)."
0.0819999999999999,0.065501447806285,0.5139453333331733,0.0366359605715341,6.23030425891784,0.01,528.6538097229219,5.203814982217047e-112,589.9586150421387,2.4944712548894734e-120,600.0585507208255,2.7978994267436167e-114,z=Phi^{-1}(u),0.8971056253016435,1086.6151874765153,0.78,29800,30050,250,50,overlapping,RED,"['PIT_uniformity_warn', 'ACF_dependence_fail', 'undercoverage']","Uniformity weakly rejected (min p=0.0366).; Independence strongly rejected (min Ljung-Box p=2.49e-120, |ACF lag-1|=0.8971).; Coverage off-target by 0.120 (target=0.900)."
0.1379999999999999,0.0001292813412389,1.5941653333331534,0.0001016550837018,4.1151672422154775,0.01,493.2367326191894,2.3016808771942636e-104,519.2086227933145,3.459662940565135e-105,526.4733421182714,8.244589129057591e-99,z=Phi^{-1}(u),0.8767811119670536,1302.161002447215,0.728,29850,30100,250,50,overlapping,RED,"['PIT_uniformity_fail', 'ACF_dependence_fail', 'undercoverage']","Uniformity strongly rejected (min p=0.000102, KS=0.1380).; Independence strongly rejected (min Ljung-Box p=3.46e-105, |ACF lag-1|=0.8768).; Coverage off-target by 0.172 (target=0.900)."
0.1219999999999999,0.0010608632709633,1.1368253333331857,0.0011600769306775,4.301211738006543,0.01,554.3110417329641,1.4985943393401474e-117,580.4747568676119,2.6811195310985973e-118,610.0777941293047,2.166139183533952e-116,z=Phi^{-1}(u),0.8915661386341905,1192.995699961562,0.772,29900,30150,250,50,overlapping,RED,"['PIT_uniformity_fail', 'ACF_dependence_fail', 'undercoverage']","Uniformity strongly rejected (min p=0.00106, KS=0.1220).; Independence strongly rejected (min Ljung-Box p=2.68e-118, |ACF lag-1|=0.8916).; Coverage off-target by 0.128 (target=0.900)."
0.126,0.0006423606286764,0.8799053333331852,0.004676351139263,4.717990325684042,0.01,552.608961211257,3.4937352659825996e-117,579.9111612090314,3.540118439000673e-118,590.3538918711079,3.094998793546719e-112,z=Phi^{-1}(u),0.8898497058318888,1215.948176912914,0.772,29950,30200,250,50,overlapping,RED,"['PIT_uniformity_fail', 'ACF_dependence_fail', 'undercoverage']","Uniformity strongly rejected (min p=0.000642, KS=0.1260).; Independence strongly rejected (min Ljung-Box p=3.54e-118, |ACF lag-1|=0.8898).; Coverage off-target by 0.128 (target=0.900)."
0.134,0.0002242473030294,0.6831813333331852,0.013923475325684,6.423866315493569,0.01,492.4977994062367,3.322995065281985e-104,500.6478059068271,3.209782989914501e-101,532.4407158137666,4.615866569823271e-100,z=Phi^{-1}(u),0.8815551191240886,1166.3978127584037,0.824,30000,30250,250,50,overlapping,RED,"['PIT_uniformity_fail', 'ACF_dependence_fail', 'undercoverage']","Uniformity strongly rejected (min p=0.000224, KS=0.1340).; Independence strongly rejected (min Ljung-Box p=3.32e-104, |ACF lag-1|=0.8816).; Coverage off-target by 0.076 (target=0.900)."
0.098,0.0152929430424031,0.5888453333333293,0.0237700799114305,1.736363738706757,0.01,305.7733580530602,5.7455438834332097e-64,399.4852070478467,1.2114389882635431e-79,465.7425004199088,4.232735816906954e-86,z=Phi^{-1}(u),0.8047510962024448,731.5210067636549,0.924,30050,30300,250,50,overlapping,RED,"['PIT_uniformity_warn', 'ACF_dependence_fail', 'coverage_warn']","Uniformity weakly rejected (min p=0.0153).; Independence strongly rejected (min Ljung-Box p=4.23e-86, |ACF lag-1|=0.8048).; Coverage mildly off-target by 0.024 (target=0.900)."
0.1139999999999999,0.0027553557925281,0.9633693333333334,0.0029642368723513,1.7697759237233015,0.01,289.5212883063436,1.7909477434408474e-60,353.4238855517112,7.476816244455658e-70,425.216971987501,1.1815754170204334e-77,z=Phi^{-1}(u),0.8378475701981793,710.376049873735,0.936,30100,30350,250,50,overlapping,RED,"['PIT_uniformity_fail', 'ACF_dependence_fail', 'coverage_warn']","Uniformity strongly rejected (min p=0.00276, KS=0.1140).; Independence strongly rejected (min Ljung-Box p=1.18e-77, |ACF lag-1|=0.8378).; Coverage mildly off-target by 0.036 (target=0.900)."
0.07,0.1645397722936827,0.2832693333333334,0.1507700844137357,1.2202267421440638,0.01,324.30154896691704,5.94383878257108e-68,372.1238249670934,7.982581286950202e-74,418.4769331999056,2.9778089094567024e-76,z=Phi^{-1}(u),0.8446393675545308,758.8378851019139,0.928,30150,30400,250,50,overlapping,RED,"['ACF_dependence_fail', 'coverage_warn']","Independence strongly rejected (min Ljung-Box p=2.98e-76, |ACF lag-1|=0.8446).; Coverage mildly off-target by 0.028 (target=0.900)."
0.048,0.5949413009568136,0.1169053333333333,0.5084878271079778,0.8403337934238948,0.0311804597033552,317.4641064280568,1.7579376571589136e-66,353.34008492278906,7.789403256513338e-70,384.9677038188,2.665585447883285e-69,z=Phi^{-1}(u),0.8404429625589389,769.9394966342206,0.928,30200,30450,250,50,overlapping,RED,"['ACF_dependence_fail', 'coverage_warn']","Independence strongly rejected (min Ljung-Box p=7.79e-70, |ACF lag-1|=0.8404).; Coverage mildly off-target by 0.028 (target=0.900)."
0.0599999999999999,0.3164237517245071,0.0991053333333333,0.5896457191198146,0.7257094211184949,0.0600374292898781,314.7538204682692,6.729524598563614e-66,325.85750463705426,5.2414200669152286e-64,420.0383295983044,1.4103557695364262e-76,z=Phi^{-1}(u),0.8291022587710142,682.5058191000854,0.948,30250,30500,250,50,overlapping,RED,"['ACF_dependence_fail', 'coverage_warn']","Independence strongly rejected (min Ljung-Box p=1.41e-76, |ACF lag-1|=0.8291).; Coverage mildly off-target by 0.048 (target=0.900)."
0.11,0.0043334485784834,1.4457013333333333,0.000223041909822,0.4858568164278836,0.15,383.0215925194548,1.3519753773704554e-80,406.0660580551422,4.814259728864149e-81,410.8170634196476,1.1624366477654018e-74,z=Phi^{-1}(u),0.8517536758174863,829.0405337870084,0.904,30300,30550,250,50,overlapping,RED,"['PIT_uniformity_fail', 'ACF_dependence_fail']","Uniformity strongly rejected (min p=0.000223, KS=0.1100).; Independence strongly rejected (min Ljung-Box p=4.81e-81, |ACF lag-1|=0.8518)."
0.1359999999999999,0.0001706166522264,2.011305333333333,1.134298068905526e-05,0.4922062918055303,0.15,356.8918554769384,5.743644138667892e-75,372.0428722861211,8.305123662080824e-74,383.6739732747711,4.938966055290775e-69,z=Phi^{-1}(u),0.8503296788432193,682.3820941120964,0.948,30350,30600,250,50,overlapping,RED,"['PIT_uniformity_fail', 'ACF_dependence_fail', 'coverage_warn']","Uniformity strongly rejected (min p=1.13e-05, KS=0.1360).; Independence strongly rejected (min Ljung-Box p=5.74e-75, |ACF lag-1|=0.8503).; Coverage mildly off-target by 0.048 (target=0.900)."
0.188,3.2861094253825244e-08,3.0359453333333337,5.4198449950249035e-08,0.5495445937028478,0.15,391.89995867605046,1.651608638039516e-82,411.267582324614,3.75867486099011e-82,427.3029667241472,4.350393511164654e-78,z=Phi^{-1}(u),0.8538398858571303,659.9215656052413,0.956,30400,30650,250,50,overlapping,RED,"['PIT_uniformity_fail', 'ACF_dependence_fail', 'overcoverage']","Uniformity strongly rejected (min p=3.29e-08, KS=0.1880).; Independence strongly rejected (min Ljung-Box p=1.65e-82, |ACF lag-1|=0.8538).; Coverage off-target by 0.056 (target=0.900)."
0.212,2.445463195097008e-10,3.9852613333333338,6.027690568899401e-10,0.64460109856347,0.0935532650564173,401.9885346201895,1.1057963815432015e-84,414.2927619886293,8.52696599930996e-83,416.90008011993547,6.333201214445238e-76,z=Phi^{-1}(u),0.860718030325829,720.2558600566815,0.936,30450,30700,250,50,overlapping,RED,"['PIT_uniformity_fail', 'ACF_dependence_fail', 'coverage_warn']","Uniformity strongly rejected (min p=2.45e-10, KS=0.2120).; Independence strongly rejected (min Ljung-Box p=1.11e-84, |ACF lag-1|=0.8607).; Coverage mildly off-target by 0.036 (target=0.900)."
0.1679999999999999,1.2294793527601086e-06,2.3916613333333334,1.5539963191812944e-06,1.0813838127780857,0.01,439.8395272131468,7.63447524337514e-93,475.9327549470372,6.105162500129126e-96,503.146158480535,6.385134515440913e-94,z=Phi^{-1}(u),0.8727269739909141,772.6861035519181,0.904,30500,30750,250,50,overlapping,RED,"['PIT_uniformity_fail', 'ACF_dependence_fail']","Uniformity strongly rejected (min p=1.23e-06, KS=0.1680).; Independence strongly rejected (min Ljung-Box p=6.11e-96, |ACF lag-1|=0.8727)."
0.1039999999999999,0.008290637497102,0.7373213333333333,0.0102831616945935,1.7552815592684112,0.01,399.2483194689137,4.307959966345191e-84,406.698841612914,3.5303182169828355e-81,438.4681467001023,2.062426739208296e-80,z=Phi^{-1}(u),0.863207701190026,636.778839137346,0.944,30550,30800,250,50,overlapping,RED,"['PIT_uniformity_fail', 'ACF_dependence_fail', 'coverage_warn']","Uniformity strongly rejected (min p=0.00829, KS=0.1040).; Independence strongly rejected (min Ljung-Box p=4.31e-84, |ACF lag-1|=0.8632).; Coverage mildly off-target by 0.044 (target=0.900)."
0.0719999999999999,0.1425669535852263,0.3252133333333334,0.1149193543758758,1.6143375214079754,0.01,440.9320939091393,4.4375188111346906e-93,453.0593905823312,4.6493803327478594e-91,483.8860668750968,6.847352808419774e-90,z=Phi^{-1}(u),0.8835198702690393,630.387208728245,0.936,30600,30850,250,50,overlapping,RED,"['ACF_dependence_fail', 'coverage_warn']","Independence strongly rejected (min Ljung-Box p=4.44e-93, |ACF lag-1|=0.8835).; Coverage mildly off-target by 0.036 (target=0.900)."
0.07,0.1645397722936827,0.3817453333333173,0.0807032736707686,0.9645919220836844,0.0162414886959551,547.0729095104891,5.481420131785323e-116,639.5741604052581,5.793184285097428e-131,667.778948747557,1.439247644796902e-128,z=Phi^{-1}(u),0.8505425421933978,1004.5868144270266,0.796,30650,30900,250,50,overlapping,RED,"['ACF_dependence_fail', 'undercoverage']","Independence strongly rejected (min Ljung-Box p=5.79e-131, |ACF lag-1|=0.8505).; Coverage off-target by 0.104 (target=0.900)."
0.1339999999999999,0.0002242473030294,1.2394653333333172,0.0006689762459954,0.8109128978194917,0.0373098129542725,654.1457508585734,4.021386542866008e-139,875.2587892333333,1.3432661543773042e-181,1049.407810100323,1.1244865772036288e-209,z=Phi^{-1}(u),0.8632140153540891,1087.9283736377788,0.796,30700,30950,250,50,overlapping,RED,"['PIT_uniformity_fail', 'ACF_dependence_fail', 'undercoverage']","Uniformity strongly rejected (min p=0.000224, KS=0.1340).; Independence strongly rejected (min Ljung-Box p=1.12e-209, |ACF lag-1|=0.8632).; Coverage off-target by 0.104 (target=0.900)."
0.136,0.0001706166522264,1.9151573333333172,1.8775592301123467e-05,1.02247012176241,0.0108823961331101,646.5589690230347,1.7548836288088935e-137,869.2402197955977,2.6492244829962064e-180,1047.4806994991752,2.899015602187769e-209,z=Phi^{-1}(u),0.85767675117713,1032.1923553444617,0.828,30750,31000,250,50,overlapping,RED,"['PIT_uniformity_fail', 'ACF_dependence_fail', 'undercoverage']","Uniformity strongly rejected (min p=1.88e-05, KS=0.1360).; Independence strongly rejected (min Ljung-Box p=2.9e-209, |ACF lag-1|=0.8577).; Coverage off-target by 0.072 (target=0.900)."
0.092,0.0272001300552791,0.4855213333333174,0.0432746570138067,1.6207600562150333,0.01,706.2359272075597,2.2024394670521642e-150,1015.3070045537416,9.426972819244919e-212,1303.422147058854,5.473179940632449e-264,z=Phi^{-1}(u),0.8643456119232454,1018.395232070092,0.832,30800,31050,250,50,overlapping,RED,"['PIT_uniformity_warn', 'ACF_dependence_fail', 'undercoverage']","Uniformity weakly rejected (min p=0.0272).; Independence strongly rejected (min Ljung-Box p=5.47e-264, |ACF lag-1|=0.8643).; Coverage off-target by 0.068 (target=0.900)."
0.092,0.0272001300552791,0.3628133333333173,0.0907211086217641,2.713764574070069,0.01,716.3120522685981,1.459163601172251e-152,1085.3576242456672,7.564037580742912e-227,1397.550354059096,3.721280686586585e-284,z=Phi^{-1}(u),0.8628915558370046,1008.0287626168556,0.84,30850,31100,250,50,overlapping,RED,"['PIT_uniformity_warn', 'ACF_dependence_fail', 'undercoverage']","Uniformity weakly rejected (min p=0.0272).; Independence strongly rejected (min Ljung-Box p=3.72e-284, |ACF lag-1|=0.8629).; Coverage off-target by 0.060 (target=0.900)."
0.068,0.1891189832154274,0.2680933333333332,0.1667427386004938,0.9825083480653802,0.0145825603643166,703.6693520670343,7.90430435047049e-150,1028.1043840750715,1.6488196464778502e-214,1269.8032841860572,8.639840440365857e-257,z=Phi^{-1}(u),0.9201596941832912,631.5005315908778,0.972,30900,31150,250,50,overlapping,RED,"['ACF_dependence_fail', 'overcoverage']","Independence strongly rejected (min Ljung-Box p=8.64e-257, |ACF lag-1|=0.9202).; Coverage off-target by 0.072 (target=0.900)."
0.182,1.0177424069145845e-07,3.427741333333333,7.0585973732661955e-09,0.5462894641116804,0.15,464.3115575149441,4.016635398744417e-98,529.9880555762159,1.713441607511498e-107,560.9807725035519,4.679319648534342e-106,z=Phi^{-1}(u),0.8605372467297,470.45537715753824,0.988,30950,31200,250,50,overlapping,RED,"['PIT_uniformity_fail', 'ACF_dependence_fail', 'overcoverage']","Uniformity strongly rejected (min p=7.06e-09, KS=0.1820).; Independence strongly rejected (min Ljung-Box p=1.71e-107, |ACF lag-1|=0.8605).; Coverage off-target by 0.088 (target=0.900)."
0.248,4.9654153462026686e-14,5.153693333333333,8.571465759388275e-11,0.234097150506642,0.15,431.5933544429452,4.582896635436288e-91,509.0689306429479,5.089944705629499e-103,545.3439183154788,9.028067408632273e-103,z=Phi^{-1}(u),0.842239628567859,427.0799488816027,0.988,31000,31250,250,50,overlapping,RED,"['PIT_uniformity_fail', 'ACF_dependence_fail', 'overcoverage']","Uniformity strongly rejected (min p=4.97e-14, KS=0.2480).; Independence strongly rejected (min Ljung-Box p=5.09e-103, |ACF lag-1|=0.8422).; Coverage off-target by 0.088 (target=0.900)."
0.204,1.340183103638466e-09,3.2365773333333334,1.9076285107111346e-08,0.3691993133797098,0.15,377.198727348706,2.4291856208515875e-79,392.9645658118285,2.9566323264570348e-78,398.8063609006397,3.6147311307313323e-72,z=Phi^{-1}(u),0.8464740580586033,428.3036979250402,0.988,31050,31300,250,50,overlapping,RED,"['PIT_uniformity_fail', 'ACF_dependence_fail', 'overcoverage']","Uniformity strongly rejected (min p=1.34e-09, KS=0.2040).; Independence strongly rejected (min Ljung-Box p=2.43e-79, |ACF lag-1|=0.8465).; Coverage off-target by 0.088 (target=0.900)."
0.178,2.1176689879626938e-07,2.3335733333333333,2.1041726735449018e-06,0.5668010638438545,0.1444278115401039,341.39614183383526,1.2453377895288249e-71,342.3718283465648,1.6548929365098263e-67,350.8726777437511,2.9444972026276197e-62,z=Phi^{-1}(u),0.8399416860779747,466.2153105233101,0.96,31100,31350,250,50,overlapping,RED,"['PIT_uniformity_fail', 'ACF_dependence_fail', 'overcoverage']","Uniformity strongly rejected (min p=2.12e-07, KS=0.1780).; Independence strongly rejected (min Ljung-Box p=1.25e-71, |ACF lag-1|=0.8399).; Coverage off-target by 0.060 (target=0.900)."
0.236,9.864814950888782e-13,4.5137773333333175,2.888167482950621e-11,4.293913192133402,0.01,343.8227963000205,3.7405294455354585e-72,368.19764074558645,5.449769688989289e-73,389.5045100374053,3.0632759401551467e-70,z=Phi^{-1}(u),0.816735233672887,552.9996792720628,0.928,31150,31400,250,50,overlapping,RED,"['PIT_uniformity_fail', 'ACF_dependence_fail', 'coverage_warn']","Uniformity strongly rejected (min p=9.86e-13, KS=0.2360).; Independence strongly rejected (min Ljung-Box p=5.45e-73, |ACF lag-1|=0.8167).; Coverage mildly off-target by 0.028 (target=0.900)."
0.164,2.4133932149658096e-06,2.6586013333333174,3.86522171491599e-07,2.7813542283398363,0.01,393.1213172606183,9.009677827631694e-83,456.1349732685288,1.0262225703204444e-91,467.54133200594407,1.7824220547400962e-86,z=Phi^{-1}(u),0.8324532136475912,588.7863128768582,0.916,31200,31450,250,50,overlapping,RED,"['PIT_uniformity_fail', 'ACF_dependence_fail']","Uniformity strongly rejected (min p=3.87e-07, KS=0.1640).; Independence strongly rejected (min Ljung-Box p=1.03e-91, |ACF lag-1|=0.8325)."
0.162,3.360315096730175e-06,3.4550693333333173,6.1251066441059265e-09,1.9492438554800628,0.01,388.1057847634795,1.0851663218720407e-81,451.9998106667753,7.8240304168581e-91,465.3722683714864,5.0573319461651465e-86,z=Phi^{-1}(u),0.8347434319105607,638.9748347948301,0.904,31250,31500,250,50,overlapping,RED,"['PIT_uniformity_fail', 'ACF_dependence_fail']","Uniformity strongly rejected (min p=6.13e-09, KS=0.1620).; Independence strongly rejected (min Ljung-Box p=7.82e-91, |ACF lag-1|=0.8347)."
0.202,2.0289194101949033e-09,5.328621333333318,1.6618395548562148e-10,1.966997463593941,0.01,398.4616618441029,6.365225378003987e-84,492.8834647256732,1.46365546850779e-99,516.9368066106033,8.238201911688434e-97,z=Phi^{-1}(u),0.8297114292075844,621.9861140293882,0.904,31300,31550,250,50,overlapping,RED,"['PIT_uniformity_fail', 'ACF_dependence_fail']","Uniformity strongly rejected (min p=1.66e-10, KS=0.2020).; Independence strongly rejected (min Ljung-Box p=1.46e-99, |ACF lag-1|=0.8297)."
0.166,1.726138801805241e-06,3.943709333333317,6.554516929213604e-10,2.7718777203963896,0.01,450.2214541582329,4.40050119359409e-95,599.372684233225,2.399649605043537e-122,624.3795554678222,2.0910729727214743e-119,z=Phi^{-1}(u),0.8467023351573189,592.2291089503283,0.904,31350,31600,250,50,overlapping,RED,"['PIT_uniformity_fail', 'ACF_dependence_fail']","Uniformity strongly rejected (min p=6.55e-10, KS=0.1660).; Independence strongly rejected (min Ljung-Box p=2.4e-122, |ACF lag-1|=0.8467)."
0.142,7.331959943971247e-05,2.709773333333333,2.960914798899595e-07,0.9060807745111958,0.0216591875452596,312.793998487871,1.776279382631629e-65,352.1831010806944,1.3711189097885916e-69,364.6180896970197,4.300878308224254e-65,z=Phi^{-1}(u),0.8330870203613517,508.8656818265384,0.92,31400,31650,250,50,overlapping,RED,"['PIT_uniformity_fail', 'ACF_dependence_fail', 'coverage_warn']","Uniformity strongly rejected (min p=2.96e-07, KS=0.1420).; Independence strongly rejected (min Ljung-Box p=1.37e-69, |ACF lag-1|=0.8331).; Coverage mildly off-target by 0.020 (target=0.900)."
0.11,0.0043334485784834,0.8835693333333334,0.0045833549006644,0.9810023868515714,0.014722001217447,334.4362662664631,3.919821256671785e-70,383.52056093948846,3.0164623694567277e-76,413.6718110869933,2.967562807351714e-75,z=Phi^{-1}(u),0.8470184739247244,444.1225625536016,0.936,31450,31700,250,50,overlapping,RED,"['PIT_uniformity_fail', 'ACF_dependence_fail', 'coverage_warn']","Uniformity strongly rejected (min p=0.00433, KS=0.1100).; Independence strongly rejected (min Ljung-Box p=3.02e-76, |ACF lag-1|=0.8470).; Coverage mildly off-target by 0.036 (target=0.900)."
0.09,0.0326901325154183,0.3182893333333333,0.1201134456090891,1.2340983253401134,0.01,334.9460669261824,3.044744255803623e-70,355.41011941191226,2.83198870534928e-70,398.03206088468727,5.231863715594127e-72,z=Phi^{-1}(u),0.8415956116769672,392.8795087025064,0.948,31500,31750,250,50,overlapping,RED,"['PIT_uniformity_warn', 'ACF_dependence_fail', 'coverage_warn']","Uniformity weakly rejected (min p=0.0327).; Independence strongly rejected (min Ljung-Box p=5.23e-72, |ACF lag-1|=0.8416).; Coverage mildly off-target by 0.048 (target=0.900)."
0.1,0.0125203447299345,0.5427853333333175,0.0309839973318488,3.27642561536706,0.01,251.52516966566523,2.587402037609205e-52,258.2988986312563,9.74586327695594e-50,260.6624929690555,8.023202838925997e-44,z=Phi^{-1}(u),0.8000473534089967,413.4433354337567,0.92,31550,31800,250,50,overlapping,RED,"['PIT_uniformity_warn', 'ACF_dependence_fail', 'coverage_warn']","Uniformity weakly rejected (min p=0.0125).; Independence strongly rejected (min Ljung-Box p=2.59e-52, |ACF lag-1|=0.8000).; Coverage mildly off-target by 0.020 (target=0.900)."
0.0919999999999999,0.0272001300552793,0.6253053333333174,0.0193088360284763,2.388667553408652,0.01,247.91012172066516,1.5434979008513962e-51,248.5203832432288,1.110946978144247e-47,272.0924297692686,3.879549910986695e-46,z=Phi^{-1}(u),0.8020007146707834,422.3160588379869,0.928,31600,31850,250,50,overlapping,RED,"['PIT_uniformity_warn', 'ACF_dependence_fail', 'coverage_warn']","Uniformity weakly rejected (min p=0.0193).; Independence strongly rejected (min Ljung-Box p=1.54e-51, |ACF lag-1|=0.8020).; Coverage mildly off-target by 0.028 (target=0.900)."
0.076,0.1057293785294712,0.5485533333332814,0.0299675556663125,5.81168721133858,0.01,301.6998570663385,4.317190156371739e-63,301.82788302016064,6.385591633958298e-59,332.80135807838906,1.5407385677145585e-58,z=Phi^{-1}(u),0.8467275980998802,556.9314748478427,0.876,31650,31900,250,50,overlapping,RED,"['PIT_uniformity_warn', 'ACF_dependence_fail', 'coverage_warn']","Uniformity weakly rejected (min p=0.03).; Independence strongly rejected (min Ljung-Box p=4.32e-63, |ACF lag-1|=0.8467).; Coverage mildly off-target by 0.024 (target=0.900)."
0.12,0.0013550102442608,0.7458653333332333,0.0098050599468969,4.82683315543693,0.01,279.39326634404847,2.6873277606744872e-58,289.7109549248448,2.3209660817238826e-56,357.81280717333044,1.0916627492255902e-63,z=Phi^{-1}(u),0.7933427691715846,710.1842069362756,0.804,31700,31950,250,50,overlapping,RED,"['PIT_uniformity_fail', 'ACF_dependence_fail', 'undercoverage']","Uniformity strongly rejected (min p=0.00136, KS=0.1200).; Independence strongly rejected (min Ljung-Box p=1.09e-63, |ACF lag-1|=0.7933).; Coverage off-target by 0.096 (target=0.900)."
0.1959999999999999,6.863732252207977e-09,2.198613333333198,4.257643176130976e-06,3.841880071902409,0.01,285.74653589452345,1.1594978067800581e-59,286.39996183998863,1.1609526647464507e-55,328.383596971768,1.2448890646586246e-57,z=Phi^{-1}(u),0.7876637244444102,897.5358837264329,0.732,31750,32000,250,50,overlapping,RED,"['PIT_uniformity_fail', 'ACF_dependence_fail', 'undercoverage']","Uniformity strongly rejected (min p=6.86e-09, KS=0.1960).; Independence strongly rejected (min Ljung-Box p=1.16e-59, |ACF lag-1|=0.7877).; Coverage off-target by 0.168 (target=0.900)."
0.196,6.8637322522079354e-09,2.446797333333261,1.165634193389664e-06,2.605955247041408,0.01,308.3320834061854,1.6184689191478278e-64,308.75971609946515,2.1835142065724373e-60,352.1001583817484,1.6445091227430183e-62,z=Phi^{-1}(u),0.7979825748895355,934.0514865717284,0.732,31800,32050,250,50,overlapping,RED,"['PIT_uniformity_fail', 'ACF_dependence_fail', 'undercoverage']","Uniformity strongly rejected (min p=6.86e-09, KS=0.1960).; Independence strongly rejected (min Ljung-Box p=1.62e-64, |ACF lag-1|=0.7980).; Coverage off-target by 0.168 (target=0.900)."
0.188,3.2861094253825244e-08,2.702541333333261,3.074560357418932e-07,2.881289050803076,0.01,296.98176034416264,4.4619350938680685e-62,297.6881228883531,4.7897123254486985e-58,326.6950309432203,2.765516273051041e-57,z=Phi^{-1}(u),0.789728323598506,911.2139388561624,0.736,31850,32100,250,50,overlapping,RED,"['PIT_uniformity_fail', 'ACF_dependence_fail', 'undercoverage']","Uniformity strongly rejected (min p=3.29e-08, KS=0.1880).; Independence strongly rejected (min Ljung-Box p=4.46e-62, |ACF lag-1|=0.7897).; Coverage off-target by 0.164 (target=0.900)."
0.188,3.2861094253825244e-08,2.9952933333332976,6.696966625696632e-08,1.672910708308109,0.01,280.3066093129253,1.7104157918683934e-58,293.0821385522204,4.503845493115282e-57,329.0255975921307,9.189832215947904e-58,z=Phi^{-1}(u),0.7433395872837724,777.463441855356,0.808,31900,32150,250,50,overlapping,RED,"['PIT_uniformity_fail', 'ACF_dependence_fail', 'undercoverage']","Uniformity strongly rejected (min p=3.29e-08, KS=0.1880).; Independence strongly rejected (min Ljung-Box p=1.71e-58, |ACF lag-1|=0.7433).; Coverage off-target by 0.092 (target=0.900)."
0.1339999999999999,0.0002242473030294,1.2157373333333252,0.0007595688083805,1.1417092665253676,0.01,386.8407665873111,2.032711021352565e-81,401.85211604147406,3.797906639517627e-80,434.36498011102185,1.4750086458179114e-79,z=Phi^{-1}(u),0.8148616003165648,842.8339533141951,0.816,31950,32200,250,50,overlapping,RED,"['PIT_uniformity_fail', 'ACF_dependence_fail', 'undercoverage']","Uniformity strongly rejected (min p=0.000224, KS=0.1340).; Independence strongly rejected (min Ljung-Box p=2.03e-81, |ACF lag-1|=0.8149).; Coverage off-target by 0.084 (target=0.900)."
0.0759999999999999,0.1057293785294719,0.3889253333333293,0.0772245861007171,0.7804608166775324,0.043653996525514,455.4167163336208,3.3327790952098667e-96,495.46262954838704,4.115380189865778e-100,499.2985564491123,4.081170079846518e-93,z=Phi^{-1}(u),0.8582068600784803,850.842673525505,0.836,32000,32250,250,50,overlapping,RED,"['ACF_dependence_fail', 'undercoverage']","Independence strongly rejected (min Ljung-Box p=4.12e-100, |ACF lag-1|=0.8582).; Coverage off-target by 0.064 (target=0.900)."
0.0739999999999999,0.1230243374005598,0.3576053333333293,0.0937098222382444,0.6261094960128162,0.1020646457051313,427.4378241888425,3.6076846899998124e-90,457.2700786423951,5.875639445846022e-92,459.9462051002431,6.863399455729506e-85,z=Phi^{-1}(u),0.8486793803483267,821.7340289367067,0.864,32050,32300,250,50,overlapping,RED,"['ACF_dependence_fail', 'coverage_warn']","Independence strongly rejected (min Ljung-Box p=5.88e-92, |ACF lag-1|=0.8487).; Coverage mildly off-target by 0.036 (target=0.900)."
0.2099999999999999,3.765531209202375e-10,4.12390133333333,1.8703671944564346e-10,1.0583140802916375,0.01,425.02822060887394,1.19344334487681e-89,458.56588072771234,3.1086329684295326e-92,459.5214679139199,8.417340046613396e-85,z=Phi^{-1}(u),0.8464914416701749,1037.5823189364244,0.828,32100,32350,250,50,overlapping,RED,"['PIT_uniformity_fail', 'ACF_dependence_fail', 'undercoverage']","Uniformity strongly rejected (min p=1.87e-10, KS=0.2100).; Independence strongly rejected (min Ljung-Box p=3.11e-92, |ACF lag-1|=0.8465).; Coverage off-target by 0.072 (target=0.900)."
0.1919999999999999,1.5145111443713852e-08,3.384005333333329,8.859550648665504e-09,0.5175154278818184,0.15,431.5112673910545,4.773552451012748e-91,468.8894679832733,1.9468732199456853e-94,471.3659687152221,2.832731276556033e-87,z=Phi^{-1}(u),0.8442085849758737,1050.2123929384798,0.824,32150,32400,250,50,overlapping,RED,"['PIT_uniformity_fail', 'ACF_dependence_fail', 'undercoverage']","Uniformity strongly rejected (min p=8.86e-09, KS=0.1920).; Independence strongly rejected (min Ljung-Box p=1.95e-94, |ACF lag-1|=0.8442).; Coverage off-target by 0.076 (target=0.900)."
0.188,3.286109425382487e-08,3.499725333333333,4.859724400674281e-09,1.140078471583081,0.01,338.19783396857883,6.077083430421887e-71,340.8324902892153,3.509547642818226e-67,352.96775297279595,1.0894392186633616e-62,z=Phi^{-1}(u),0.857569872153605,954.9668403512932,0.876,32200,32450,250,50,overlapping,RED,"['PIT_uniformity_fail', 'ACF_dependence_fail', 'coverage_warn']","Uniformity strongly rejected (min p=4.86e-09, KS=0.1880).; Independence strongly rejected (min Ljung-Box p=6.08e-71, |ACF lag-1|=0.8576).; Coverage mildly off-target by 0.024 (target=0.900)."
0.196,6.86373225220786e-09,3.844389333333333,9.095275643744571e-10,1.4288075687295532,0.01,354.6801307490582,1.7196120552423169e-74,364.4361045743672,3.4311948453646587e-72,438.302108688684,2.233365498449867e-80,z=Phi^{-1}(u),0.8533392946367113,931.2627032630536,0.9,32250,32500,250,50,overlapping,RED,"['PIT_uniformity_fail', 'ACF_dependence_fail']","Uniformity strongly rejected (min p=9.1e-10, KS=0.1960).; Independence strongly rejected (min Ljung-Box p=2.23e-80, |ACF lag-1|=0.8533)."
0.152,1.652679981066289e-05,1.7152053333333293,5.369463223381388e-05,1.922595304501442,0.01,470.6305520189368,1.7397166849645326e-99,509.82161941554455,3.514190038878572e-103,519.2015444831587,2.761021279493594e-97,z=Phi^{-1}(u),0.8434312080662156,1065.3003402393622,0.844,32300,32550,250,50,overlapping,RED,"['PIT_uniformity_fail', 'ACF_dependence_fail', 'undercoverage']","Uniformity strongly rejected (min p=1.65e-05, KS=0.1520).; Independence strongly rejected (min Ljung-Box p=3.51e-103, |ACF lag-1|=0.8434).; Coverage off-target by 0.056 (target=0.900)."
0.0619999999999999,0.2800260038615038,0.1129493333333292,0.525367426822992,1.856058804024741,0.01,420.3611689034885,1.2108222612149204e-88,435.7951328421246,2.234068505589202e-87,437.5391452506906,3.220012151868096e-80,z=Phi^{-1}(u),0.8283830224409283,870.1544004197355,0.896,32350,32600,250,50,overlapping,RED,['ACF_dependence_fail'],"Independence strongly rejected (min Ljung-Box p=1.21e-88, |ACF lag-1|=0.8284)."
0.0499999999999999,0.5427406465653775,0.1765013333333293,0.3181641964988123,1.9017995088861424,0.01,453.1356223048016,1.0348634024045684e-95,507.80692442862016,9.472386979312845e-103,513.0349279748781,5.415244983928895e-96,z=Phi^{-1}(u),0.8351047449588528,899.5733010080061,0.896,32400,32650,250,50,overlapping,RED,['ACF_dependence_fail'],"Independence strongly rejected (min Ljung-Box p=9.47e-103, |ACF lag-1|=0.8351)."
0.0579999999999999,0.3559457059095411,0.1380493333333293,0.4283754424827527,1.7392128786978844,0.01,447.4737721300747,1.7225964279406837e-94,486.9989677388235,2.645222329339252e-98,488.48572142070265,7.473820008309275e-91,z=Phi^{-1}(u),0.8309288134276986,872.1976146386975,0.9,32450,32700,250,50,overlapping,RED,['ACF_dependence_fail'],"Independence strongly rejected (min Ljung-Box p=2.65e-98, |ACF lag-1|=0.8309)."
0.1159999999999999,0.0021837382351525,1.6437533333333294,7.824667935896201e-05,1.1282209145707611,0.01,430.9681752751719,6.251094157240993e-91,480.88205436290485,5.356321750306688e-97,485.8157855818196,2.7038344581161247e-90,z=Phi^{-1}(u),0.8140126749163318,809.5064511312275,0.904,32500,32750,250,50,overlapping,RED,"['PIT_uniformity_fail', 'ACF_dependence_fail']","Uniformity strongly rejected (min p=7.82e-05, KS=0.1160).; Independence strongly rejected (min Ljung-Box p=5.36e-97, |ACF lag-1|=0.8140)."
0.092,0.0272001300552789,0.8289053333333333,0.0061897194014056,0.9126422119608152,0.0210516470406652,567.9895343448783,1.6644120815821187e-120,648.662214989501,6.5148669470440455e-133,655.285342963468,6.273286281854883e-126,z=Phi^{-1}(u),0.8885221419368734,717.3858534474873,0.956,32550,32800,250,50,overlapping,RED,"['PIT_uniformity_fail', 'ACF_dependence_fail', 'overcoverage']","Uniformity strongly rejected (min p=0.00619, KS=0.0920).; Independence strongly rejected (min Ljung-Box p=6.51e-133, |ACF lag-1|=0.8885).; Coverage off-target by 0.056 (target=0.900)."
0.142,7.331959943971247e-05,2.648705333333333,4.0696896741465604e-07,1.027272083153207,0.0104377700784067,522.4061718972958,1.1621548008621713e-110,582.553950626077,9.616449017457049e-119,655.1982372111544,6.544732457473042e-126,z=Phi^{-1}(u),0.8774490522835324,721.5950305024764,0.956,32600,32850,250,50,overlapping,RED,"['PIT_uniformity_fail', 'ACF_dependence_fail', 'overcoverage']","Uniformity strongly rejected (min p=4.07e-07, KS=0.1420).; Independence strongly rejected (min Ljung-Box p=6.54e-126, |ACF lag-1|=0.8774).; Coverage off-target by 0.056 (target=0.900)."
0.084,0.0553890740154738,0.6064813333332973,0.0214920791161069,4.018455226257657,0.01,500.5306062720613,6.133734804301186e-106,589.7597844265254,2.751505920602579e-120,628.5041806713217,2.8207828036486708e-120,z=Phi^{-1}(u),0.8762446457211348,868.2312784790664,0.924,32650,32900,250,50,overlapping,RED,"['PIT_uniformity_warn', 'ACF_dependence_fail', 'coverage_warn']","Uniformity weakly rejected (min p=0.0215).; Independence strongly rejected (min Ljung-Box p=2.75e-120, |ACF lag-1|=0.8762).; Coverage mildly off-target by 0.024 (target=0.900)."
0.074,0.1230243374005592,0.4254773333332973,0.0618559333784911,4.06261361938914,0.01,537.8728333835604,5.316875588814508e-114,627.3399691530983,2.432725014536429e-128,649.8410472660263,8.855257447588751e-125,z=Phi^{-1}(u),0.8947839229464767,1008.2089940946446,0.884,32700,32950,250,50,overlapping,RED,['ACF_dependence_fail'],"Independence strongly rejected (min Ljung-Box p=2.43e-128, |ACF lag-1|=0.8948)."
0.126,0.0006423606286764,0.9654053333330892,0.0029315741891861,7.835925836507158,0.01,466.9180052852908,1.1002985236255949e-98,544.7034187276822,1.2186148423188789e-110,584.9000404505217,4.3531007602781656e-111,z=Phi^{-1}(u),0.7962124635565498,1297.707627139583,0.824,32750,33000,250,50,overlapping,RED,"['PIT_uniformity_fail', 'ACF_dependence_fail', 'undercoverage']","Uniformity strongly rejected (min p=0.000642, KS=0.1260).; Independence strongly rejected (min Ljung-Box p=4.35e-111, |ACF lag-1|=0.7962).; Coverage off-target by 0.076 (target=0.900)."
0.1159999999999999,0.0021837382351525,1.0573933333330892,0.0017801912229472,9.22000057402704,0.01,457.54027364195815,1.1606444774497841e-96,530.0308866502564,1.677677615765245e-107,565.9432294473304,4.235431245344569e-107,z=Phi^{-1}(u),0.792095757953922,1269.5377744286984,0.828,32800,33050,250,50,overlapping,RED,"['PIT_uniformity_fail', 'ACF_dependence_fail', 'undercoverage']","Uniformity strongly rejected (min p=0.00178, KS=0.1160).; Independence strongly rejected (min Ljung-Box p=1.68e-107, |ACF lag-1|=0.7921).; Coverage off-target by 0.072 (target=0.900)."
0.196,6.8637322522079354e-09,3.9360853333330894,6.682120412548898e-10,10.187496608103402,0.01,441.0372319472776,4.211767449934736e-93,495.75003754797416,3.5727565217027606e-100,553.511945525005,1.7370883940384276e-104,z=Phi^{-1}(u),0.7876355921426696,1323.6895134167305,0.828,32850,33100,250,50,overlapping,RED,"['PIT_uniformity_fail', 'ACF_dependence_fail', 'undercoverage']","Uniformity strongly rejected (min p=6.68e-10, KS=0.1960).; Independence strongly rejected (min Ljung-Box p=1.74e-104, |ACF lag-1|=0.7876).; Coverage off-target by 0.072 (target=0.900)."
0.156,8.848081887923624e-06,2.548397333333197,6.863680938051786e-07,9.285521588701783,0.01,470.9479226551704,1.485934485678352e-99,528.2337635748574,4.065099796019114e-107,607.0288797227104,9.511144799310815e-116,z=Phi^{-1}(u),0.7780831651091078,1206.8223292460625,0.868,32900,33150,250,50,overlapping,RED,"['PIT_uniformity_fail', 'ACF_dependence_fail', 'coverage_warn']","Uniformity strongly rejected (min p=6.86e-07, KS=0.1560).; Independence strongly rejected (min Ljung-Box p=9.51e-116, |ACF lag-1|=0.7781).; Coverage mildly off-target by 0.032 (target=0.900)."
0.118,0.001723677123827,0.9488853333331976,0.0032075139021962,11.38014660937364,0.01,465.8458392618733,1.874291913710889e-98,535.8203726815497,9.690326541781689e-109,605.5997288039736,1.9027728394428658e-115,z=Phi^{-1}(u),0.7647121542209155,1040.973942619324,0.916,32950,33200,250,50,overlapping,RED,"['PIT_uniformity_fail', 'ACF_dependence_fail']","Uniformity strongly rejected (min p=0.00172, KS=0.1180).; Independence strongly rejected (min Ljung-Box p=1.9e-115, |ACF lag-1|=0.7647)."
0.1139999999999999,0.0027553557925281,1.1281453333333331,0.0012155312892138,1.0054285132306973,0.0124603228490095,411.9333830586055,7.9436608712561075e-87,426.94438641772,1.7200227021889457e-85,568.6351467246068,1.1503650340876789e-107,z=Phi^{-1}(u),0.8730539339970098,730.2474683985114,0.992,33000,33250,250,50,overlapping,RED,"['PIT_uniformity_fail', 'ACF_dependence_fail', 'overcoverage']","Uniformity strongly rejected (min p=0.00122, KS=0.1140).; Independence strongly rejected (min Ljung-Box p=1.15e-107, |ACF lag-1|=0.8731).; Coverage off-target by 0.092 (target=0.900)."
0.128,0.0004967972491749,1.2635893333333337,0.0005880278330903,1.7724965005353113,0.01,437.586050697476,2.337676650073078e-92,451.3050004047802,1.1006422253803282e-90,523.3682904294815,3.693108740485408e-98,z=Phi^{-1}(u),0.8846946499445077,793.2657657903319,0.984,33050,33300,250,50,overlapping,RED,"['PIT_uniformity_fail', 'ACF_dependence_fail', 'overcoverage']","Uniformity strongly rejected (min p=0.000497, KS=0.1280).; Independence strongly rejected (min Ljung-Box p=3.69e-98, |ACF lag-1|=0.8847).; Coverage off-target by 0.084 (target=0.900)."
0.0599999999999999,0.3164237517245071,0.2273693333333333,0.2202172226397361,1.0342519955689795,0.01,453.4385006423733,8.903221920315656e-96,504.414099604513,5.030402786469922e-102,527.7513516171326,4.44726049606658e-99,z=Phi^{-1}(u),0.881642692864203,756.6985280751891,0.98,33100,33350,250,50,overlapping,RED,"['ACF_dependence_fail', 'overcoverage']","Independence strongly rejected (min Ljung-Box p=5.03e-102, |ACF lag-1|=0.8816).; Coverage off-target by 0.080 (target=0.900)."
0.084,0.0553890740154735,0.6508013333333333,0.0167115047234316,0.3223773105362397,0.15,450.3476753702125,4.133094682453922e-95,507.0452980873512,1.3779942753133777e-102,565.2943929997467,5.798600865750149e-107,z=Phi^{-1}(u),0.8860422518439225,814.7396635844235,0.936,33150,33400,250,50,overlapping,RED,"['PIT_uniformity_warn', 'ACF_dependence_fail', 'coverage_warn']","Uniformity weakly rejected (min p=0.0167).; Independence strongly rejected (min Ljung-Box p=5.8e-107, |ACF lag-1|=0.8860).; Coverage mildly off-target by 0.036 (target=0.900)."
0.0799999999999999,0.0771476533902131,0.4300493333333333,0.0601781752813561,0.5923644331473383,0.1261682620376155,493.5943563055354,1.926896387946673e-104,605.0891578826445,1.4297691541068476e-123,628.8595548094282,2.3735773201381637e-120,z=Phi^{-1}(u),0.8892982989818639,821.7864690475068,0.936,33200,33450,250,50,overlapping,RED,"['ACF_dependence_fail', 'coverage_warn']","Independence strongly rejected (min Ljung-Box p=1.43e-123, |ACF lag-1|=0.8893).; Coverage mildly off-target by 0.036 (target=0.900)."
0.1119999999999999,0.0034624885629555,0.6673813333333334,0.0152184979204955,1.673022279556818,0.01,675.1083307525882,1.1827585483607438e-143,877.1012649551044,5.391606686103727e-182,940.5159885648918,1.8585945311539317e-186,z=Phi^{-1}(u),0.9249782933417788,902.2473677097728,0.936,33250,33500,250,50,overlapping,RED,"['PIT_uniformity_fail', 'ACF_dependence_fail', 'coverage_warn']","Uniformity strongly rejected (min p=0.00346, KS=0.1120).; Independence strongly rejected (min Ljung-Box p=1.86e-186, |ACF lag-1|=0.9250).; Coverage mildly off-target by 0.036 (target=0.900)."
0.082,0.065501447806285,0.4580213333333333,0.0509163297475901,0.8285840642299718,0.0336283199520892,734.6464470147579,1.582193550122056e-156,984.830698359018,3.4624312497157904e-205,1053.1469218422214,1.7901594276329992e-210,z=Phi^{-1}(u),0.9315152215096432,852.9888019983207,0.944,33300,33550,250,50,overlapping,RED,"['ACF_dependence_fail', 'coverage_warn']","Independence strongly rejected (min Ljung-Box p=1.79e-210, |ACF lag-1|=0.9315).; Coverage mildly off-target by 0.044 (target=0.900)."
0.094,0.0225406568153296,0.5249093333333292,0.0343695582965803,0.8924751547020264,0.0229189671572197,624.5012719670073,1.0267748487004463e-132,789.4853230931884,3.7574849702749026e-163,810.9243366728904,6.784713806552555e-159,z=Phi^{-1}(u),0.8828924138605108,1003.550814780814,0.876,33350,33600,250,50,overlapping,RED,"['PIT_uniformity_warn', 'ACF_dependence_fail', 'coverage_warn']","Uniformity weakly rejected (min p=0.0225).; Independence strongly rejected (min Ljung-Box p=3.76e-163, |ACF lag-1|=0.8829).; Coverage mildly off-target by 0.024 (target=0.900)."
0.064,0.2467324500849861,0.1535493333333293,0.3791339271481685,0.7829502298881721,0.0431353687732974,768.4488384598719,7.733757075559178e-164,1012.0420614746664,4.761693532567528e-211,1110.52358443089,1.0015407547218871e-222,z=Phi^{-1}(u),0.8943059000152269,953.662858472526,0.892,33400,33650,250,50,overlapping,RED,['ACF_dependence_fail'],"Independence strongly rejected (min Ljung-Box p=1e-222, |ACF lag-1|=0.8943)."
0.1080000000000001,0.0054015033651195,1.0286613333333294,0.0020795799908245,1.1594161411627797,0.01,778.745857133059,4.5821587170097943e-166,1022.0268487754656,3.362123985879863e-213,1147.0269443912475,1.5858072732132795e-230,z=Phi^{-1}(u),0.8969998131998875,942.2793604025928,0.892,33450,33700,250,50,overlapping,RED,"['PIT_uniformity_fail', 'ACF_dependence_fail']","Uniformity strongly rejected (min p=0.00208, KS=0.1080).; Independence strongly rejected (min Ljung-Box p=1.59e-230, |ACF lag-1|=0.8970)."
0.216,1.0183309459024714e-10,5.5957053333333295,4.2550873935454087e-10,2.154753615679624,0.01,754.5187541510387,7.968632197732573e-161,998.743096679024,3.4886850110640626e-208,1074.8663584977926,4.132506575284269e-215,z=Phi^{-1}(u),0.8857287279404388,900.6346772927755,0.892,33500,33750,250,50,overlapping,RED,"['PIT_uniformity_fail', 'ACF_dependence_fail']","Uniformity strongly rejected (min p=1.02e-10, KS=0.2160).; Independence strongly rejected (min Ljung-Box p=4.13e-215, |ACF lag-1|=0.8857)."
0.346,3.0625802848084967e-27,13.31429733333333,2.2230906004949702e-10,3.610753943358816,0.01,735.9113038952706,8.427854339119134e-157,957.2860998320812,2.960992858323853e-199,1124.4314944830842,1.0694564393195642e-225,z=Phi^{-1}(u),0.8798120423910897,966.0203903596812,0.832,33550,33800,250,50,overlapping,RED,"['PIT_uniformity_fail', 'ACF_dependence_fail', 'undercoverage']","Uniformity strongly rejected (min p=3.06e-27, KS=0.3460).; Independence strongly rejected (min Ljung-Box p=1.07e-225, |ACF lag-1|=0.8798).; Coverage off-target by 0.068 (target=0.900)."
0.318,5.570166771421436e-23,12.501705333333332,2.2452564252262164e-09,2.7412273195579075,0.01,737.58129841577,3.669061144500189e-157,956.7884274438956,3.7896934876762233e-199,983.6523267234984,1.1944196811915164e-195,z=Phi^{-1}(u),0.954025834621668,828.2302113374321,0.896,33600,33850,250,50,overlapping,RED,"['PIT_uniformity_fail', 'ACF_dependence_fail']","Uniformity strongly rejected (min p=5.57e-23, KS=0.3180).; Independence strongly rejected (min Ljung-Box p=3.79e-199, |ACF lag-1|=0.9540)."
0.246,8.260816365067852e-14,6.788793333333334,1.0567124952842731e-10,3.256101574412924,0.01,913.6289979680348,2.9880146919634208e-195,1399.7028038677845,1.1499947212408095e-294,1623.6407269557008,0.0,z=Phi^{-1}(u),0.9540698024908048,893.9833234208138,0.868,33650,33900,250,50,overlapping,RED,"['PIT_uniformity_fail', 'ACF_dependence_fail', 'coverage_warn']","Uniformity strongly rejected (min p=8.26e-14, KS=0.2460).; Independence strongly rejected (min Ljung-Box p=0, |ACF lag-1|=0.9541).; Coverage mildly off-target by 0.032 (target=0.900)."
0.148,3.0364362222398546e-05,2.3564413333333336,1.867469829441859e-06,1.1597075517076405,0.01,888.8441161969919,6.909947260212171e-190,1331.0720540810455,7.524282585787792e-280,1586.313176137754,0.0,z=Phi^{-1}(u),0.9547902109469678,877.5487181462875,0.868,33700,33950,250,50,overlapping,RED,"['PIT_uniformity_fail', 'ACF_dependence_fail', 'coverage_warn']","Uniformity strongly rejected (min p=1.87e-06, KS=0.1480).; Independence strongly rejected (min Ljung-Box p=0, |ACF lag-1|=0.9548).; Coverage mildly off-target by 0.032 (target=0.900)."
0.0999999999999999,0.0125203447299346,0.5167013333333332,0.0360518859925643,2.417917403817057,0.01,837.8782624047549,7.38229348358001e-179,1191.6089790077897,9.300843392466278e-250,1310.3586669023614,1.7893994324723875e-265,z=Phi^{-1}(u),0.9508654651270516,776.8750370692487,0.876,33750,34000,250,50,overlapping,RED,"['PIT_uniformity_warn', 'ACF_dependence_fail', 'coverage_warn']","Uniformity weakly rejected (min p=0.0125).; Independence strongly rejected (min Ljung-Box p=1.79e-265, |ACF lag-1|=0.9509).; Coverage mildly off-target by 0.024 (target=0.900)."
0.236,9.864814950888782e-13,4.82297733333333,2.5704438577633937e-11,3.0315695857097182,0.01,655.8450158456947,1.7261161291938286e-139,890.9669932579336,5.597565014915791e-185,936.6025436869642,1.2668232222824931e-185,z=Phi^{-1}(u),0.8502824729551457,887.1934359708971,0.88,33800,34050,250,50,overlapping,RED,"['PIT_uniformity_fail', 'ACF_dependence_fail', 'coverage_warn']","Uniformity strongly rejected (min p=9.86e-13, KS=0.2360).; Independence strongly rejected (min Ljung-Box p=1.27e-185, |ACF lag-1|=0.8503).; Coverage mildly off-target by 0.020 (target=0.900)."
0.2999999999999999,1.8876153347615992e-20,10.02827333333333,1.904723712087275e-09,2.871113752055692,0.01,542.1178262454546,6.441250602581796e-115,664.4108292308651,2.726980901661971e-136,681.2139564532288,2.081527978346468e-131,z=Phi^{-1}(u),0.8084084535424729,903.4339433947796,0.888,33850,34100,250,50,overlapping,RED,"['PIT_uniformity_fail', 'ACF_dependence_fail']","Uniformity strongly rejected (min p=1.89e-20, KS=0.3000).; Independence strongly rejected (min Ljung-Box p=2.73e-136, |ACF lag-1|=0.8084)."
0.304,5.340517055476455e-21,10.382657333333327,7.095779519517009e-11,2.919082733909136,0.01,499.2078850451664,1.1836773566934562e-105,649.271628385597,4.82169077222168e-133,697.2203912442192,8.573124161784119e-135,z=Phi^{-1}(u),0.7979681956517826,882.3036555108109,0.916,33900,34150,250,50,overlapping,RED,"['PIT_uniformity_fail', 'ACF_dependence_fail']","Uniformity strongly rejected (min p=5.34e-21, KS=0.3040).; Independence strongly rejected (min Ljung-Box p=8.57e-135, |ACF lag-1|=0.7980)."
0.2719999999999999,7.849561393665993e-17,6.983969333333314,1.8514223487642312e-10,8.132549362515192,0.01,523.8141907549833,5.7711627301538366e-111,615.491483869705,8.432232393401283e-126,629.2317154334412,1.9810465343662007e-120,z=Phi^{-1}(u),0.8396878518813781,1058.4229562358469,0.868,33950,34200,250,50,overlapping,RED,"['PIT_uniformity_fail', 'ACF_dependence_fail', 'coverage_warn']","Uniformity strongly rejected (min p=7.85e-17, KS=0.2720).; Independence strongly rejected (min Ljung-Box p=8.43e-126, |ACF lag-1|=0.8397).; Coverage mildly off-target by 0.032 (target=0.900)."
0.1979999999999999,4.591565961933287e-09,3.213061333332929,2.155977507634077e-08,10.688856100907742,0.01,719.8048427696019,2.5633866147285805e-153,1022.2143420503828,3.0635016028992875e-213,1257.3767135237704,3.949330512046372e-254,z=Phi^{-1}(u),0.889768043033283,1550.9522915713435,0.744,34000,34250,250,50,overlapping,RED,"['PIT_uniformity_fail', 'ACF_dependence_fail', 'undercoverage']","Uniformity strongly rejected (min p=4.59e-09, KS=0.1980).; Independence strongly rejected (min Ljung-Box p=3.95e-254, |ACF lag-1|=0.8898).; Coverage off-target by 0.156 (target=0.900)."
0.18,1.4711437559622018e-07,1.7886573333329334,3.648293707447792e-05,10.718449313402402,0.01,691.1383539111627,4.048213321540661e-147,916.917840338746,1.454148229917578e-190,1028.4766326697215,3.292354579209243e-205,z=Phi^{-1}(u),0.8998818468848807,1462.609098676536,0.78,34050,34300,250,50,overlapping,RED,"['PIT_uniformity_fail', 'ACF_dependence_fail', 'undercoverage']","Uniformity strongly rejected (min p=1.47e-07, KS=0.1800).; Independence strongly rejected (min Ljung-Box p=3.29e-205, |ACF lag-1|=0.8999).; Coverage off-target by 0.120 (target=0.900)."
0.2,3.058649177480583e-09,1.9882053333329333,1.280211857601632e-05,8.743743363704937,0.01,648.9999700616588,5.207615592153924e-138,828.7665231732315,1.3465918354019256e-171,904.8114119730188,7.43695146987127e-179,z=Phi^{-1}(u),0.8938367926756083,1533.6526225926766,0.772,34100,34350,250,50,overlapping,RED,"['PIT_uniformity_fail', 'ACF_dependence_fail', 'undercoverage']","Uniformity strongly rejected (min p=3.06e-09, KS=0.2000).; Independence strongly rejected (min Ljung-Box p=7.44e-179, |ACF lag-1|=0.8938).; Coverage off-target by 0.128 (target=0.900)."
0.196,6.8637322522079354e-09,1.8336613333329328,2.879897140151133e-05,9.036460650122422,0.01,617.9533005242066,2.6699597772436714e-131,785.9647347481718,2.146046403188256e-162,870.3298733106325,1.612300823115491e-171,z=Phi^{-1}(u),0.8891762676477782,1470.525039958872,0.792,34150,34400,250,50,overlapping,RED,"['PIT_uniformity_fail', 'ACF_dependence_fail', 'undercoverage']","Uniformity strongly rejected (min p=6.86e-09, KS=0.1960).; Independence strongly rejected (min Ljung-Box p=1.61e-171, |ACF lag-1|=0.8892).; Coverage off-target by 0.108 (target=0.900)."
0.124,0.0008271899609853,0.6862493333330774,0.0136854612101047,9.123591098721818,0.01,719.8224258050416,2.5410421751035624e-153,979.0452891883896,6.101723836391839e-204,1198.2932892816852,1.731870988779731e-241,z=Phi^{-1}(u),0.9089993327559974,1346.6994763961688,0.824,34200,34450,250,50,overlapping,RED,"['PIT_uniformity_fail', 'ACF_dependence_fail', 'undercoverage']","Uniformity strongly rejected (min p=0.000827, KS=0.1240).; Independence strongly rejected (min Ljung-Box p=1.73e-241, |ACF lag-1|=0.9090).; Coverage off-target by 0.076 (target=0.900)."
0.1359999999999999,0.0001706166522264,1.253629333333333,0.0006201775740657,1.2084894254417122,0.01,421.2612534966372,7.744908502300414e-89,437.962626855384,7.709212760943883e-88,514.2620435801485,2.995393023662427e-96,z=Phi^{-1}(u),0.8852224481009536,942.096330054304,0.948,34250,34500,250,50,overlapping,RED,"['PIT_uniformity_fail', 'ACF_dependence_fail', 'coverage_warn']","Uniformity strongly rejected (min p=0.000171, KS=0.1360).; Independence strongly rejected (min Ljung-Box p=3e-96, |ACF lag-1|=0.8852).; Coverage mildly off-target by 0.048 (target=0.900)."
0.0819999999999999,0.065501447806285,0.2022613333333333,0.2632193469377374,1.3239427995886786,0.01,604.1894573686678,2.515703572255321e-128,702.6724377238461,1.6759375853850038e-144,714.8604235181132,1.585014018419392e-138,z=Phi^{-1}(u),0.913512865449186,1047.164797986827,0.952,34300,34550,250,50,overlapping,RED,"['ACF_dependence_fail', 'overcoverage']","Independence strongly rejected (min Ljung-Box p=1.68e-144, |ACF lag-1|=0.9135).; Coverage off-target by 0.052 (target=0.900)."
0.0979999999999999,0.0152929430424032,0.4525813333333334,0.0525909147471318,1.7023133914133552,0.01,710.7215089737007,2.3603973996047344e-151,901.1804365279104,3.5475970643241845e-187,982.1129846597912,2.542798419493948e-195,z=Phi^{-1}(u),0.9312280346938052,940.806237797566,0.96,34350,34600,250,50,overlapping,RED,"['PIT_uniformity_warn', 'ACF_dependence_fail', 'overcoverage']","Uniformity weakly rejected (min p=0.0153).; Independence strongly rejected (min Ljung-Box p=2.54e-195, |ACF lag-1|=0.9312).; Coverage off-target by 0.060 (target=0.900)."
0.16,4.659433156552614e-06,1.5481053333333332,0.0001296704343701,1.140903723401209,0.01,664.6310464417458,2.1769607019832602e-141,817.2703674807437,3.993814899744527e-169,889.6733444912903,1.2381875817855967e-175,z=Phi^{-1}(u),0.9196992485892193,876.0412128555238,0.968,34400,34650,250,50,overlapping,RED,"['PIT_uniformity_fail', 'ACF_dependence_fail', 'overcoverage']","Uniformity strongly rejected (min p=4.66e-06, KS=0.1600).; Independence strongly rejected (min Ljung-Box p=1.24e-175, |ACF lag-1|=0.9197).; Coverage off-target by 0.068 (target=0.900)."
0.184,7.011396336604489e-08,3.9515253333333336,6.433975574537952e-10,1.324043295896729,0.01,802.264506805402,3.7445014369966635e-171,1190.1839366029467,1.8875181252568809e-249,1313.7016647203393,3.441345532649478e-266,z=Phi^{-1}(u),0.9401234902488448,1023.3629586890938,0.96,34450,34700,250,50,overlapping,RED,"['PIT_uniformity_fail', 'ACF_dependence_fail', 'overcoverage']","Uniformity strongly rejected (min p=6.43e-10, KS=0.1840).; Independence strongly rejected (min Ljung-Box p=3.44e-266, |ACF lag-1|=0.9401).; Coverage off-target by 0.060 (target=0.900)."
0.288,7.47610237750441e-19,9.660881333333334,9.835267045232854e-10,1.2127794322476575,0.01,904.267869542932,3.172718356688389e-193,1445.1889877338112,1.7336978795247287e-304,1951.4413197484253,0.0,z=Phi^{-1}(u),0.955736740390684,1284.8180706246308,0.92,34500,34750,250,50,overlapping,RED,"['PIT_uniformity_fail', 'ACF_dependence_fail', 'coverage_warn']","Uniformity strongly rejected (min p=7.48e-19, KS=0.2880).; Independence strongly rejected (min Ljung-Box p=0, |ACF lag-1|=0.9557).; Coverage mildly off-target by 0.020 (target=0.900)."
0.168,1.2294793527600963e-06,3.188613333333333,2.4485159011433666e-08,1.287186457514366,0.01,940.3412502320566,4.938826873500246e-201,1485.2178842177664,0.0,2005.3889548419304,0.0,z=Phi^{-1}(u),0.9604366342089172,1127.4597415596256,0.936,34550,34800,250,50,overlapping,RED,"['PIT_uniformity_fail', 'ACF_dependence_fail', 'coverage_warn']","Uniformity strongly rejected (min p=2.45e-08, KS=0.1680).; Independence strongly rejected (min Ljung-Box p=0, |ACF lag-1|=0.9604).; Coverage mildly off-target by 0.036 (target=0.900)."
0.19,2.23557420935436e-08,2.6644453333332976,3.749336688896321e-07,5.943465205516418,0.01,742.1291678214967,3.810581477003818e-158,1080.9387154304145,6.780059611850619e-226,1417.3053517488263,2.1663773250140797e-288,z=Phi^{-1}(u),0.8815933147236379,1302.7411061332516,0.872,34600,34850,250,50,overlapping,RED,"['PIT_uniformity_fail', 'ACF_dependence_fail', 'coverage_warn']","Uniformity strongly rejected (min p=2.24e-08, KS=0.1900).; Independence strongly rejected (min Ljung-Box p=2.17e-288, |ACF lag-1|=0.8816).; Coverage mildly off-target by 0.028 (target=0.900)."
0.124,0.0008271899609853,1.0701973333332973,0.0016612101522848,2.883008169109644,0.01,764.3547277509151,5.942161306541314e-163,1175.4209651555775,2.88392411976123e-246,1775.7033443476755,0.0,z=Phi^{-1}(u),0.890680796044921,1414.44279386252,0.864,34650,34900,250,50,overlapping,RED,"['PIT_uniformity_fail', 'ACF_dependence_fail', 'coverage_warn']","Uniformity strongly rejected (min p=0.000827, KS=0.1240).; Independence strongly rejected (min Ljung-Box p=0, |ACF lag-1|=0.8907).; Coverage mildly off-target by 0.036 (target=0.900)."
0.088,0.0391297550232401,0.4603093333332974,0.0502290333800671,3.0901855532666502,0.01,639.2853836304545,6.551491249971484e-136,841.3096277127983,2.7012654771873223e-174,1125.158632757593,7.47806572500668e-226,z=Phi^{-1}(u),0.8744346611356474,1294.701015998935,0.86,34700,34950,250,50,overlapping,RED,"['PIT_uniformity_warn', 'ACF_dependence_fail', 'coverage_warn']","Uniformity weakly rejected (min p=0.0391).; Independence strongly rejected (min Ljung-Box p=7.48e-226, |ACF lag-1|=0.8744).; Coverage mildly off-target by 0.040 (target=0.900)."
0.166,1.726138801805241e-06,2.3691533333332973,1.7476216720435644e-06,5.474065710443,0.01,525.1382307934733,2.9880646187067053e-111,606.537387780554,6.997224656698993e-124,671.0023256068124,2.998833950644337e-129,z=Phi^{-1}(u),0.8317878244177754,991.1953769304386,0.9,34750,35000,250,50,overlapping,RED,"['PIT_uniformity_fail', 'ACF_dependence_fail']","Uniformity strongly rejected (min p=1.73e-06, KS=0.1660).; Independence strongly rejected (min Ljung-Box p=3e-129, |ACF lag-1|=0.8318)."
0.174,4.333396074387812e-07,3.4256013333332977,7.137480273478047e-09,5.3947424861054,0.01,496.31192151943736,4.9923949278737695e-105,559.0369580710568,1.0431214979767096e-113,590.2522087984809,3.251394984843522e-112,z=Phi^{-1}(u),0.8342309966570055,1052.5570492571694,0.86,34800,35050,250,50,overlapping,RED,"['PIT_uniformity_fail', 'ACF_dependence_fail', 'coverage_warn']","Uniformity strongly rejected (min p=7.14e-09, KS=0.1740).; Independence strongly rejected (min Ljung-Box p=1.04e-113, |ACF lag-1|=0.8342).; Coverage mildly off-target by 0.040 (target=0.900)."
0.186,4.810089914305226e-08,3.9863933333333175,6.017149001280585e-10,3.301857405599605,0.01,331.62663470589774,1.5772733575046782e-69,334.2331880111074,8.800541613051754e-66,352.3263477323717,1.477117935796802e-62,z=Phi^{-1}(u),0.8441910586832713,1049.653507758517,0.88,34850,35100,250,50,overlapping,RED,"['PIT_uniformity_fail', 'ACF_dependence_fail', 'coverage_warn']","Uniformity strongly rejected (min p=6.02e-10, KS=0.1860).; Independence strongly rejected (min Ljung-Box p=1.58e-69, |ACF lag-1|=0.8442).; Coverage mildly off-target by 0.020 (target=0.900)."
0.166,1.7261388018052337e-06,3.294077333333297,1.4143170745661848e-08,5.187776608028003,0.01,283.20006526545444,4.087317910028872e-59,284.5065932089472,2.9141617912276117e-55,299.1215263559834,1.2216324677168525e-51,z=Phi^{-1}(u),0.7856591467079906,1029.4848339363805,0.872,34900,35150,250,50,overlapping,RED,"['PIT_uniformity_fail', 'ACF_dependence_fail', 'coverage_warn']","Uniformity strongly rejected (min p=1.41e-08, KS=0.1660).; Independence strongly rejected (min Ljung-Box p=4.09e-59, |ACF lag-1|=0.7857).; Coverage mildly off-target by 0.028 (target=0.900)."
0.23,4.147683475508758e-12,7.007105333333298,1.9745982626773184e-10,3.968354723404076,0.01,256.0793881181864,2.7260006089236802e-53,259.8120561083066,4.680689005206254e-50,305.35602313180647,6.504398118995814e-53,z=Phi^{-1}(u),0.7710580659794624,1060.4344781395366,0.876,34950,35200,250,50,overlapping,RED,"['PIT_uniformity_fail', 'ACF_dependence_fail', 'coverage_warn']","Uniformity strongly rejected (min p=4.15e-12, KS=0.2300).; Independence strongly rejected (min Ljung-Box p=2.73e-53, |ACF lag-1|=0.7711).; Coverage mildly off-target by 0.024 (target=0.900)."
0.258,3.6492086518511065e-15,8.766521333333298,1.6081869169681795e-10,3.442588884403449,0.01,237.3771467789028,2.8032490607789818e-49,245.24158768786208,5.429915491017232e-47,280.96736239937894,6.11102286613647e-48,z=Phi^{-1}(u),0.758845697979674,1092.8127507677357,0.876,35000,35250,250,50,overlapping,RED,"['PIT_uniformity_fail', 'ACF_dependence_fail', 'coverage_warn']","Uniformity strongly rejected (min p=3.65e-15, KS=0.2580).; Independence strongly rejected (min Ljung-Box p=2.8e-49, |ACF lag-1|=0.7588).; Coverage mildly off-target by 0.024 (target=0.900)."
0.286,1.3586822268127908e-18,8.246393333333298,4.6872616898951946e-11,5.357425949685393,0.01,221.65788517166288,6.5585813856193815e-46,229.04841172350075,1.3597139559364804e-43,263.0734780942986,2.609189521833514e-44,z=Phi^{-1}(u),0.7426369281004193,1005.533994413537,0.904,35050,35300,250,50,overlapping,RED,"['PIT_uniformity_fail', 'ACF_dependence_fail']","Uniformity strongly rejected (min p=1.36e-18, KS=0.2860).; Independence strongly rejected (min Ljung-Box p=6.56e-46, |ACF lag-1|=0.7426)."
0.256,6.205098495841404e-15,5.137721333333331,8.05709943207944e-11,2.9524248632625643,0.01,303.19572330485585,2.058631751467553e-63,307.59130007675736,3.8577252339053616e-60,318.4755353939766,1.3417267776769787e-55,z=Phi^{-1}(u),0.7404798221151837,813.5024540338707,0.948,35100,35350,250,50,overlapping,RED,"['PIT_uniformity_fail', 'ACF_dependence_fail', 'coverage_warn']","Uniformity strongly rejected (min p=6.21e-15, KS=0.2560).; Independence strongly rejected (min Ljung-Box p=2.06e-63, |ACF lag-1|=0.7405).; Coverage mildly off-target by 0.048 (target=0.900)."
0.164,2.4133932149658096e-06,2.2075653333333336,4.063065102255514e-06,0.579719797650796,0.1352001445351457,434.12514986237454,1.3036481831185358e-91,460.5998734773532,1.1443215891871087e-92,521.3814414182198,9.638796415164028e-98,z=Phi^{-1}(u),0.882508169788607,769.0292364802426,0.952,35150,35400,250,50,overlapping,RED,"['PIT_uniformity_fail', 'ACF_dependence_fail', 'overcoverage']","Uniformity strongly rejected (min p=2.41e-06, KS=0.1640).; Independence strongly rejected (min Ljung-Box p=9.64e-98, |ACF lag-1|=0.8825).; Coverage off-target by 0.052 (target=0.900)."
0.122,0.0010608632709633,0.7246333333333332,0.0110376700918994,3.0744849031694343,0.01,692.7489594714692,1.815669470828738e-147,895.4645482388825,6.026913284195094e-186,1156.1862475618157,1.7472938779043352e-232,z=Phi^{-1}(u),0.9275680520004056,889.8331396020862,0.904,35200,35450,250,50,overlapping,RED,"['PIT_uniformity_fail', 'ACF_dependence_fail']","Uniformity strongly rejected (min p=0.00106, KS=0.1220).; Independence strongly rejected (min Ljung-Box p=1.75e-232, |ACF lag-1|=0.9276)."
0.176,3.03562815531506e-07,1.8992533333333328,2.0409332864734783e-05,4.445617537049856,0.01,692.7222450170369,1.839978345081077e-147,809.8276103539531,1.5911410421197877e-167,878.5733186387997,2.8455492222511723e-173,z=Phi^{-1}(u),0.935190973387902,881.5836759450121,0.888,35250,35500,250,50,overlapping,RED,"['PIT_uniformity_fail', 'ACF_dependence_fail']","Uniformity strongly rejected (min p=3.04e-07, KS=0.1760).; Independence strongly rejected (min Ljung-Box p=2.85e-173, |ACF lag-1|=0.9352)."
0.186,4.810089914305226e-08,2.8465933333333338,1.4522341895695234e-07,3.2603164030169296,0.01,616.1664656408363,6.495770782137814e-131,672.0069427477276,6.395813220233169e-138,695.0847814758924,2.4261929193512385e-134,z=Phi^{-1}(u),0.9197165574627868,858.291336245914,0.9,35300,35550,250,50,overlapping,RED,"['PIT_uniformity_fail', 'ACF_dependence_fail']","Uniformity strongly rejected (min p=4.81e-08, KS=0.1860).; Independence strongly rejected (min Ljung-Box p=6.4e-138, |ACF lag-1|=0.9197)."
0.128,0.0004967972491749,1.067449333333233,0.0016860485625042,8.372600372388547,0.01,540.3805138816673,1.52805674568061e-114,619.4163170520795,1.215296494745646e-126,645.8904439687063,6.043721751269024e-124,z=Phi^{-1}(u),0.8763341639669908,1097.7322085230708,0.84,35350,35600,250,50,overlapping,RED,"['PIT_uniformity_fail', 'ACF_dependence_fail', 'undercoverage']","Uniformity strongly rejected (min p=0.000497, KS=0.1280).; Independence strongly rejected (min Ljung-Box p=1.22e-126, |ACF lag-1|=0.8763).; Coverage off-target by 0.060 (target=0.900)."
0.12,0.0013550102442608,1.2822933333332331,0.0005321234170525,6.732720526117021,0.01,507.24767797354485,2.1766126583165072e-107,565.831893353198,3.662232365359287e-115,577.4042012001254,1.6453635757157897e-109,z=Phi^{-1}(u),0.8729004538081216,1112.7981512445383,0.848,35400,35650,250,50,overlapping,RED,"['PIT_uniformity_fail', 'ACF_dependence_fail', 'undercoverage']","Uniformity strongly rejected (min p=0.000532, KS=0.1200).; Independence strongly rejected (min Ljung-Box p=3.66e-115, |ACF lag-1|=0.8729).; Coverage off-target by 0.052 (target=0.900)."
0.138,0.0001292813412389,1.3271453333332333,0.0004189082397287,9.368778281289224,0.01,452.2873749211016,1.5771114276997673e-95,492.525880180326,1.7451459139842237e-99,502.0916527558787,1.061661766762204e-93,z=Phi^{-1}(u),0.852597559616108,971.5588430670932,0.884,35450,35700,250,50,overlapping,RED,"['PIT_uniformity_fail', 'ACF_dependence_fail']","Uniformity strongly rejected (min p=0.000129, KS=0.1380).; Independence strongly rejected (min Ljung-Box p=1.75e-99, |ACF lag-1|=0.8526)."
0.092,0.0272001300552789,0.6672533333332333,0.0152294813972934,8.46858009353548,0.01,427.33026106695183,3.8055937089581565e-90,470.2684529459097,9.884949415770862e-95,481.26153049014937,2.4225152785091958e-89,z=Phi^{-1}(u),0.8445789980599128,950.7973610560556,0.9,35500,35750,250,50,overlapping,RED,"['PIT_uniformity_warn', 'ACF_dependence_fail']","Uniformity weakly rejected (min p=0.0152).; Independence strongly rejected (min Ljung-Box p=9.88e-95, |ACF lag-1|=0.8446)."
0.142,7.331959943971247e-05,1.7182653333332334,5.283641622733093e-05,10.665377137490736,0.01,441.5567053759738,3.254059879627524e-93,502.8112083042003,1.1070296301226655e-101,519.3263297247227,2.599612164443903e-97,z=Phi^{-1}(u),0.84733686031407,923.4804410235412,0.9,35550,35800,250,50,overlapping,RED,"['PIT_uniformity_fail', 'ACF_dependence_fail']","Uniformity strongly rejected (min p=5.28e-05, KS=0.1420).; Independence strongly rejected (min Ljung-Box p=1.11e-101, |ACF lag-1|=0.8473)."
0.2179999999999999,6.529461679456676e-11,4.691645333333334,2.087163775144063e-11,1.4245292042809297,0.01,322.1287662599279,1.743927935313462e-67,334.2489140170439,8.733247760295493e-66,351.62425821244324,2.0612062442922726e-62,z=Phi^{-1}(u),0.8313151825115347,680.6136379757826,0.96,35600,35850,250,50,overlapping,RED,"['PIT_uniformity_fail', 'ACF_dependence_fail', 'overcoverage']","Uniformity strongly rejected (min p=2.09e-11, KS=0.2180).; Independence strongly rejected (min Ljung-Box p=1.74e-67, |ACF lag-1|=0.8313).; Coverage off-target by 0.060 (target=0.900)."
0.1939999999999999,1.0217160464820098e-08,2.999161333333334,6.563487597865958e-08,1.4473241850849945,0.01,309.18769648211565,1.0595072163741814e-64,310.94850084713835,7.517242614075938e-61,329.3849492617257,7.753805142116453e-58,z=Phi^{-1}(u),0.8406426853336408,615.6542322306186,0.956,35650,35900,250,50,overlapping,RED,"['PIT_uniformity_fail', 'ACF_dependence_fail', 'overcoverage']","Uniformity strongly rejected (min p=1.02e-08, KS=0.1940).; Independence strongly rejected (min Ljung-Box p=1.06e-64, |ACF lag-1|=0.8406).; Coverage off-target by 0.056 (target=0.900)."
0.1779999999999999,2.117668987962713e-07,2.469049333333333,1.037943412329767e-06,2.612910487249053,0.01,314.5040738807249,7.615568723366546e-66,325.1446145424952,7.421130990153815e-64,336.1748020900312,3.1215453552686496e-59,z=Phi^{-1}(u),0.8410250613673038,520.9625003626254,0.992,35700,35950,250,50,overlapping,RED,"['PIT_uniformity_fail', 'ACF_dependence_fail', 'overcoverage']","Uniformity strongly rejected (min p=2.12e-07, KS=0.1780).; Independence strongly rejected (min Ljung-Box p=7.62e-66, |ACF lag-1|=0.8410).; Coverage off-target by 0.092 (target=0.900)."
0.1679999999999999,1.2294793527601194e-06,2.724689333333333,2.73962192709476e-07,1.852947089382212,0.01,375.4190738541751,5.872770788230226e-79,382.4944900780084,4.985136434951978e-76,386.5602544470205,1.2474523947810532e-69,z=Phi^{-1}(u),0.8559772340505718,471.6216944783721,0.988,35750,36000,250,50,overlapping,RED,"['PIT_uniformity_fail', 'ACF_dependence_fail', 'overcoverage']","Uniformity strongly rejected (min p=2.74e-07, KS=0.1680).; Independence strongly rejected (min Ljung-Box p=5.87e-79, |ACF lag-1|=0.8560).; Coverage off-target by 0.088 (target=0.900)."
0.0979999999999999,0.0152929430424031,0.4686053333333334,0.0478184160416781,1.669540069877428,0.01,421.0001487331246,8.81683034973442e-89,424.9203657974348,4.643321478556095e-85,425.8018824220443,8.92887073399971e-78,z=Phi^{-1}(u),0.8791477798605601,550.3758521126256,0.956,35800,36050,250,50,overlapping,RED,"['PIT_uniformity_warn', 'ACF_dependence_fail', 'overcoverage']","Uniformity weakly rejected (min p=0.0153).; Independence strongly rejected (min Ljung-Box p=8.82e-89, |ACF lag-1|=0.8791).; Coverage off-target by 0.056 (target=0.900)."
0.044,0.701365666779957,0.0882413333333333,0.6460291473322746,0.5386734132540312,0.15,610.0283585521456,1.3772186679762382e-129,730.4425433000166,1.824734031287637e-150,776.9325166717912,1.1112644678947374e-151,z=Phi^{-1}(u),0.9072533036248722,683.5504741589699,0.892,35850,36100,250,50,overlapping,RED,['ACF_dependence_fail'],"Independence strongly rejected (min Ljung-Box p=1.11e-151, |ACF lag-1|=0.9073)."
0.062,0.2800260038615019,0.2248893333333333,0.2240743422943697,0.8476872707020391,0.0296484852704085,630.874641830108,4.30634791095288e-134,816.7627113637782,5.1350811544200057e-169,877.9425627400058,3.875541111044903e-173,z=Phi^{-1}(u),0.9043767536864312,646.7048234010539,0.9,35900,36150,250,50,overlapping,RED,['ACF_dependence_fail'],"Independence strongly rejected (min Ljung-Box p=3.88e-173, |ACF lag-1|=0.9044)."
0.09,0.0326901325154183,0.4470333333333333,0.0543592420066854,0.780470191558436,0.0436520434253258,584.362283485025,4.8351746479923666e-124,710.4888505792485,3.5164791364577077e-146,783.5512857710233,4.3816795022165385e-153,z=Phi^{-1}(u),0.8958039345008305,710.0210614275704,0.872,35950,36200,250,50,overlapping,RED,"['PIT_uniformity_warn', 'ACF_dependence_fail', 'coverage_warn']","Uniformity weakly rejected (min p=0.0327).; Independence strongly rejected (min Ljung-Box p=4.38e-153, |ACF lag-1|=0.8958).; Coverage mildly off-target by 0.028 (target=0.900)."
0.056,0.398540394838254,0.2257373333333333,0.2227465813197379,0.5318282644220176,0.15,650.2039041431674,2.8603000079298205e-138,871.706387943876,7.807418391368456e-181,1027.6966737399823,4.8296212934619666e-205,z=Phi^{-1}(u),0.907589299047979,761.9312331158105,0.864,36000,36250,250,50,overlapping,RED,"['ACF_dependence_fail', 'coverage_warn']","Independence strongly rejected (min Ljung-Box p=4.83e-205, |ACF lag-1|=0.9076).; Coverage mildly off-target by 0.036 (target=0.900)."
0.12,0.0013550102442608,0.9388693333333332,0.0033875159039171,0.8865284777405407,0.0234695853943943,659.3918564328005,2.953834978585664e-140,899.9186927636623,6.629640277485988e-187,1118.427830145118,2.0509482858663623e-224,z=Phi^{-1}(u),0.9032453681126889,653.067197724245,0.896,36050,36300,250,50,overlapping,RED,"['PIT_uniformity_fail', 'ACF_dependence_fail']","Uniformity strongly rejected (min p=0.00136, KS=0.1200).; Independence strongly rejected (min Ljung-Box p=2.05e-224, |ACF lag-1|=0.9032)."
0.118,0.001723677123827,0.7563493333333333,0.0092493671400375,2.302615834349752,0.01,608.9936493853078,2.304543303715956e-129,760.349517503824,6.862832619140734e-157,1088.8100192425306,4.3518155883808297e-218,z=Phi^{-1}(u),0.902478907266668,580.298840777665,0.928,36100,36350,250,50,overlapping,RED,"['PIT_uniformity_fail', 'ACF_dependence_fail', 'coverage_warn']","Uniformity strongly rejected (min p=0.00172, KS=0.1180).; Independence strongly rejected (min Ljung-Box p=4.35e-218, |ACF lag-1|=0.9025).; Coverage mildly off-target by 0.028 (target=0.900)."
0.122,0.0010608632709633,0.9251893333333252,0.003650073673754,1.7250744326613017,0.01,368.8656611426477,1.5152624840625723e-77,372.9349835885602,5.36740742170531e-74,615.7021185634425,1.4129569601670314e-117,z=Phi^{-1}(u),0.7858808686172148,718.6136288929324,0.884,36150,36400,250,50,overlapping,RED,"['PIT_uniformity_fail', 'ACF_dependence_fail']","Uniformity strongly rejected (min p=0.00106, KS=0.1220).; Independence strongly rejected (min Ljung-Box p=1.41e-117, |ACF lag-1|=0.7859)."
0.1099999999999999,0.0043334485784834,0.8045013333333254,0.0070823011342369,1.475377823230701,0.01,327.8798963516216,1.0095868821299615e-68,336.7896683857729,2.5265835016853413e-66,491.11713955368094,2.1040117389873458e-91,z=Phi^{-1}(u),0.7787182599229322,682.9975693089027,0.896,36200,36450,250,50,overlapping,RED,"['PIT_uniformity_fail', 'ACF_dependence_fail']","Uniformity strongly rejected (min p=0.00433, KS=0.1100).; Independence strongly rejected (min Ljung-Box p=2.1e-91, |ACF lag-1|=0.7787)."
0.084,0.0553890740154735,0.3724333333333254,0.0854710202361221,0.934744713199848,0.0190051191481622,302.19441681201835,3.379627597673187e-63,326.27219766227785,4.281492297939823e-64,505.9477465029589,1.653590694328931e-94,z=Phi^{-1}(u),0.77896814077509,704.148421329645,0.884,36250,36500,250,50,overlapping,RED,['ACF_dependence_fail'],"Independence strongly rejected (min Ljung-Box p=1.65e-94, |ACF lag-1|=0.7790)."
0.1159999999999999,0.0021837382351525,1.0867733333332297,0.0015190409743087,4.23644321975334,0.01,301.5051797839393,4.753977278783824e-63,304.8552833113075,1.4622821734693777e-59,429.92036522885024,1.2414280980386177e-78,z=Phi^{-1}(u),0.8270165293656693,859.1003833169838,0.844,36300,36550,250,50,overlapping,RED,"['PIT_uniformity_fail', 'ACF_dependence_fail', 'undercoverage']","Uniformity strongly rejected (min p=0.00152, KS=0.1160).; Independence strongly rejected (min Ljung-Box p=1.24e-78, |ACF lag-1|=0.8270).; Coverage off-target by 0.056 (target=0.900)."
0.184,7.011396336604526e-08,2.204901333333229,4.120018899489431e-06,3.962097750447128,0.01,285.45314400711857,1.3406475690895491e-59,328.48812235259595,1.452442467033076e-64,385.33250741292005,2.240055304708406e-69,z=Phi^{-1}(u),0.8019210752848418,867.9768189746749,0.852,36350,36600,250,50,overlapping,RED,"['PIT_uniformity_fail', 'ACF_dependence_fail', 'coverage_warn']","Uniformity strongly rejected (min p=7.01e-08, KS=0.1840).; Independence strongly rejected (min Ljung-Box p=2.24e-69, |ACF lag-1|=0.8019).; Coverage mildly off-target by 0.048 (target=0.900)."
0.18,1.4711437559622018e-07,2.751913333333269,2.377512040574459e-07,2.8052373490905893,0.01,339.9238682125614,2.583380512346704e-71,353.8193017703342,6.162891929343126e-70,365.5140584828709,2.808912754871492e-65,z=Phi^{-1}(u),0.8590079777414447,840.528120143464,0.86,36400,36650,250,50,overlapping,RED,"['PIT_uniformity_fail', 'ACF_dependence_fail', 'coverage_warn']","Uniformity strongly rejected (min p=1.47e-07, KS=0.1800).; Independence strongly rejected (min Ljung-Box p=2.58e-71, |ACF lag-1|=0.8590).; Coverage mildly off-target by 0.040 (target=0.900)."
0.184,7.011396336604526e-08,2.727993333333233,2.692887778321662e-07,5.246884678983889,0.01,380.028532467495,5.967874128622718e-80,381.0574335049987,1.0074547524490863e-75,402.3014435052502,6.808598042164087e-73,z=Phi^{-1}(u),0.8680672054179908,923.1312967017906,0.848,36450,36700,250,50,overlapping,RED,"['PIT_uniformity_fail', 'ACF_dependence_fail', 'undercoverage']","Uniformity strongly rejected (min p=7.01e-08, KS=0.1840).; Independence strongly rejected (min Ljung-Box p=5.97e-80, |ACF lag-1|=0.8681).; Coverage off-target by 0.052 (target=0.900)."
0.176,3.0356281553150745e-07,2.3162253333332337,2.3035906323576327e-06,4.94137085035436,0.01,383.3453064933226,1.1513905481730432e-80,387.8572162489494,3.6077442059294556e-77,399.9161263714714,2.127642745927685e-72,z=Phi^{-1}(u),0.8673071185475599,977.7130415641832,0.84,36500,36750,250,50,overlapping,RED,"['PIT_uniformity_fail', 'ACF_dependence_fail', 'undercoverage']","Uniformity strongly rejected (min p=3.04e-07, KS=0.1760).; Independence strongly rejected (min Ljung-Box p=1.15e-80, |ACF lag-1|=0.8673).; Coverage off-target by 0.060 (target=0.900)."
0.164,2.413393214965821e-06,1.9080613333332967,1.9487662882400336e-05,2.00921267064328,0.01,400.0702815209392,2.864956101209335e-84,412.1765462203573,2.4069780946074763e-82,415.6695233488665,1.1411390258861522e-75,z=Phi^{-1}(u),0.8705973606401939,1039.730664291018,0.82,36550,36800,250,50,overlapping,RED,"['PIT_uniformity_fail', 'ACF_dependence_fail', 'undercoverage']","Uniformity strongly rejected (min p=2.41e-06, KS=0.1640).; Independence strongly rejected (min Ljung-Box p=2.86e-84, |ACF lag-1|=0.8706).; Coverage off-target by 0.080 (target=0.900)."
0.208,5.773604210119922e-10,2.9987093333332973,6.578947120416957e-08,2.518553494333986,0.01,442.66186166537307,1.8795980434457705e-93,468.1951676788488,2.738671514010295e-94,476.70924209185966,2.166680844428106e-88,z=Phi^{-1}(u),0.877320361209859,1065.1875330568516,0.832,36600,36850,250,50,overlapping,RED,"['PIT_uniformity_fail', 'ACF_dependence_fail', 'undercoverage']","Uniformity strongly rejected (min p=5.77e-10, KS=0.2080).; Independence strongly rejected (min Ljung-Box p=2.74e-94, |ACF lag-1|=0.8773).; Coverage off-target by 0.068 (target=0.900)."
0.188,3.286109425382505e-08,2.1975853333332336,4.280576912374379e-06,4.510543174216281,0.01,327.97593708276014,9.626720170029908e-69,334.31140868576506,8.470870465133486e-66,345.0547918156868,4.649291817195194e-61,z=Phi^{-1}(u),0.849346370155175,1162.70136135118,0.828,36650,36900,250,50,overlapping,RED,"['PIT_uniformity_fail', 'ACF_dependence_fail', 'undercoverage']","Uniformity strongly rejected (min p=3.29e-08, KS=0.1880).; Independence strongly rejected (min Ljung-Box p=9.63e-69, |ACF lag-1|=0.8493).; Coverage off-target by 0.072 (target=0.900)."
0.272,7.849561393665856e-17,6.35572533333319,2.6933899555103835e-11,4.325120595087924,0.01,313.93769585582226,1.0081450067016981e-65,343.7906101555904,8.276123013563525e-68,462.93117130336447,1.6350595732025133e-85,z=Phi^{-1}(u),0.8370109965284838,1286.4869706480708,0.812,36700,36950,250,50,overlapping,RED,"['PIT_uniformity_fail', 'ACF_dependence_fail', 'undercoverage']","Uniformity strongly rejected (min p=7.85e-17, KS=0.2720).; Independence strongly rejected (min Ljung-Box p=1.64e-85, |ACF lag-1|=0.8370).; Coverage off-target by 0.088 (target=0.900)."
0.1979999999999999,4.591565961933262e-09,3.790169333333185,1.1454344139849582e-09,5.878489635490382,0.01,308.44145775490654,1.5331462195674023e-64,326.2269138960077,4.3771233564813114e-64,386.2330686857996,1.458073910520842e-69,z=Phi^{-1}(u),0.8404653547291464,1224.9687741373518,0.832,36750,37000,250,50,overlapping,RED,"['PIT_uniformity_fail', 'ACF_dependence_fail', 'undercoverage']","Uniformity strongly rejected (min p=1.15e-09, KS=0.1980).; Independence strongly rejected (min Ljung-Box p=1.46e-69, |ACF lag-1|=0.8405).; Coverage off-target by 0.068 (target=0.900)."
0.102,0.0102089770242199,0.6770253333331853,0.0144139915533825,7.467616631984697,0.01,386.1212918945022,2.904698890283592e-81,392.3804448012842,3.936105568665746e-78,411.6609539681104,7.764280966491215e-75,z=Phi^{-1}(u),0.8354683299300328,1122.389537975988,0.872,36800,37050,250,50,overlapping,RED,"['PIT_uniformity_warn', 'ACF_dependence_fail', 'coverage_warn']","Uniformity weakly rejected (min p=0.0102).; Independence strongly rejected (min Ljung-Box p=2.9e-81, |ACF lag-1|=0.8355).; Coverage mildly off-target by 0.028 (target=0.900)."
0.104,0.008290637497102,0.5520093333331854,0.0293752783703554,9.663643077638028,0.01,401.2450792395869,1.5992432221726374e-84,411.7029303590806,3.0361906285900614e-82,428.8781443161929,2.045482176327124e-78,z=Phi^{-1}(u),0.8393226969280074,1114.4858686036123,0.856,36850,37100,250,50,overlapping,RED,"['PIT_uniformity_fail', 'ACF_dependence_fail', 'coverage_warn']","Uniformity strongly rejected (min p=0.00829, KS=0.1040).; Independence strongly rejected (min Ljung-Box p=1.6e-84, |ACF lag-1|=0.8393).; Coverage mildly off-target by 0.044 (target=0.900)."
0.148,3.036436222239841e-05,2.224949333333313,3.710293420389199e-06,3.596315161207343,0.01,414.5141612111998,2.2062807260759074e-87,533.3155323107118,3.32773174548228e-108,619.40187969956,2.344635118698307e-118,z=Phi^{-1}(u),0.8637202426497713,1055.955464465349,0.884,36900,37150,250,50,overlapping,RED,"['PIT_uniformity_fail', 'ACF_dependence_fail']","Uniformity strongly rejected (min p=3.71e-06, KS=0.1480).; Independence strongly rejected (min Ljung-Box p=2.34e-118, |ACF lag-1|=0.8637)."
0.272,7.849561393665856e-17,8.31422933333333,5.553102422339862e-11,2.054646681549684,0.01,398.045240143265,7.82637873840828e-84,420.7375982855109,3.614118073680826e-84,437.6376273500822,3.0714815409191834e-80,z=Phi^{-1}(u),0.8028658872648315,856.2251676202894,0.924,36950,37200,250,50,overlapping,RED,"['PIT_uniformity_fail', 'ACF_dependence_fail', 'coverage_warn']","Uniformity strongly rejected (min p=7.85e-17, KS=0.2720).; Independence strongly rejected (min Ljung-Box p=3.61e-84, |ACF lag-1|=0.8029).; Coverage mildly off-target by 0.024 (target=0.900)."
0.246,8.260816365067852e-14,6.655069333333334,7.060962925464763e-11,0.4830396459975361,0.15,525.7496174728924,2.2048759885006102e-111,588.152816437426,6.078486081683034e-120,599.9760118455397,2.912187583248389e-114,z=Phi^{-1}(u),0.8905001780325402,925.3270061304012,0.912,37000,37250,250,50,overlapping,RED,"['PIT_uniformity_fail', 'ACF_dependence_fail']","Uniformity strongly rejected (min p=8.26e-14, KS=0.2460).; Independence strongly rejected (min Ljung-Box p=6.08e-120, |ACF lag-1|=0.8905)."
0.214,1.5814280556184262e-10,4.181117333333334,1.390034753967484e-10,0.6478608027042299,0.0922062798742851,570.5922928892458,4.560861974772135e-121,639.0572199183383,7.477721935302827e-131,657.0970699245705,2.599211870082295e-126,z=Phi^{-1}(u),0.9061322083954224,857.0837758595153,0.932,37050,37300,250,50,overlapping,RED,"['PIT_uniformity_fail', 'ACF_dependence_fail', 'coverage_warn']","Uniformity strongly rejected (min p=1.39e-10, KS=0.2140).; Independence strongly rejected (min Ljung-Box p=7.48e-131, |ACF lag-1|=0.9061).; Coverage mildly off-target by 0.032 (target=0.900)."
0.0999999999999999,0.0125203447299346,0.5545893333333334,0.0289411006507164,0.8172031952471741,0.0359993343235054,615.829934054505,7.67985208365951e-131,717.967293161835,8.716120484173884e-148,895.7518194594339,6.301092946832263e-177,z=Phi^{-1}(u),0.9175573876908376,954.6325809943228,0.928,37100,37350,250,50,overlapping,RED,"['PIT_uniformity_warn', 'ACF_dependence_fail', 'coverage_warn']","Uniformity weakly rejected (min p=0.0125).; Independence strongly rejected (min Ljung-Box p=6.3e-177, |ACF lag-1|=0.9176).; Coverage mildly off-target by 0.028 (target=0.900)."
0.0719999999999999,0.1425669535852263,0.3113533333333333,0.1255808198495741,0.5637255027000379,0.1466246409285444,535.5865598751171,1.6571044902701913e-113,581.4811200613348,1.6322469870587713e-118,614.4437934152176,2.602561454958741e-117,z=Phi^{-1}(u),0.8993164279765716,871.0378910090709,0.936,37150,37400,250,50,overlapping,RED,"['ACF_dependence_fail', 'coverage_warn']","Independence strongly rejected (min Ljung-Box p=1.63e-118, |ACF lag-1|=0.8993).; Coverage mildly off-target by 0.036 (target=0.900)."
0.0779999999999999,0.0904978738065944,0.3168933333333333,0.1211920994852285,0.5764528232997179,0.1375336976430586,544.7450038696678,1.744309739145485e-115,604.8875009042446,1.5793488335900896e-123,646.9490645489848,3.612507473183481e-124,z=Phi^{-1}(u),0.898524061101326,867.9724554794635,0.932,37200,37450,250,50,overlapping,RED,"['ACF_dependence_fail', 'coverage_warn']","Independence strongly rejected (min Ljung-Box p=3.61e-124, |ACF lag-1|=0.8985).; Coverage mildly off-target by 0.032 (target=0.900)."
0.1159999999999999,0.0021837382351525,0.8383293333333333,0.0058765391704581,0.9990299443389006,0.0130527829315832,587.9175947599045,8.247533569023586e-125,683.5455863329827,2.1369691827323568e-140,762.6159429440552,1.208140708456356e-148,z=Phi^{-1}(u),0.9083299781446365,740.5654508668131,0.956,37250,37500,250,50,overlapping,RED,"['PIT_uniformity_fail', 'ACF_dependence_fail', 'overcoverage']","Uniformity strongly rejected (min p=0.00218, KS=0.1160).; Independence strongly rejected (min Ljung-Box p=1.21e-148, |ACF lag-1|=0.9083).; Coverage off-target by 0.056 (target=0.900)."
0.164,2.4133932149658096e-06,1.5473813333333333,0.0001301678421978,1.214290673799809,0.01,610.9236284815372,8.821648066301315e-130,718.9334292041123,5.405787627605598e-148,781.5857295108002,1.1446270734106434e-152,z=Phi^{-1}(u),0.910025862806678,707.8531055455103,0.956,37300,37550,250,50,overlapping,RED,"['PIT_uniformity_fail', 'ACF_dependence_fail', 'overcoverage']","Uniformity strongly rejected (min p=2.41e-06, KS=0.1640).; Independence strongly rejected (min Ljung-Box p=1.14e-152, |ACF lag-1|=0.9100).; Coverage off-target by 0.056 (target=0.900)."
0.144,5.487659392626315e-05,1.5628213333333334,0.0001199641916977,0.7260547712328389,0.0598947226310583,529.1308519894116,4.1050532493462412e-112,632.6330716508542,1.7834441749791278e-129,648.5668233415893,1.645310439929437e-124,z=Phi^{-1}(u),0.8770613749966237,586.6426566915026,0.972,37350,37600,250,50,overlapping,RED,"['PIT_uniformity_fail', 'ACF_dependence_fail', 'overcoverage']","Uniformity strongly rejected (min p=5.49e-05, KS=0.1440).; Independence strongly rejected (min Ljung-Box p=1.78e-129, |ACF lag-1|=0.8771).; Coverage off-target by 0.072 (target=0.900)."
0.1799999999999999,1.4711437559622158e-07,2.215173333333317,3.904719387270994e-06,4.239427835528204,0.01,423.3138795229892,2.7954114569626765e-89,514.3830092063426,3.7217277436110246e-104,556.3817954106245,4.332917698842498e-105,z=Phi^{-1}(u),0.8312107641206588,757.6991617913071,0.908,37400,37650,250,50,overlapping,RED,"['PIT_uniformity_fail', 'ACF_dependence_fail']","Uniformity strongly rejected (min p=1.47e-07, KS=0.1800).; Independence strongly rejected (min Ljung-Box p=4.33e-105, |ACF lag-1|=0.8312)."
0.284,2.4581714987144497e-18,8.983793333333233,2.5805568792947037e-10,8.467511729977332,0.01,403.80762843844576,4.4832264469142417e-85,492.0917239812086,2.1606372581012328e-99,578.8649538722302,8.107824099285365e-110,z=Phi^{-1}(u),0.820390928272895,983.9449635379896,0.88,37450,37700,250,50,overlapping,RED,"['PIT_uniformity_fail', 'ACF_dependence_fail', 'coverage_warn']","Uniformity strongly rejected (min p=2.46e-18, KS=0.2840).; Independence strongly rejected (min Ljung-Box p=8.11e-110, |ACF lag-1|=0.8204).; Coverage mildly off-target by 0.020 (target=0.900)."
0.3279999999999999,1.8631261187719183e-24,12.028033333333234,1.1401409816258479e-09,7.786172535941773,0.01,393.6966358424821,6.772176247010349e-83,469.7904688908391,1.2502831354223746e-94,515.897099995734,1.360704595029154e-96,z=Phi^{-1}(u),0.8161648890605842,1057.3153463314325,0.872,37500,37750,250,50,overlapping,RED,"['PIT_uniformity_fail', 'ACF_dependence_fail', 'coverage_warn']","Uniformity strongly rejected (min p=1.86e-24, KS=0.3280).; Independence strongly rejected (min Ljung-Box p=1.36e-96, |ACF lag-1|=0.8162).; Coverage mildly off-target by 0.028 (target=0.900)."
0.238,6.059494887663887e-13,6.13208933333323,1.2333689625165787e-11,5.107235223850779,0.01,491.3287335664816,5.940831063098692e-104,658.4545716485364,5.169767883956088e-135,820.8907443984392,5.187758439075012e-161,z=Phi^{-1}(u),0.8317867399866544,1170.1521943223363,0.844,37550,37800,250,50,overlapping,RED,"['PIT_uniformity_fail', 'ACF_dependence_fail', 'undercoverage']","Uniformity strongly rejected (min p=6.06e-13, KS=0.2380).; Independence strongly rejected (min Ljung-Box p=5.19e-161, |ACF lag-1|=0.8318).; Coverage off-target by 0.056 (target=0.900)."
0.182,1.0177424069145733e-07,2.7397333333331333,2.533188590003732e-07,7.626448621223574,0.01,516.3648048908261,2.3419724490885253e-109,663.6843495251893,3.904275137351893e-136,812.9740180138746,2.4905263640239936e-159,z=Phi^{-1}(u),0.8589388826300407,1193.0310354913183,0.836,37600,37850,250,50,overlapping,RED,"['PIT_uniformity_fail', 'ACF_dependence_fail', 'undercoverage']","Uniformity strongly rejected (min p=1.02e-07, KS=0.1820).; Independence strongly rejected (min Ljung-Box p=2.49e-159, |ACF lag-1|=0.8589).; Coverage off-target by 0.064 (target=0.900)."
0.062,0.2800260038615028,0.2406373333331973,0.200857465340428,7.501742167763382,0.01,532.2099024905908,8.88131052411305e-113,643.7885206294708,7.230263809578151e-132,690.3164537817216,2.4747299556478467e-133,z=Phi^{-1}(u),0.8736815282724685,1028.7846883050784,0.888,37650,37900,250,50,overlapping,RED,['ACF_dependence_fail'],"Independence strongly rejected (min Ljung-Box p=2.47e-133, |ACF lag-1|=0.8737)."
0.158,6.434116740158326e-06,2.435673333333137,1.2352504765722472e-06,9.943186617947616,0.01,402.6507715761013,7.960479406026324e-85,409.7687392471121,7.837778394453415e-82,413.4269848042176,3.3362676227765154e-75,z=Phi^{-1}(u),0.8373679412133146,885.2305350832538,0.892,37700,37950,250,50,overlapping,RED,"['PIT_uniformity_fail', 'ACF_dependence_fail']","Uniformity strongly rejected (min p=1.24e-06, KS=0.1580).; Independence strongly rejected (min Ljung-Box p=7.96e-85, |ACF lag-1|=0.8374)."
0.192,1.514511144371369e-08,4.1875093333331375,1.3448397950810429e-10,10.973141589377065,0.01,366.2044792045403,5.6710688624428005e-77,372.2059856881275,7.668029935376555e-74,399.17134877101057,3.036525181575408e-72,z=Phi^{-1}(u),0.8243783973180402,849.2691991474035,0.9,37750,38000,250,50,overlapping,RED,"['PIT_uniformity_fail', 'ACF_dependence_fail']","Uniformity strongly rejected (min p=1.34e-10, KS=0.1920).; Independence strongly rejected (min Ljung-Box p=5.67e-77, |ACF lag-1|=0.8244)."
0.18,1.4711437559622018e-07,3.729681333333189,1.518333569983099e-09,11.014638416036972,0.01,389.70103815696746,4.9175626047827045e-82,399.2495376903499,1.3597421552567918e-79,420.2375007750872,1.2821033270250363e-76,z=Phi^{-1}(u),0.8564901815251578,781.2076779407013,0.928,37800,38050,250,50,overlapping,RED,"['PIT_uniformity_fail', 'ACF_dependence_fail', 'coverage_warn']","Uniformity strongly rejected (min p=1.52e-09, KS=0.1800).; Independence strongly rejected (min Ljung-Box p=4.92e-82, |ACF lag-1|=0.8565).; Coverage mildly off-target by 0.028 (target=0.900)."
0.194,1.0217160464819998e-08,4.674709333333317,2.086852912697168e-11,1.7612546017448665,0.01,501.8412663030863,3.19753714589172e-106,522.6349451424804,6.40323341214668e-106,525.4237596568266,1.3687159118611398e-98,z=Phi^{-1}(u),0.8763665367406889,906.8690967751965,0.888,37850,38100,250,50,overlapping,RED,"['PIT_uniformity_fail', 'ACF_dependence_fail']","Uniformity strongly rejected (min p=2.09e-11, KS=0.1940).; Independence strongly rejected (min Ljung-Box p=3.2e-106, |ACF lag-1|=0.8764)."
0.172,6.160263358135957e-07,3.9316773333333166,6.760509929648605e-10,2.187834388265884,0.01,529.9676346142063,2.707941457058982e-112,563.2514521207112,1.306680794363684e-114,570.8156225124042,4.001814064945561e-108,z=Phi^{-1}(u),0.8747730870807148,868.0600091431919,0.904,37900,38150,250,50,overlapping,RED,"['PIT_uniformity_fail', 'ACF_dependence_fail']","Uniformity strongly rejected (min p=6.76e-10, KS=0.1720).; Independence strongly rejected (min Ljung-Box p=1.31e-114, |ACF lag-1|=0.8748)."
0.194,1.0217160464819998e-08,4.631265333333333,2.1535662142468937e-11,0.4011064308830327,0.15,636.4686721431219,2.6614216407527312e-135,718.2953995893414,7.410837569286611e-148,744.2662692705898,9.370399797252628e-145,z=Phi^{-1}(u),0.9256361136632976,773.0369288328378,0.936,37950,38200,250,50,overlapping,RED,"['PIT_uniformity_fail', 'ACF_dependence_fail', 'coverage_warn']","Uniformity strongly rejected (min p=2.15e-11, KS=0.1940).; Independence strongly rejected (min Ljung-Box p=7.41e-148, |ACF lag-1|=0.9256).; Coverage mildly off-target by 0.036 (target=0.900)."
0.198,4.591565961933238e-09,3.9098893333333335,7.199479901132121e-10,0.3295592367344966,0.15,675.7055647824468,8.785828330932309e-144,789.8766468495829,3.095858051001537e-163,913.4340163124616,1.0864490897638317e-180,z=Phi^{-1}(u),0.9295227364290116,825.39072559751,0.916,38000,38250,250,50,overlapping,RED,"['PIT_uniformity_fail', 'ACF_dependence_fail']","Uniformity strongly rejected (min p=7.2e-10, KS=0.1980).; Independence strongly rejected (min Ljung-Box p=1.09e-180, |ACF lag-1|=0.9295)."
0.194,1.0217160464819998e-08,3.812725333333333,1.0373756298420742e-09,0.2900039631899176,0.15,611.3806007385334,7.02756658919955e-130,714.1336763397924,5.80106958768468e-147,866.3740108173935,1.1186290948958077e-170,z=Phi^{-1}(u),0.9139141914534334,861.6018394779621,0.9,38050,38300,250,50,overlapping,RED,"['PIT_uniformity_fail', 'ACF_dependence_fail']","Uniformity strongly rejected (min p=1.04e-09, KS=0.1940).; Independence strongly rejected (min Ljung-Box p=1.12e-170, |ACF lag-1|=0.9139)."
0.178,2.1176689879626938e-07,3.3314933333333334,1.1641468788958777e-08,0.6409688528639776,0.0950541930314142,440.6882840911664,5.008690062203428e-93,476.02613245212166,5.831226561563608e-96,542.126027139025,4.278645964186645e-102,z=Phi^{-1}(u),0.8794482960109054,701.6420792550822,0.944,38100,38350,250,50,overlapping,RED,"['PIT_uniformity_fail', 'ACF_dependence_fail', 'coverage_warn']","Uniformity strongly rejected (min p=1.16e-08, KS=0.1780).; Independence strongly rejected (min Ljung-Box p=4.28e-102, |ACF lag-1|=0.8794).; Coverage mildly off-target by 0.044 (target=0.900)."
0.206,8.815066355557083e-10,4.061021333333234,2.59475663177966e-10,13.496967646531573,0.01,421.46339149193466,7.005410943380046e-89,425.3384405703974,3.782206255209406e-85,442.336844045573,3.2246024433419803e-81,z=Phi^{-1}(u),0.8947129074896282,942.6368399165228,0.912,38150,38400,250,50,overlapping,RED,"['PIT_uniformity_fail', 'ACF_dependence_fail']","Uniformity strongly rejected (min p=2.59e-10, KS=0.2060).; Independence strongly rejected (min Ljung-Box p=7.01e-89, |ACF lag-1|=0.8947)."
0.1459999999999999,4.0904301617483e-05,1.5979213333332334,9.965856522586858e-05,9.16013791214317,0.01,420.3028865059292,1.24636820031401e-88,430.3463967010578,3.23981011474253e-86,432.67268636046776,3.319604045382539e-79,z=Phi^{-1}(u),0.8956703766182752,962.7991035151938,0.912,38200,38450,250,50,overlapping,RED,"['PIT_uniformity_fail', 'ACF_dependence_fail']","Uniformity strongly rejected (min p=4.09e-05, KS=0.1460).; Independence strongly rejected (min Ljung-Box p=1.25e-88, |ACF lag-1|=0.8957)."
0.132,0.000293531424011,1.3397093333332333,0.0003917879961324,8.468456065079295,0.01,422.3614870160585,4.4853338385636976e-89,426.7927336402607,1.852895454753701e-85,428.4952983239583,2.457286487261305e-78,z=Phi^{-1}(u),0.8955857200013099,913.2127136385732,0.916,38250,38500,250,50,overlapping,RED,"['PIT_uniformity_fail', 'ACF_dependence_fail']","Uniformity strongly rejected (min p=0.000294, KS=0.1320).; Independence strongly rejected (min Ljung-Box p=4.49e-89, |ACF lag-1|=0.8956)."
0.1159999999999999,0.0021837382351525,0.5562813333332334,0.0286600011046389,6.295367458328428,0.01,452.5081692945453,1.4132989154361884e-95,456.3070893298353,9.430169783079024e-92,459.52739569187065,8.393398950571908e-85,z=Phi^{-1}(u),0.9035222757359976,931.5797103192724,0.912,38300,38550,250,50,overlapping,RED,"['PIT_uniformity_fail', 'ACF_dependence_fail']","Uniformity strongly rejected (min p=0.00218, KS=0.1160).; Independence strongly rejected (min Ljung-Box p=1.41e-95, |ACF lag-1|=0.9035)."
0.0559999999999999,0.3985403948382553,0.1604253333332333,0.3594921273899811,6.446986335432825,0.01,420.7681831970357,9.892950311312412e-89,428.9609595236335,6.39422807058604e-86,438.7172873114538,1.8301562559954577e-80,z=Phi^{-1}(u),0.8953816616366316,864.8353582345038,0.932,38350,38600,250,50,overlapping,RED,"['ACF_dependence_fail', 'coverage_warn']","Independence strongly rejected (min Ljung-Box p=9.89e-89, |ACF lag-1|=0.8954).; Coverage mildly off-target by 0.032 (target=0.900)."
0.082,0.065501447806285,0.3945253333333333,0.0746242828799415,0.992685980325234,0.0136401870069227,437.6490001038193,2.2657314280904487e-92,464.6147691655367,1.5912397283850482e-93,480.7919502916565,3.036933376056821e-89,z=Phi^{-1}(u),0.8804081748485267,620.7247544129556,0.964,38400,38650,250,50,overlapping,RED,"['ACF_dependence_fail', 'overcoverage']","Independence strongly rejected (min Ljung-Box p=1.59e-93, |ACF lag-1|=0.8804).; Coverage off-target by 0.064 (target=0.900)."
0.0839999999999999,0.0553890740154743,0.4175053333333334,0.0649025095730332,0.3629044185836392,0.15,395.76760818571296,2.423387494859801e-83,429.6101133879872,4.6498689556034396e-86,444.9177210720087,9.347152621538732e-82,z=Phi^{-1}(u),0.8587122241055704,584.9410759254147,0.96,38450,38700,250,50,overlapping,RED,"['ACF_dependence_fail', 'overcoverage']","Independence strongly rejected (min Ljung-Box p=4.65e-86, |ACF lag-1|=0.8587).; Coverage off-target by 0.060 (target=0.900)."
0.048,0.5949413009568136,0.0977133333333333,0.5965739844112619,0.2598627358507883,0.15,384.9177705892432,5.277391207526484e-81,400.7949759876892,6.375971964985588e-80,416.88283009358526,6.385694734386972e-76,z=Phi^{-1}(u),0.8626610552759052,654.6013894016759,0.924,38500,38750,250,50,overlapping,RED,"['ACF_dependence_fail', 'coverage_warn']","Independence strongly rejected (min Ljung-Box p=5.28e-81, |ACF lag-1|=0.8627).; Coverage mildly off-target by 0.024 (target=0.900)."
0.0859999999999999,0.046649053727069,0.4597173333333333,0.0504059150138325,1.0454531666439664,0.01,353.10319440306085,3.758126513524908e-74,365.0735757352826,2.512114691987509e-72,386.9036765950353,1.0590174522777258e-69,z=Phi^{-1}(u),0.8475095500990519,603.3999324922405,0.92,38550,38800,250,50,overlapping,RED,"['PIT_uniformity_warn', 'ACF_dependence_fail', 'coverage_warn']","Uniformity weakly rejected (min p=0.0466).; Independence strongly rejected (min Ljung-Box p=3.76e-74, |ACF lag-1|=0.8475).; Coverage mildly off-target by 0.020 (target=0.900)."
0.07,0.1645397722936822,0.3085133333333332,0.1278994606269994,0.7601808916056711,0.0478789809154851,366.02030329677984,6.213442492507294e-77,392.8223061817661,3.1700261196707406e-78,409.8615592816609,1.835687358813868e-74,z=Phi^{-1}(u),0.8503632105466135,644.2360879872421,0.916,38600,38850,250,50,overlapping,RED,['ACF_dependence_fail'],"Independence strongly rejected (min Ljung-Box p=3.17e-78, |ACF lag-1|=0.8504)."
0.0699999999999999,0.1645397722936832,0.3241693333333293,0.1156862386972948,0.9110301005736688,0.0212009166135491,276.64685081529666,1.0454614253615396e-57,317.8793776186179,2.5649957348907957e-62,336.14807448783665,3.1612921492136663e-59,z=Phi^{-1}(u),0.8195817936577843,726.3306819293823,0.88,38650,38900,250,50,overlapping,RED,"['ACF_dependence_fail', 'coverage_warn']","Independence strongly rejected (min Ljung-Box p=2.56e-62, |ACF lag-1|=0.8196).; Coverage mildly off-target by 0.020 (target=0.900)."
0.098,0.015292943042403,0.8439693333333292,0.0056968856456512,0.7001283480146014,0.0706081206551233,301.43859925267446,4.913285036175724e-63,349.11203352798884,6.149247235810009e-69,379.86047901150425,3.040142784156606e-68,z=Phi^{-1}(u),0.7997813894006046,731.8175286533535,0.876,38700,38950,250,50,overlapping,RED,"['PIT_uniformity_fail', 'ACF_dependence_fail', 'coverage_warn']","Uniformity strongly rejected (min p=0.0057, KS=0.0980).; Independence strongly rejected (min Ljung-Box p=6.15e-69, |ACF lag-1|=0.7998).; Coverage mildly off-target by 0.024 (target=0.900)."
0.0959999999999999,0.0186040510745638,0.5866813333333294,0.0240663803789736,1.2464561110190289,0.01,275.0797011807377,2.269531340987487e-57,322.5498385271623,2.630792655422472e-63,351.2701871438604,2.438330095867333e-62,z=Phi^{-1}(u),0.7894317237193201,666.2277921635532,0.92,38750,39000,250,50,overlapping,RED,"['PIT_uniformity_warn', 'ACF_dependence_fail', 'coverage_warn']","Uniformity weakly rejected (min p=0.0186).; Independence strongly rejected (min Ljung-Box p=2.63e-63, |ACF lag-1|=0.7894).; Coverage mildly off-target by 0.020 (target=0.900)."
0.068,0.189118983215428,0.2676253333330773,0.1672652364547967,12.060348913272264,0.01,510.68674773249046,3.9389562648868225e-108,526.474190755903,9.669042260065676e-107,533.0596895552688,3.4226977738611444e-100,z=Phi^{-1}(u),0.8777140367223079,920.8683758804912,0.896,38800,39050,250,50,overlapping,RED,['ACF_dependence_fail'],"Independence strongly rejected (min Ljung-Box p=3.94e-108, |ACF lag-1|=0.8777)."
0.098,0.0152929430424031,0.5973333333330733,0.0226439661881963,11.96265438359751,0.01,537.4115485683251,6.687539745906254e-114,567.7616724130654,1.4144684825077968e-115,601.3460195997842,1.498340572475544e-114,z=Phi^{-1}(u),0.8645231448598125,987.2874024876172,0.852,38850,39100,250,50,overlapping,RED,"['PIT_uniformity_warn', 'ACF_dependence_fail', 'coverage_warn']","Uniformity weakly rejected (min p=0.0153).; Independence strongly rejected (min Ljung-Box p=1.41e-115, |ACF lag-1|=0.8645).; Coverage mildly off-target by 0.048 (target=0.900)."
0.118,0.001723677123827,0.9947453333331332,0.0024994424589454,12.772449050483033,0.01,605.6742179188697,1.2018255938974213e-128,682.6152840803435,3.384167832829442e-140,724.1266311814163,1.730208248868866e-140,z=Phi^{-1}(u),0.889428300851397,921.3133267489268,0.888,38900,39150,250,50,overlapping,RED,"['PIT_uniformity_fail', 'ACF_dependence_fail']","Uniformity strongly rejected (min p=0.00172, KS=0.1180).; Independence strongly rejected (min Ljung-Box p=1.73e-140, |ACF lag-1|=0.8894)."
0.086,0.0466490537270688,0.4234053333331334,0.0626327228896698,13.415855233846514,0.01,649.196422131687,4.7225487359190206e-138,737.8810757674216,4.607823213203974e-152,787.7342661502016,5.676423842625777e-154,z=Phi^{-1}(u),0.8964795885140509,877.2033359298043,0.896,38950,39200,250,50,overlapping,RED,"['PIT_uniformity_warn', 'ACF_dependence_fail']","Uniformity weakly rejected (min p=0.0466).; Independence strongly rejected (min Ljung-Box p=5.68e-154, |ACF lag-1|=0.8965)."
0.14,9.755941577025083e-05,1.3373413333331334,0.0003967606021245,16.53254710949011,0.01,647.3026506558841,1.212010726634736e-137,739.9525890675625,1.6539761586417702e-152,797.6199107195519,4.529553784537638e-156,z=Phi^{-1}(u),0.8936280543587444,829.024494093944,0.9,39000,39250,250,50,overlapping,RED,"['PIT_uniformity_fail', 'ACF_dependence_fail']","Uniformity strongly rejected (min p=9.76e-05, KS=0.1400).; Independence strongly rejected (min Ljung-Box p=4.53e-156, |ACF lag-1|=0.8936)."
0.1159999999999999,0.0021837382351525,1.057757333333329,0.0017766924120575,1.4114347549239596,0.01,408.7424677890087,3.871488145770273e-86,434.58774765385306,4.04091402741875e-87,458.5628645509799,1.334158115164224e-84,z=Phi^{-1}(u),0.8159426660442296,627.5692104742614,0.904,39050,39300,250,50,overlapping,RED,"['PIT_uniformity_fail', 'ACF_dependence_fail']","Uniformity strongly rejected (min p=0.00178, KS=0.1160).; Independence strongly rejected (min Ljung-Box p=4.04e-87, |ACF lag-1|=0.8159)."
0.1060000000000001,0.0067055190786269,1.0469533333333332,0.0018835672844047,0.6665539240825922,0.0844818495526478,432.6475276872394,2.715258165709276e-91,450.3724832176065,1.740053479412129e-90,493.6444608472444,6.226242822817732e-92,z=Phi^{-1}(u),0.8787880791776852,597.8454814712729,0.92,39100,39350,250,50,overlapping,RED,"['PIT_uniformity_fail', 'ACF_dependence_fail', 'coverage_warn']","Uniformity strongly rejected (min p=0.00188, KS=0.1060).; Independence strongly rejected (min Ljung-Box p=6.23e-92, |ACF lag-1|=0.8788).; Coverage mildly off-target by 0.020 (target=0.900)."
0.0919999999999999,0.0272001300552793,0.4611133333333334,0.0499898637626399,0.6464558587325087,0.0927868352345005,502.6893714361743,2.097720082951051e-106,542.7553662198321,3.181851096369729e-110,595.6411674707049,2.383819095482209e-113,z=Phi^{-1}(u),0.9018156824155612,590.2697862850064,0.916,39150,39400,250,50,overlapping,RED,"['PIT_uniformity_warn', 'ACF_dependence_fail']","Uniformity weakly rejected (min p=0.0272).; Independence strongly rejected (min Ljung-Box p=2.38e-113, |ACF lag-1|=0.9018)."
0.054,0.4440650591425542,0.1774413333333333,0.3159301412118358,0.7004494598922975,0.0704754297965713,507.33134034639136,2.0879548843212265e-107,534.5931869426595,1.773577600116203e-108,543.7184721812483,1.981218768811282e-102,z=Phi^{-1}(u),0.8943042720989443,644.5527952320326,0.904,39200,39450,250,50,overlapping,RED,['ACF_dependence_fail'],"Independence strongly rejected (min Ljung-Box p=1.77e-108, |ACF lag-1|=0.8943)."
0.05,0.5427406465653746,0.1029133333333333,0.5711335709912491,0.4402750255577814,0.15,534.1383954886123,3.40453316383187e-113,574.2116883010717,5.882266963161147e-117,579.6395417962483,5.570740462948421e-110,z=Phi^{-1}(u),0.90188845990151,626.005136209803,0.904,39250,39500,250,50,overlapping,RED,['ACF_dependence_fail'],"Independence strongly rejected (min Ljung-Box p=5.88e-117, |ACF lag-1|=0.9019)."
0.1060000000000001,0.0067055190786269,0.5977853333333333,0.0225855744666642,0.9730511002433956,0.0154582314589448,583.5415798013295,7.272994856028096e-124,665.210607894425,1.8369439136495505e-136,683.5179692884866,6.780009932525026e-132,z=Phi^{-1}(u),0.8915233706705423,538.175130141597,0.94,39300,39550,250,50,overlapping,RED,"['PIT_uniformity_fail', 'ACF_dependence_fail', 'coverage_warn']","Uniformity strongly rejected (min p=0.00671, KS=0.1060).; Independence strongly rejected (min Ljung-Box p=1.84e-136, |ACF lag-1|=0.8915).; Coverage mildly off-target by 0.040 (target=0.900)."
0.1139999999999999,0.0027553557925281,0.7563573333333333,0.0092489556575686,0.6255788862982286,0.1024436526441224,585.878836929358,2.273942390824813e-124,668.9309181321505,2.92347904474729e-137,737.1536414724942,3.011729848522008e-143,z=Phi^{-1}(u),0.8849108768030676,480.448765085876,0.952,39350,39600,250,50,overlapping,RED,"['PIT_uniformity_fail', 'ACF_dependence_fail', 'overcoverage']","Uniformity strongly rejected (min p=0.00276, KS=0.1140).; Independence strongly rejected (min Ljung-Box p=3.01e-143, |ACF lag-1|=0.8849).; Coverage off-target by 0.052 (target=0.900)."
0.158,6.434116740158326e-06,1.445809333333333,0.000222914156452,1.8734900110983967,0.01,477.291486174051,6.356116636679192e-101,520.5126475914872,1.8205770774883674e-105,603.0755949774674,6.474789828011918e-115,z=Phi^{-1}(u),0.8581749914761687,425.604097234764,0.956,39400,39650,250,50,overlapping,RED,"['PIT_uniformity_fail', 'ACF_dependence_fail', 'overcoverage']","Uniformity strongly rejected (min p=6.43e-06, KS=0.1580).; Independence strongly rejected (min Ljung-Box p=6.47e-115, |ACF lag-1|=0.8582).; Coverage off-target by 0.056 (target=0.900)."
0.182,1.0177424069145733e-07,2.7158013333333337,2.869407819128256e-07,0.3896408157123119,0.15,402.6933555013634,7.794007010805314e-85,426.4872188800796,2.152556227801532e-85,441.0935093137633,5.854802943183601e-81,z=Phi^{-1}(u),0.8481087851617598,378.6947753238148,0.968,39450,39700,250,50,overlapping,RED,"['PIT_uniformity_fail', 'ACF_dependence_fail', 'overcoverage']","Uniformity strongly rejected (min p=1.02e-07, KS=0.1820).; Independence strongly rejected (min Ljung-Box p=2.15e-85, |ACF lag-1|=0.8481).; Coverage off-target by 0.068 (target=0.900)."
0.14,9.755941577025083e-05,1.6392453333333332,8.012960088721321e-05,0.1778275990741633,0.15,318.0701613832799,1.3020718876468153e-66,326.9036734597408,3.146371867071879e-64,354.4742408595052,5.32871171832902e-63,z=Phi^{-1}(u),0.8279511403868278,432.9789766551168,0.948,39500,39750,250,50,overlapping,RED,"['PIT_uniformity_fail', 'ACF_dependence_fail', 'coverage_warn']","Uniformity strongly rejected (min p=8.01e-05, KS=0.1400).; Independence strongly rejected (min Ljung-Box p=1.3e-66, |ACF lag-1|=0.8280).; Coverage mildly off-target by 0.048 (target=0.900)."
0.132,0.000293531424011,1.3704853333333331,0.0003325906232242,0.3584429820292882,0.15,295.54029336500514,9.10721385726002e-62,300.6036662367343,1.1588403193833382e-58,326.6871177317453,2.7758786651500164e-57,z=Phi^{-1}(u),0.8186204990003754,438.9276653832346,0.952,39550,39800,250,50,overlapping,RED,"['PIT_uniformity_fail', 'ACF_dependence_fail', 'overcoverage']","Uniformity strongly rejected (min p=0.000294, KS=0.1320).; Independence strongly rejected (min Ljung-Box p=9.11e-62, |ACF lag-1|=0.8186).; Coverage off-target by 0.052 (target=0.900)."
0.0759999999999999,0.1057293785294721,0.3928893333332693,0.0753739969929597,6.470774194825935,0.01,385.99192921940414,3.097238897566502e-81,401.30831867023306,4.957786563258262e-80,408.2376038865221,3.9902218681192415e-74,z=Phi^{-1}(u),0.8579115466209787,550.441275650658,0.912,39600,39850,250,50,overlapping,RED,['ACF_dependence_fail'],"Independence strongly rejected (min Ljung-Box p=3.1e-81, |ACF lag-1|=0.8579)."
0.0879999999999999,0.0391297550232407,0.4700573333332694,0.0474092690231453,4.097691479780593,0.01,409.7598871033349,2.336467583609012e-86,427.6262527099265,1.2309145497123601e-85,439.33359225682136,1.3618222175646422e-80,z=Phi^{-1}(u),0.8667848776389616,645.2253742415513,0.88,39650,39900,250,50,overlapping,RED,"['PIT_uniformity_warn', 'ACF_dependence_fail', 'coverage_warn']","Uniformity weakly rejected (min p=0.0391).; Independence strongly rejected (min Ljung-Box p=2.34e-86, |ACF lag-1|=0.8668).; Coverage mildly off-target by 0.020 (target=0.900)."
0.1159999999999999,0.0021837382351525,0.8820413333332693,0.0046219062030211,3.3885094135144698,0.01,420.34334441065965,1.221584304225812e-88,437.0472391818874,1.208275648404517e-87,442.3184172788097,3.253234964434489e-81,z=Phi^{-1}(u),0.8731286371197605,653.5583540961062,0.88,39700,39950,250,50,overlapping,RED,"['PIT_uniformity_fail', 'ACF_dependence_fail', 'coverage_warn']","Uniformity strongly rejected (min p=0.00218, KS=0.1160).; Independence strongly rejected (min Ljung-Box p=1.22e-88, |ACF lag-1|=0.8731).; Coverage mildly off-target by 0.020 (target=0.900)."
0.14,9.755941577025083e-05,1.3252693333332697,0.0004231169801188,3.496429784367251,0.01,416.0625576905899,1.0229348441370744e-87,430.5165303999374,2.9802926799093106e-86,435.3049876597979,9.39904943418451e-80,z=Phi^{-1}(u),0.8678741992820075,638.6951230437846,0.884,39750,40000,250,50,overlapping,RED,"['PIT_uniformity_fail', 'ACF_dependence_fail']","Uniformity strongly rejected (min p=9.76e-05, KS=0.1400).; Independence strongly rejected (min Ljung-Box p=1.02e-87, |ACF lag-1|=0.8679)."
0.1599999999999999,4.659433156552697e-06,1.8497293333332687,2.646830279018353e-05,2.817986587410303,0.01,387.30517059065966,1.614392589939007e-81,398.0331506021225,2.467844611400089e-79,432.7669760622875,3.1729203148579886e-79,z=Phi^{-1}(u),0.8565564262511937,697.8145336987853,0.832,39800,40050,250,50,overlapping,RED,"['PIT_uniformity_fail', 'ACF_dependence_fail', 'undercoverage']","Uniformity strongly rejected (min p=4.66e-06, KS=0.1600).; Independence strongly rejected (min Ljung-Box p=1.61e-81, |ACF lag-1|=0.8566).; Coverage off-target by 0.068 (target=0.900)."
0.1539999999999999,1.2117561490147364e-05,1.5823293333333333,0.000108213374915,1.6421422329915458,0.01,320.7156022555468,3.511937942194338e-67,326.25032913318904,4.327410966737703e-64,435.51631280492506,8.493433919172029e-80,z=Phi^{-1}(u),0.8018944373118759,631.7160367271119,0.848,39850,40100,250,50,overlapping,RED,"['PIT_uniformity_fail', 'ACF_dependence_fail', 'undercoverage']","Uniformity strongly rejected (min p=1.21e-05, KS=0.1540).; Independence strongly rejected (min Ljung-Box p=8.49e-80, |ACF lag-1|=0.8019).; Coverage off-target by 0.052 (target=0.900)."
0.1,0.0125203447299345,0.6530973333333334,0.0164960544525114,1.1968359344241437,0.01,261.18458002956805,2.1862907439304617e-54,268.9989412558094,5.4363142024148536e-52,476.6733224861673,2.2044565101305957e-88,z=Phi^{-1}(u),0.7805897481771419,568.322180044411,0.88,39900,40150,250,50,overlapping,RED,"['PIT_uniformity_warn', 'ACF_dependence_fail', 'coverage_warn']","Uniformity weakly rejected (min p=0.0125).; Independence strongly rejected (min Ljung-Box p=2.2e-88, |ACF lag-1|=0.7806).; Coverage mildly off-target by 0.020 (target=0.900)."
0.1119999999999999,0.0034624885629555,0.6728773333333333,0.0147545113441719,1.0782852430389769,0.01,254.86408543789133,4.969935619635095e-53,261.86699979539264,1.7284777400664257e-50,437.6985525407692,2.983044314725533e-80,z=Phi^{-1}(u),0.7808879814368997,600.0397642079068,0.852,39950,40200,250,50,overlapping,RED,"['PIT_uniformity_fail', 'ACF_dependence_fail', 'coverage_warn']","Uniformity strongly rejected (min p=0.00346, KS=0.1120).; Independence strongly rejected (min Ljung-Box p=2.98e-80, |ACF lag-1|=0.7809).; Coverage mildly off-target by 0.048 (target=0.900)."
0.154,1.211756149014716e-05,1.6561013333333334,7.331361683893256e-05,1.4345801629768289,0.01,296.7975143883309,4.887988630637909e-62,304.9407154903071,1.4026953103488046e-59,425.3511528957295,1.1080303393564546e-77,z=Phi^{-1}(u),0.8088557059540352,634.92264816182,0.852,40000,40250,250,50,overlapping,RED,"['PIT_uniformity_fail', 'ACF_dependence_fail', 'coverage_warn']","Uniformity strongly rejected (min p=1.21e-05, KS=0.1540).; Independence strongly rejected (min Ljung-Box p=1.11e-77, |ACF lag-1|=0.8089).; Coverage mildly off-target by 0.048 (target=0.900)."
0.126,0.0006423606286764,1.3136933333333334,0.0004500469321396,1.158000746282255,0.01,313.53630368100414,1.229861068723347e-65,324.4666324115969,1.0329720071481365e-63,385.0118910046018,2.610019073684065e-69,z=Phi^{-1}(u),0.8151972261459582,585.4195968621865,0.904,40050,40300,250,50,overlapping,RED,"['PIT_uniformity_fail', 'ACF_dependence_fail']","Uniformity strongly rejected (min p=0.00045, KS=0.1260).; Independence strongly rejected (min Ljung-Box p=2.61e-69, |ACF lag-1|=0.8152)."
0.124,0.0008271899609853,1.1665493333333332,0.0009888204366769,0.902221934578165,0.0220164875390587,370.066143152293,8.354332915307467e-78,380.2684030022026,1.4824487007765962e-75,408.0998136393605,4.2619173200237724e-74,z=Phi^{-1}(u),0.8587432116394575,519.5962018720356,0.94,40100,40350,250,50,overlapping,RED,"['PIT_uniformity_fail', 'ACF_dependence_fail', 'coverage_warn']","Uniformity strongly rejected (min p=0.000827, KS=0.1240).; Independence strongly rejected (min Ljung-Box p=8.35e-78, |ACF lag-1|=0.8587).; Coverage mildly off-target by 0.040 (target=0.900)."
0.07,0.1645397722936827,0.2332733333332692,0.2113443710095957,4.139325864257415,0.01,511.0273147130878,3.3255277073455207e-108,605.2942725500017,1.292149172859947e-123,659.8350902067606,6.8626301643703355e-127,z=Phi^{-1}(u),0.855214655941836,737.6458344087533,0.856,40150,40400,250,50,overlapping,RED,"['ACF_dependence_fail', 'coverage_warn']","Independence strongly rejected (min Ljung-Box p=6.86e-127, |ACF lag-1|=0.8552).; Coverage mildly off-target by 0.044 (target=0.900)."
0.0779999999999999,0.0904978738065942,0.2035133333332693,0.26085150573415,3.998560904576067,0.01,513.1544034953426,1.1552194221145126e-108,607.7281816343465,3.8881599105301774e-124,666.743432497076,2.382033111013157e-128,z=Phi^{-1}(u),0.855998165064031,753.749181609344,0.86,40200,40450,250,50,overlapping,RED,"['ACF_dependence_fail', 'coverage_warn']","Independence strongly rejected (min Ljung-Box p=2.38e-128, |ACF lag-1|=0.8560).; Coverage mildly off-target by 0.040 (target=0.900)."
0.134,0.0002242473030294,0.9612853333332692,0.0029980522159364,3.328022884281268,0.01,494.6808827251308,1.1229198917182514e-104,566.2358106477491,3.0010387002580107e-115,577.8122325375961,1.3502380256829598e-109,z=Phi^{-1}(u),0.8531217579160938,788.2007258317301,0.848,40250,40500,250,50,overlapping,RED,"['PIT_uniformity_fail', 'ACF_dependence_fail', 'undercoverage']","Uniformity strongly rejected (min p=0.000224, KS=0.1340).; Independence strongly rejected (min Ljung-Box p=3e-115, |ACF lag-1|=0.8531).; Coverage off-target by 0.052 (target=0.900)."
0.136,0.0001706166522264,1.0469053333332654,0.0018840563549493,3.700537294899021,0.01,414.6862818005128,2.0256033354471686e-87,455.7971449642908,1.2114867101062268e-91,463.59728235732587,1.1870923364676424e-85,z=Phi^{-1}(u),0.8491206295616421,829.9516076895612,0.824,40300,40550,250,50,overlapping,RED,"['PIT_uniformity_fail', 'ACF_dependence_fail', 'undercoverage']","Uniformity strongly rejected (min p=0.000171, KS=0.1360).; Independence strongly rejected (min Ljung-Box p=1.21e-91, |ACF lag-1|=0.8491).; Coverage off-target by 0.076 (target=0.900)."
0.1239999999999999,0.0008271899609853,0.6873453333332534,0.0136014523341151,3.613561311482101,0.01,479.6496964787508,1.9692929845623007e-101,555.0017417387553,7.621348172765907e-113,572.4104844148864,1.8484320883652882e-108,z=Phi^{-1}(u),0.8522454305738872,882.8685188302366,0.812,40350,40600,250,50,overlapping,RED,"['PIT_uniformity_fail', 'ACF_dependence_fail', 'undercoverage']","Uniformity strongly rejected (min p=0.000827, KS=0.1240).; Independence strongly rejected (min Ljung-Box p=7.62e-113, |ACF lag-1|=0.8522).; Coverage off-target by 0.088 (target=0.900)."
0.084,0.0553890740154738,0.3805173333333173,0.0813151021604268,1.1478249205342763,0.01,467.5359522560329,8.094368219466633e-99,502.1562712015054,1.527994799968638e-101,502.8983172966717,7.195651902547981e-94,z=Phi^{-1}(u),0.876737399683621,795.1877330319704,0.852,40400,40650,250,50,overlapping,RED,"['ACF_dependence_fail', 'coverage_warn']","Independence strongly rejected (min Ljung-Box p=1.53e-101, |ACF lag-1|=0.8767).; Coverage mildly off-target by 0.048 (target=0.900)."
0.0979999999999999,0.0152929430424032,0.7912013333333173,0.0076230422912656,1.802636166920422,0.01,445.62747687131207,4.3094323151265325e-94,480.1141672392634,7.813519180602717e-97,498.53406971931855,5.8996516471395525e-93,z=Phi^{-1}(u),0.8751573212274505,783.1896042521254,0.86,40450,40700,250,50,overlapping,RED,"['PIT_uniformity_fail', 'ACF_dependence_fail', 'coverage_warn']","Uniformity strongly rejected (min p=0.00762, KS=0.0980).; Independence strongly rejected (min Ljung-Box p=7.81e-97, |ACF lag-1|=0.8752).; Coverage mildly off-target by 0.040 (target=0.900)."
0.066,0.2164684877017028,0.2675533333332693,0.1673457874150927,5.1340041812554205,0.01,379.2027322911582,8.98938975799129e-80,436.5779215679595,1.5213152639344204e-87,468.5737611738908,1.0849382996139942e-86,z=Phi^{-1}(u),0.8377426898305274,749.1103172888792,0.876,40500,40750,250,50,overlapping,RED,"['ACF_dependence_fail', 'coverage_warn']","Independence strongly rejected (min Ljung-Box p=1.52e-87, |ACF lag-1|=0.8377).; Coverage mildly off-target by 0.024 (target=0.900)."
0.13,0.0003826527409824,1.0296013333332974,0.0020690208156859,6.605495467788956,0.01,342.32545666175554,7.856870001116431e-72,397.7356337004959,2.855159732253019e-79,448.5625565818769,1.625383514923052e-82,z=Phi^{-1}(u),0.8277939585691534,672.4340215784703,0.904,40550,40800,250,50,overlapping,RED,"['PIT_uniformity_fail', 'ACF_dependence_fail']","Uniformity strongly rejected (min p=0.000383, KS=0.1300).; Independence strongly rejected (min Ljung-Box p=1.63e-82, |ACF lag-1|=0.8278)."
0.1399999999999999,9.75594157702523e-05,1.4312373333333173,0.0002408346266572,4.654152626912008,0.01,397.0596124809596,1.2763806506192421e-83,414.96967536536425,6.118245626844591e-83,454.8583052973969,7.9082526218999015e-84,z=Phi^{-1}(u),0.8503789540691837,697.9368562296587,0.876,40600,40850,250,50,overlapping,RED,"['PIT_uniformity_fail', 'ACF_dependence_fail', 'coverage_warn']","Uniformity strongly rejected (min p=9.76e-05, KS=0.1400).; Independence strongly rejected (min Ljung-Box p=7.91e-84, |ACF lag-1|=0.8504).; Coverage mildly off-target by 0.024 (target=0.900)."
0.1100000000000001,0.0043334485784834,0.7189933333330613,0.0113910729653715,15.010372725542368,0.01,348.8645446188958,3.0729817790148546e-73,385.3651025290219,1.2225085699420513e-76,439.80141027672016,1.0881163485695792e-80,z=Phi^{-1}(u),0.8294529386051399,845.8074599994984,0.844,40650,40900,250,50,overlapping,RED,"['PIT_uniformity_fail', 'ACF_dependence_fail', 'undercoverage']","Uniformity strongly rejected (min p=0.00433, KS=0.1100).; Independence strongly rejected (min Ljung-Box p=1.09e-80, |ACF lag-1|=0.8295).; Coverage off-target by 0.056 (target=0.900)."
0.0659999999999999,0.2164684877017044,0.1811893333330612,0.3072081760231159,11.36747630643049,0.01,353.4592781193443,3.1499358005499288e-74,394.7427746104475,1.2372775959555534e-78,472.8357685710564,1.3968769841106145e-87,z=Phi^{-1}(u),0.8324854384958024,920.7997583849698,0.824,40700,40950,250,50,overlapping,RED,"['ACF_dependence_fail', 'undercoverage']","Independence strongly rejected (min Ljung-Box p=1.4e-87, |ACF lag-1|=0.8325).; Coverage off-target by 0.076 (target=0.900)."
0.082,0.0655014478062846,0.2848293333331733,0.1492295082283355,10.210822048138311,0.01,383.4786707575333,1.0776764526702896e-80,436.0872613794803,1.9356208483294368e-87,531.4461329057254,7.463530758435641e-100,z=Phi^{-1}(u),0.8471173930478223,907.4106717918628,0.832,40750,41000,250,50,overlapping,RED,"['ACF_dependence_fail', 'undercoverage']","Independence strongly rejected (min Ljung-Box p=7.46e-100, |ACF lag-1|=0.8471).; Coverage off-target by 0.068 (target=0.900)."
0.0699999999999999,0.1645397722936834,0.2317213333331732,0.2136355108859443,8.03975602352466,0.01,386.9639475484348,1.9122011324255286e-81,437.9059997259271,7.926525585333665e-88,546.5655423828748,5.000755159048448e-103,z=Phi^{-1}(u),0.8482569422434726,949.6413285762658,0.832,40800,41050,250,50,overlapping,RED,"['ACF_dependence_fail', 'undercoverage']","Independence strongly rejected (min Ljung-Box p=5e-103, |ACF lag-1|=0.8483).; Coverage off-target by 0.068 (target=0.900)."
0.1099999999999999,0.0043334485784834,0.8257453333331732,0.0062985024148334,11.803987104985822,0.01,376.5531485841252,3.3460802468506583e-79,414.747900875348,6.82119538292468e-83,499.2422399447448,4.193480209788598e-93,z=Phi^{-1}(u),0.8421468480439462,867.7713715720153,0.88,40850,41100,250,50,overlapping,RED,"['PIT_uniformity_fail', 'ACF_dependence_fail', 'coverage_warn']","Uniformity strongly rejected (min p=0.00433, KS=0.1100).; Independence strongly rejected (min Ljung-Box p=4.19e-93, |ACF lag-1|=0.8421).; Coverage mildly off-target by 0.020 (target=0.900)."
0.1459999999999999,4.0904301617483e-05,1.6502853333333332,7.559694810910234e-05,0.6117929333407801,0.1122907618994427,515.3939598352679,3.794695107322271e-109,574.076310921808,6.288301885051875e-117,580.3698212547507,3.910557913357823e-110,z=Phi^{-1}(u),0.8909967587614875,680.4107101342987,0.932,40900,41150,250,50,overlapping,RED,"['PIT_uniformity_fail', 'ACF_dependence_fail', 'coverage_warn']","Uniformity strongly rejected (min p=4.09e-05, KS=0.1460).; Independence strongly rejected (min Ljung-Box p=6.29e-117, |ACF lag-1|=0.8910).; Coverage mildly off-target by 0.032 (target=0.900)."
0.1459999999999999,4.0904301617483e-05,2.075933333333333,8.086900974424438e-06,0.4474953120565885,0.15,480.9483874760975,1.032897665555818e-101,541.0820743368067,7.255821501870606e-110,549.8804835878049,1.006355230857844e-103,z=Phi^{-1}(u),0.8798314014879203,698.8278507704509,0.94,40950,41200,250,50,overlapping,RED,"['PIT_uniformity_fail', 'ACF_dependence_fail', 'coverage_warn']","Uniformity strongly rejected (min p=8.09e-06, KS=0.1460).; Independence strongly rejected (min Ljung-Box p=7.26e-110, |ACF lag-1|=0.8798).; Coverage mildly off-target by 0.040 (target=0.900)."
0.202,2.0289194101949033e-09,4.289569333333334,7.975453630848506e-11,0.7706742283615142,0.0456928690913512,524.4220750810044,4.265948377772861e-111,586.2192309867293,1.5774925271247462e-119,603.3933293115313,5.549863618039601e-115,z=Phi^{-1}(u),0.8922525022941215,753.6066853895452,0.92,41000,41250,250,50,overlapping,RED,"['PIT_uniformity_fail', 'ACF_dependence_fail', 'coverage_warn']","Uniformity strongly rejected (min p=7.98e-11, KS=0.2020).; Independence strongly rejected (min Ljung-Box p=1.58e-119, |ACF lag-1|=0.8923).; Coverage mildly off-target by 0.020 (target=0.900)."
0.142,7.331959943971247e-05,1.799741333333329,3.441790330505068e-05,1.1842852857955677,0.01,505.80483599906125,4.459046294638431e-107,574.0488565867896,6.374002471503278e-117,650.7281141181047,5.752971048662963e-125,z=Phi^{-1}(u),0.8403941597979417,858.921462613758,0.884,41050,41300,250,50,overlapping,RED,"['PIT_uniformity_fail', 'ACF_dependence_fail']","Uniformity strongly rejected (min p=3.44e-05, KS=0.1420).; Independence strongly rejected (min Ljung-Box p=5.75e-125, |ACF lag-1|=0.8404)."
0.154,1.211756149014716e-05,2.043493333333329,9.583521262346297e-06,1.6947359305156624,0.01,478.541430521941,3.4155965042870673e-101,519.2581660435793,3.3762976062997822e-105,606.6669351190862,1.1337170484885981e-115,z=Phi^{-1}(u),0.8420462309781084,937.764034855469,0.868,41100,41350,250,50,overlapping,RED,"['PIT_uniformity_fail', 'ACF_dependence_fail', 'coverage_warn']","Uniformity strongly rejected (min p=9.58e-06, KS=0.1540).; Independence strongly rejected (min Ljung-Box p=1.13e-115, |ACF lag-1|=0.8420).; Coverage mildly off-target by 0.032 (target=0.900)."
0.1059999999999999,0.006705519078627,0.6073093333333294,0.0213908636728691,0.7988056816889753,0.0398321496481301,450.7712958509383,3.348860947761866e-95,478.372862599258,1.8394195365043653e-96,535.356753122797,1.1280021430531904e-100,z=Phi^{-1}(u),0.8290708984439558,857.2194797701231,0.892,41150,41400,250,50,overlapping,RED,"['PIT_uniformity_fail', 'ACF_dependence_fail']","Uniformity strongly rejected (min p=0.00671, KS=0.1060).; Independence strongly rejected (min Ljung-Box p=1.13e-100, |ACF lag-1|=0.8291)."
0.12,0.0013550102442608,0.9721813333333292,0.0028254767565043,1.0973489750624594,0.01,474.5784551667691,2.4469276257588033e-100,519.8161103816014,2.5653286460020423e-105,537.0121766326677,5.068281168446132e-101,z=Phi^{-1}(u),0.8365957038869071,844.8461164180252,0.904,41200,41450,250,50,overlapping,RED,"['PIT_uniformity_fail', 'ACF_dependence_fail']","Uniformity strongly rejected (min p=0.00136, KS=0.1200).; Independence strongly rejected (min Ljung-Box p=2.57e-105, |ACF lag-1|=0.8366)."
0.1619999999999999,3.3603150967302347e-06,2.229585333333329,3.6215127521277424e-06,0.853091010279627,0.0285227061917443,503.7246839757349,1.2539125626375382e-106,567.280801701892,1.7928597001961297e-115,600.9563610390284,1.81008475973844e-114,z=Phi^{-1}(u),0.8479265966351074,967.9992620390632,0.876,41250,41500,250,50,overlapping,RED,"['PIT_uniformity_fail', 'ACF_dependence_fail', 'coverage_warn']","Uniformity strongly rejected (min p=3.36e-06, KS=0.1620).; Independence strongly rejected (min Ljung-Box p=1.79e-115, |ACF lag-1|=0.8479).; Coverage mildly off-target by 0.024 (target=0.900)."
0.142,7.331959943971247e-05,2.4064693333333333,1.4384792720312234e-06,1.521184416897654,0.01,567.1312502093466,2.5506638341421614e-120,629.7517719011042,7.396412488552867e-129,735.306833050423,7.414259689558183e-143,z=Phi^{-1}(u),0.9046704369604076,835.6445020219919,0.912,41300,41550,250,50,overlapping,RED,"['PIT_uniformity_fail', 'ACF_dependence_fail']","Uniformity strongly rejected (min p=1.44e-06, KS=0.1420).; Independence strongly rejected (min Ljung-Box p=7.41e-143, |ACF lag-1|=0.9047)."
0.168,1.2294793527601027e-06,2.469965333333333,1.032998299232979e-06,3.653405012549854,0.01,649.073550092525,5.0203598007373257e-138,804.3341527156022,2.4143654863342863e-166,950.4211489431884,1.4426722177406057e-188,z=Phi^{-1}(u),0.9218097828171636,804.3114241313519,0.916,41350,41600,250,50,overlapping,RED,"['PIT_uniformity_fail', 'ACF_dependence_fail']","Uniformity strongly rejected (min p=1.03e-06, KS=0.1680).; Independence strongly rejected (min Ljung-Box p=1.44e-188, |ACF lag-1|=0.9218)."
0.2220000000000001,2.6502806870437948e-11,6.354701333333333,2.684108491024517e-11,2.318296387058268,0.01,613.5568768566137,2.3797965419091214e-130,679.3775029523185,1.6760699669387622e-139,684.7097210377684,3.795189122875407e-132,z=Phi^{-1}(u),0.9250138652941444,998.3066872619728,0.844,41400,41650,250,50,overlapping,RED,"['PIT_uniformity_fail', 'ACF_dependence_fail', 'undercoverage']","Uniformity strongly rejected (min p=2.65e-11, KS=0.2220).; Independence strongly rejected (min Ljung-Box p=1.68e-139, |ACF lag-1|=0.9250).; Coverage off-target by 0.056 (target=0.900)."
0.156,8.848081887923624e-06,2.5482453333333326,6.869119448804639e-07,4.819591667411999,0.01,690.0724827934117,6.881955229715996e-147,848.8551130564272,6.435168191117305e-176,868.9256255714539,3.2068436159885863e-171,z=Phi^{-1}(u),0.9342423121854228,920.4723302780078,0.852,41450,41700,250,50,overlapping,RED,"['PIT_uniformity_fail', 'ACF_dependence_fail', 'coverage_warn']","Uniformity strongly rejected (min p=6.87e-07, KS=0.1560).; Independence strongly rejected (min Ljung-Box p=6.44e-176, |ACF lag-1|=0.9342).; Coverage mildly off-target by 0.048 (target=0.900)."
0.14,9.755941577025083e-05,1.1581173333333334,0.0010346279408168,4.247622801619912,0.01,711.5049285921488,1.5980243182994103e-151,891.8821520521889,3.5567582754847745e-185,925.3282921349588,3.189014144071867e-183,z=Phi^{-1}(u),0.9376027865377884,775.7102066356827,0.904,41500,41750,250,50,overlapping,RED,"['PIT_uniformity_fail', 'ACF_dependence_fail']","Uniformity strongly rejected (min p=9.76e-05, KS=0.1400).; Independence strongly rejected (min Ljung-Box p=3.56e-185, |ACF lag-1|=0.9376)."
0.12,0.0013550102442608,0.7440293333333333,0.0099058397889945,4.87637593623009,0.01,757.8368907644551,1.5265483913523025e-161,995.255281093642,1.967733736032327e-207,1050.1289484448198,7.889344794566634e-210,z=Phi^{-1}(u),0.943564435861577,780.6273038670616,0.904,41550,41800,250,50,overlapping,RED,"['PIT_uniformity_fail', 'ACF_dependence_fail']","Uniformity strongly rejected (min p=0.00136, KS=0.1200).; Independence strongly rejected (min Ljung-Box p=7.89e-210, |ACF lag-1|=0.9436)."
0.12,0.0013550102442608,0.9304933333333332,0.0035459048107666,6.916964395483205,0.01,792.8119118316741,4.1523804739071786e-169,1098.320878251128,1.2145249146397798e-229,1217.8617674968698,1.128449851168763e-245,z=Phi^{-1}(u),0.9485919623092928,727.9155211137106,0.916,41600,41850,250,50,overlapping,RED,"['PIT_uniformity_fail', 'ACF_dependence_fail']","Uniformity strongly rejected (min p=0.00136, KS=0.1200).; Independence strongly rejected (min Ljung-Box p=1.13e-245, |ACF lag-1|=0.9486)."
0.2099999999999999,3.765531209202375e-10,3.3595133333333336,1.0062733979410154e-08,3.2770300434837054,0.01,724.1812956153399,2.9001291403572952e-154,974.2457621889472,6.593820499325305e-203,1297.8914952351183,8.367793616158443e-263,z=Phi^{-1}(u),0.9366965480919072,551.6127036426703,0.98,41650,41900,250,50,overlapping,RED,"['PIT_uniformity_fail', 'ACF_dependence_fail', 'overcoverage']","Uniformity strongly rejected (min p=3.77e-10, KS=0.2100).; Independence strongly rejected (min Ljung-Box p=8.37e-263, |ACF lag-1|=0.9367).; Coverage off-target by 0.080 (target=0.900)."
0.2259999999999999,1.0574852054710952e-11,4.9987813333333335,4.6986192714371094e-11,0.8384237778589352,0.0315783796127218,654.9911628776657,2.6401933923791747e-139,780.4996295776159,3.2083466946563355e-161,840.6697664666754,3.2572600415453303e-165,z=Phi^{-1}(u),0.9375046398842816,533.0824431985837,0.972,41700,41950,250,50,overlapping,RED,"['PIT_uniformity_fail', 'ACF_dependence_fail', 'overcoverage']","Uniformity strongly rejected (min p=1.06e-11, KS=0.2260).; Independence strongly rejected (min Ljung-Box p=3.26e-165, |ACF lag-1|=0.9375).; Coverage off-target by 0.072 (target=0.900)."
0.2979999999999999,3.5246658333162676e-20,8.442565333333333,7.595846174268672e-11,1.2900063211687325,0.01,550.9589449595469,7.936800992130933e-117,571.4442700838263,2.3020718966260568e-116,611.1938132374632,1.2602756137605593e-116,z=Phi^{-1}(u),0.9116161030053463,448.9600941910624,0.976,41750,42000,250,50,overlapping,RED,"['PIT_uniformity_fail', 'ACF_dependence_fail', 'overcoverage']","Uniformity strongly rejected (min p=3.52e-20, KS=0.2980).; Independence strongly rejected (min Ljung-Box p=7.94e-117, |ACF lag-1|=0.9116).; Coverage off-target by 0.076 (target=0.900)."
0.242,2.2568131237880093e-13,5.866217333333334,4.526268249094301e-12,1.9542964886899767,0.01,494.8654557547837,1.024498408774635e-104,517.7092671620526,7.237864149064113e-105,602.1049346635006,1.0368768258233203e-114,z=Phi^{-1}(u),0.8930954764753317,454.6260315035401,0.964,41800,42050,250,50,overlapping,RED,"['PIT_uniformity_fail', 'ACF_dependence_fail', 'overcoverage']","Uniformity strongly rejected (min p=2.26e-13, KS=0.2420).; Independence strongly rejected (min Ljung-Box p=1.04e-114, |ACF lag-1|=0.8931).; Coverage off-target by 0.064 (target=0.900)."
0.142,7.331959943971247e-05,1.4901213333333332,0.0001762465060127,2.7767358679899417,0.01,627.4966560188151,2.3128263640587606e-133,703.0632575650599,1.3815148575790132e-144,780.306282171895,2.1384815609609917e-152,z=Phi^{-1}(u),0.913969361918456,514.234920699437,0.96,41850,42100,250,50,overlapping,RED,"['PIT_uniformity_fail', 'ACF_dependence_fail', 'overcoverage']","Uniformity strongly rejected (min p=7.33e-05, KS=0.1420).; Independence strongly rejected (min Ljung-Box p=2.14e-152, |ACF lag-1|=0.9140).; Coverage off-target by 0.060 (target=0.900)."
0.106,0.006705519078627,0.8857813333331892,0.0045281252755134,9.637345660956214,0.01,540.7913025726868,1.245750445198931e-114,664.8039851978173,2.2456077526258702e-136,670.4166937899732,3.987661595054119e-129,z=Phi^{-1}(u),0.8388575965035031,671.8823678869658,0.892,41900,42150,250,50,overlapping,RED,"['PIT_uniformity_fail', 'ACF_dependence_fail']","Uniformity strongly rejected (min p=0.00453, KS=0.1060).; Independence strongly rejected (min Ljung-Box p=2.25e-136, |ACF lag-1|=0.8389)."
0.1439999999999999,5.487659392626361e-05,1.175761333333189,0.0009411128821686,11.066971663596291,0.01,519.9679319964823,3.905576165278947e-110,636.8558614359022,2.2172402833669413e-130,645.1796952297744,8.537912560212695e-124,z=Phi^{-1}(u),0.8333228976711216,719.2734636063645,0.888,41950,42200,250,50,overlapping,RED,"['PIT_uniformity_fail', 'ACF_dependence_fail']","Uniformity strongly rejected (min p=5.49e-05, KS=0.1440).; Independence strongly rejected (min Ljung-Box p=2.22e-130, |ACF lag-1|=0.8333)."
0.194,1.0217160464819998e-08,2.6765373333331888,3.520477367402464e-07,11.827202334820754,0.01,512.0627330959389,1.987631011702141e-108,602.3239621857016,5.5948719740957054e-123,619.712156331935,2.016742984717021e-118,z=Phi^{-1}(u),0.8378275277039859,830.4539932569634,0.852,42000,42250,250,50,overlapping,RED,"['PIT_uniformity_fail', 'ACF_dependence_fail', 'coverage_warn']","Uniformity strongly rejected (min p=1.02e-08, KS=0.1940).; Independence strongly rejected (min Ljung-Box p=5.59e-123, |ACF lag-1|=0.8378).; Coverage mildly off-target by 0.048 (target=0.900)."
0.214,1.5814280556184262e-10,3.8941493333329937,7.572497073837781e-10,10.348226606013611,0.01,498.0096703497499,2.1471536866787843e-105,550.9316530930172,5.663702309790815e-112,571.043807448316,3.583139762967097e-108,z=Phi^{-1}(u),0.8359224666933841,1238.845253089469,0.728,42050,42300,250,50,overlapping,RED,"['PIT_uniformity_fail', 'ACF_dependence_fail', 'undercoverage']","Uniformity strongly rejected (min p=1.58e-10, KS=0.2140).; Independence strongly rejected (min Ljung-Box p=5.66e-112, |ACF lag-1|=0.8359).; Coverage off-target by 0.172 (target=0.900)."
0.274,4.456284348465677e-17,5.130137333332994,7.823386383165598e-11,7.754072880570163,0.01,468.21806015151856,5.767807820399896e-99,501.458501974256,2.153945326458096e-101,547.4407215304899,3.275088582283757e-103,z=Phi^{-1}(u),0.8346157283172185,1322.3620014602384,0.708,42100,42350,250,50,overlapping,RED,"['PIT_uniformity_fail', 'ACF_dependence_fail', 'undercoverage']","Uniformity strongly rejected (min p=4.46e-17, KS=0.2740).; Independence strongly rejected (min Ljung-Box p=3.28e-103, |ACF lag-1|=0.8346).; Coverage off-target by 0.192 (target=0.900)."
0.182,1.0177424069145845e-07,2.5314493333332333,7.497444695081512e-07,4.499564244373715,0.01,474.4387361860494,2.6228273589602485e-100,493.9390034488083,8.708285182075097e-100,498.2782348739625,6.67393768985248e-93,z=Phi^{-1}(u),0.854204079570098,1273.164697174284,0.76,42150,42400,250,50,overlapping,RED,"['PIT_uniformity_fail', 'ACF_dependence_fail', 'undercoverage']","Uniformity strongly rejected (min p=1.02e-07, KS=0.1820).; Independence strongly rejected (min Ljung-Box p=2.62e-100, |ACF lag-1|=0.8542).; Coverage off-target by 0.140 (target=0.900)."
0.2039999999999999,1.3401831036384734e-09,3.6960213333332335,1.7888859282777503e-09,3.4376767214215533,0.01,500.3380412811071,6.7497902817849045e-106,528.5609311040379,3.460183980887626e-107,530.3807135179756,1.248773852481148e-99,z=Phi^{-1}(u),0.8682596780137771,1466.4040000545267,0.704,42200,42450,250,50,overlapping,RED,"['PIT_uniformity_fail', 'ACF_dependence_fail', 'undercoverage']","Uniformity strongly rejected (min p=1.34e-09, KS=0.2040).; Independence strongly rejected (min Ljung-Box p=3.46e-107, |ACF lag-1|=0.8683).; Coverage off-target by 0.196 (target=0.900)."
0.146,4.090430161748266e-05,1.979629333333233,1.3390523649126074e-05,2.7862168965976366,0.01,510.4661236492633,4.395503974824599e-108,542.5549952276941,3.5119700414529435e-110,562.416825219137,2.335093637404753e-106,z=Phi^{-1}(u),0.8680623994059952,1406.4276634012845,0.732,42250,42500,250,50,overlapping,RED,"['PIT_uniformity_fail', 'ACF_dependence_fail', 'undercoverage']","Uniformity strongly rejected (min p=1.34e-05, KS=0.1460).; Independence strongly rejected (min Ljung-Box p=3.51e-110, |ACF lag-1|=0.8681).; Coverage off-target by 0.168 (target=0.900)."
0.16,4.659433156552614e-06,2.617421333333317,4.790030542212165e-07,1.0667633904594425,0.01,479.7060611780097,1.9149045197059358e-101,534.6451384750923,1.728770077516065e-108,567.1709633189627,2.337426925619444e-107,z=Phi^{-1}(u),0.8899779032718623,1036.4336576876071,0.864,42300,42550,250,50,overlapping,RED,"['PIT_uniformity_fail', 'ACF_dependence_fail', 'coverage_warn']","Uniformity strongly rejected (min p=4.79e-07, KS=0.1600).; Independence strongly rejected (min Ljung-Box p=1.73e-108, |ACF lag-1|=0.8900).; Coverage mildly off-target by 0.036 (target=0.900)."
0.1559999999999999,8.848081887923706e-06,2.5293853333333174,7.578526268758878e-07,1.9507994949182148,0.01,401.3911398201565,1.487420564922734e-84,414.7465401681391,6.825748646403858e-83,434.3254110173719,1.5032544523833017e-79,z=Phi^{-1}(u),0.8815846949212989,984.9775792187908,0.88,42350,42600,250,50,overlapping,RED,"['PIT_uniformity_fail', 'ACF_dependence_fail', 'coverage_warn']","Uniformity strongly rejected (min p=7.58e-07, KS=0.1560).; Independence strongly rejected (min Ljung-Box p=1.49e-84, |ACF lag-1|=0.8816).; Coverage mildly off-target by 0.020 (target=0.900)."
0.094,0.0225406568153297,0.7701973333333333,0.0085644106441946,2.118155608755046,0.01,538.612639656931,3.6804564476041336e-114,636.5104149648117,2.6295773095502872e-130,654.0273018021492,1.156611575256006e-125,z=Phi^{-1}(u),0.9148707116611312,879.4394026814634,0.904,42400,42650,250,50,overlapping,RED,"['PIT_uniformity_fail', 'ACF_dependence_fail']","Uniformity strongly rejected (min p=0.00856, KS=0.0940).; Independence strongly rejected (min Ljung-Box p=2.63e-130, |ACF lag-1|=0.9149)."
0.1019999999999999,0.0102089770242199,1.0155053333333333,0.0022332257336705,2.366994795231818,0.01,515.9082147684732,2.938698359236424e-109,610.3284482264731,1.0776949201288702e-124,691.560768235454,1.3500401318035814e-133,z=Phi^{-1}(u),0.9046910169556754,677.3762042882049,0.98,42450,42700,250,50,overlapping,RED,"['PIT_uniformity_fail', 'ACF_dependence_fail', 'overcoverage']","Uniformity strongly rejected (min p=0.00223, KS=0.1020).; Independence strongly rejected (min Ljung-Box p=1.35e-133, |ACF lag-1|=0.9047).; Coverage off-target by 0.080 (target=0.900)."
0.162,3.360315096730175e-06,2.069729333333333,8.353773714220303e-06,3.052926733128998,0.01,586.0358655062178,2.1030767311567976e-124,727.7524945329425,6.90151583449311e-150,776.8426505716737,1.1611294968853636e-151,z=Phi^{-1}(u),0.9103838866817124,650.4009774292704,0.988,42500,42750,250,50,overlapping,RED,"['PIT_uniformity_fail', 'ACF_dependence_fail', 'overcoverage']","Uniformity strongly rejected (min p=3.36e-06, KS=0.1620).; Independence strongly rejected (min Ljung-Box p=1.16e-151, |ACF lag-1|=0.9104).; Coverage off-target by 0.088 (target=0.900)."
0.164,2.4133932149658096e-06,2.285661333333333,2.7020992986459547e-06,2.879092995724505,0.01,654.7978814629811,2.906796239068741e-139,790.7611404530319,1.998273504387705e-163,906.8679405437576,2.7144344588162432e-179,z=Phi^{-1}(u),0.9267159098277442,764.644233677229,0.972,42550,42800,250,50,overlapping,RED,"['PIT_uniformity_fail', 'ACF_dependence_fail', 'overcoverage']","Uniformity strongly rejected (min p=2.41e-06, KS=0.1640).; Independence strongly rejected (min Ljung-Box p=2.71e-179, |ACF lag-1|=0.9267).; Coverage off-target by 0.072 (target=0.900)."
0.148,3.036436222239841e-05,2.065749333333333,8.529609150653705e-06,0.9934887246138828,0.0135658588320478,722.8421365652362,5.6494945571098124e-154,848.3132936136966,8.416042905282759e-176,1004.650185575682,3.9803437353176826e-200,z=Phi^{-1}(u),0.9362691818742078,798.8592674529788,0.956,42600,42850,250,50,overlapping,RED,"['PIT_uniformity_fail', 'ACF_dependence_fail', 'overcoverage']","Uniformity strongly rejected (min p=8.53e-06, KS=0.1480).; Independence strongly rejected (min Ljung-Box p=3.98e-200, |ACF lag-1|=0.9363).; Coverage off-target by 0.056 (target=0.900)."
0.086,0.0466490537270688,0.4777373333333333,0.0453059866126217,0.7428400397908206,0.0529586612434625,644.7672485928335,4.280685328171405e-137,741.8691866718483,6.409540910132264e-153,796.6468092149884,7.287900286790093e-156,z=Phi^{-1}(u),0.9306278490291972,861.4677674061663,0.948,42650,42900,250,50,overlapping,RED,"['PIT_uniformity_warn', 'ACF_dependence_fail', 'coverage_warn']","Uniformity weakly rejected (min p=0.0453).; Independence strongly rejected (min Ljung-Box p=7.29e-156, |ACF lag-1|=0.9306).; Coverage mildly off-target by 0.048 (target=0.900)."
0.0639999999999999,0.2467324500849869,0.3020573333333334,0.1333513254611923,1.3691995419703744,0.01,696.3532496449069,3.018185933684533e-148,836.5657289883329,2.8306890069615758e-173,920.1853145874474,3.969199096278404e-182,z=Phi^{-1}(u),0.9391254644654392,1026.962826899511,0.892,42700,42950,250,50,overlapping,RED,['ACF_dependence_fail'],"Independence strongly rejected (min Ljung-Box p=3.97e-182, |ACF lag-1|=0.9391)."
0.16,4.659433156552614e-06,1.2811453333332974,0.0005353948691557,3.496660828556088,0.01,596.4932096794455,1.157589919614842e-126,855.7235885766855,2.143167557255601e-177,945.8218841669972,1.3770994902214004e-187,z=Phi^{-1}(u),0.8442427380194149,1257.8041016867392,0.836,42750,43000,250,50,overlapping,RED,"['PIT_uniformity_fail', 'ACF_dependence_fail', 'undercoverage']","Uniformity strongly rejected (min p=4.66e-06, KS=0.1600).; Independence strongly rejected (min Ljung-Box p=1.38e-187, |ACF lag-1|=0.8442).; Coverage off-target by 0.064 (target=0.900)."
0.1059999999999999,0.006705519078627,0.7538973333332972,0.0093763741021375,6.580668367600083,0.01,562.481510046697,2.576246633138888e-119,834.1124788631665,9.539357509164696e-173,980.4375771293712,5.787117619224863e-195,z=Phi^{-1}(u),0.8289708859995314,1107.0874033354548,0.856,42800,43050,250,50,overlapping,RED,"['PIT_uniformity_fail', 'ACF_dependence_fail', 'coverage_warn']","Uniformity strongly rejected (min p=0.00671, KS=0.1060).; Independence strongly rejected (min Ljung-Box p=5.79e-195, |ACF lag-1|=0.8290).; Coverage mildly off-target by 0.044 (target=0.900)."
0.126,0.0006423606286764,0.8128813333332973,0.0067618684906788,8.703860239303594,0.01,544.063245822293,2.4482325890078654e-115,841.5698895963765,2.374587370648003e-174,1060.98805166576,3.7944618070162005e-212,z=Phi^{-1}(u),0.8145013211803389,982.1028363710006,0.88,42850,43100,250,50,overlapping,RED,"['PIT_uniformity_fail', 'ACF_dependence_fail', 'coverage_warn']","Uniformity strongly rejected (min p=0.000642, KS=0.1260).; Independence strongly rejected (min Ljung-Box p=3.79e-212, |ACF lag-1|=0.8145).; Coverage mildly off-target by 0.020 (target=0.900)."
0.19,2.23557420935436e-08,2.765785333333269,2.2118349463085002e-07,5.924023477787557,0.01,577.3590932702582,1.5751007744370862e-122,927.1809942274352,8.98022866725691e-193,1189.159560496962,1.5560490543163477e-239,z=Phi^{-1}(u),0.8292520329928303,1175.08648718142,0.808,42900,43150,250,50,overlapping,RED,"['PIT_uniformity_fail', 'ACF_dependence_fail', 'undercoverage']","Uniformity strongly rejected (min p=2.24e-08, KS=0.1900).; Independence strongly rejected (min Ljung-Box p=1.56e-239, |ACF lag-1|=0.8293).; Coverage off-target by 0.092 (target=0.900)."
0.282,4.4275289441205234e-18,10.364489333333008,6.847988842650919e-11,11.094955466454962,0.01,482.8088569151556,4.097945765608201e-102,731.9114149263578,8.825074797610081e-151,1055.2108484934736,6.491627359207857e-211,z=Phi^{-1}(u),0.7777018382836083,1536.439574893269,0.74,42950,43200,250,50,overlapping,RED,"['PIT_uniformity_fail', 'ACF_dependence_fail', 'undercoverage']","Uniformity strongly rejected (min p=4.43e-18, KS=0.2820).; Independence strongly rejected (min Ljung-Box p=6.49e-211, |ACF lag-1|=0.7777).; Coverage off-target by 0.160 (target=0.900)."
0.19,2.23557420935436e-08,3.749341333333189,1.382502112790007e-09,6.345591004448977,0.01,694.7712576839807,6.634279891103748e-148,1091.2662493679716,4.0283397119056495e-228,1631.8162222032806,0.0,z=Phi^{-1}(u),0.8678853191063389,1433.365683460014,0.76,43000,43250,250,50,overlapping,RED,"['PIT_uniformity_fail', 'ACF_dependence_fail', 'undercoverage']","Uniformity strongly rejected (min p=1.38e-09, KS=0.1900).; Independence strongly rejected (min Ljung-Box p=0, |ACF lag-1|=0.8679).; Coverage off-target by 0.140 (target=0.900)."
0.252,1.7707005604051638e-14,6.7923893333331895,1.0679923612144647e-10,3.7379074380677935,0.01,696.0119840587911,3.5771113019455496e-148,1092.844186987238,1.840715906575368e-228,1639.099717347078,0.0,z=Phi^{-1}(u),0.8678224062456903,1623.8311789402903,0.748,43050,43300,250,50,overlapping,RED,"['PIT_uniformity_fail', 'ACF_dependence_fail', 'undercoverage']","Uniformity strongly rejected (min p=1.77e-14, KS=0.2520).; Independence strongly rejected (min Ljung-Box p=0, |ACF lag-1|=0.8678).; Coverage off-target by 0.152 (target=0.900)."
0.256,6.205098495841404e-15,6.67408533333319,7.484968200799358e-11,2.9920215468437448,0.01,662.9597453965769,5.0018853926946935e-141,1007.5031361496244,4.5246340059961404e-210,1477.0180831106782,3.3912167471455113e-301,z=Phi^{-1}(u),0.8666601974321413,1694.277174733838,0.748,43100,43350,250,50,overlapping,RED,"['PIT_uniformity_fail', 'ACF_dependence_fail', 'undercoverage']","Uniformity strongly rejected (min p=6.21e-15, KS=0.2560).; Independence strongly rejected (min Ljung-Box p=3.39e-301, |ACF lag-1|=0.8667).; Coverage off-target by 0.152 (target=0.900)."
0.146,4.090430161748266e-05,1.8675733333332336,2.410109220640777e-05,3.0481820264743646,0.01,652.4329869590287,9.431810690903427e-139,933.2521819721894,4.4285262038199806e-194,1248.5211405914913,3.103885489120851e-252,z=Phi^{-1}(u),0.8882353713721913,1569.7829552365324,0.82,43150,43400,250,50,overlapping,RED,"['PIT_uniformity_fail', 'ACF_dependence_fail', 'undercoverage']","Uniformity strongly rejected (min p=2.41e-05, KS=0.1460).; Independence strongly rejected (min Ljung-Box p=3.1e-252, |ACF lag-1|=0.8882).; Coverage off-target by 0.080 (target=0.900)."
0.15,2.244766886754376e-05,2.174085333333297,4.839967840397641e-06,2.0791071917652744,0.01,574.6306584450324,6.11935023291017e-122,724.7757870395136,3.007654301143585e-149,791.1802185096146,1.0539327854918815e-154,z=Phi^{-1}(u),0.8999065978078308,1232.96578094425,0.892,43200,43450,250,50,overlapping,RED,"['PIT_uniformity_fail', 'ACF_dependence_fail']","Uniformity strongly rejected (min p=4.84e-06, KS=0.1500).; Independence strongly rejected (min Ljung-Box p=1.05e-154, |ACF lag-1|=0.8999)."
0.1599999999999999,4.659433156552659e-06,2.781217333333297,2.041062843183284e-07,2.8147175159912194,0.01,551.9393767704842,4.874178683664702e-117,686.1302740125504,5.957685817544645e-141,759.1258593819192,6.638939174961851e-148,z=Phi^{-1}(u),0.893634661811147,1168.236534703338,0.928,43250,43500,250,50,overlapping,RED,"['PIT_uniformity_fail', 'ACF_dependence_fail', 'coverage_warn']","Uniformity strongly rejected (min p=2.04e-07, KS=0.1600).; Independence strongly rejected (min Ljung-Box p=6.64e-148, |ACF lag-1|=0.8936).; Coverage mildly off-target by 0.028 (target=0.900)."
0.178,2.1176689879626938e-07,2.822497333333297,1.6463297380919786e-07,5.054777434679977,0.01,512.2843354978293,1.7803122294938048e-108,645.82145413165,2.649525526488229e-132,743.744731954483,1.2085819592166212e-144,z=Phi^{-1}(u),0.8808595917957525,1019.103755127399,0.94,43300,43550,250,50,overlapping,RED,"['PIT_uniformity_fail', 'ACF_dependence_fail', 'coverage_warn']","Uniformity strongly rejected (min p=1.65e-07, KS=0.1780).; Independence strongly rejected (min Ljung-Box p=1.21e-144, |ACF lag-1|=0.8809).; Coverage mildly off-target by 0.040 (target=0.900)."
0.198,4.591565961933238e-09,2.037973333333297,9.864530306824548e-06,7.383636344060392,0.01,563.6018674548528,1.475694911641342e-119,738.1555389969569,4.022917792394307e-152,882.6693792189176,3.826981393352528e-174,z=Phi^{-1}(u),0.8923777311308314,974.0087582087232,0.94,43350,43600,250,50,overlapping,RED,"['PIT_uniformity_fail', 'ACF_dependence_fail', 'coverage_warn']","Uniformity strongly rejected (min p=4.59e-09, KS=0.1980).; Independence strongly rejected (min Ljung-Box p=3.83e-174, |ACF lag-1|=0.8924).; Coverage mildly off-target by 0.040 (target=0.900)."
0.242,2.2568131237879931e-13,3.0961693333332976,3.9614781899288693e-08,10.676102511014506,0.01,576.4569730068421,2.467096439894743e-122,807.9986522615309,3.934992129792467e-167,1129.4608652037757,9.004538407596104e-227,z=Phi^{-1}(u),0.8900702120034842,852.4142342817935,0.948,43400,43650,250,50,overlapping,RED,"['PIT_uniformity_fail', 'ACF_dependence_fail', 'coverage_warn']","Uniformity strongly rejected (min p=2.26e-13, KS=0.2420).; Independence strongly rejected (min Ljung-Box p=9e-227, |ACF lag-1|=0.8901).; Coverage mildly off-target by 0.048 (target=0.900)."
0.188,3.2861094253825244e-08,2.435885333333333,1.2338855853721853e-06,3.9816536388797488,0.01,612.3578367476583,4.321533756902671e-130,757.9382460676236,2.2625654475834566e-156,927.096788381666,1.3399207839160306e-183,z=Phi^{-1}(u),0.9188084323323432,672.4691353672015,0.992,43450,43700,250,50,overlapping,RED,"['PIT_uniformity_fail', 'ACF_dependence_fail', 'overcoverage']","Uniformity strongly rejected (min p=3.29e-08, KS=0.1880).; Independence strongly rejected (min Ljung-Box p=1.34e-183, |ACF lag-1|=0.9188).; Coverage off-target by 0.092 (target=0.900)."
0.1679999999999999,1.2294793527601086e-06,1.7612013333333334,4.215000880092301e-05,9.02804856813259,0.01,689.1891274943894,1.0683117050042929e-146,779.9597627453761,4.190954742732413e-161,820.1037122963364,7.623276302204986e-161,z=Phi^{-1}(u),0.9338371571625608,836.6513011273948,0.924,43500,43750,250,50,overlapping,RED,"['PIT_uniformity_fail', 'ACF_dependence_fail', 'coverage_warn']","Uniformity strongly rejected (min p=1.23e-06, KS=0.1680).; Independence strongly rejected (min Ljung-Box p=4.19e-161, |ACF lag-1|=0.9338).; Coverage mildly off-target by 0.024 (target=0.900)."
0.172,6.160263358135924e-07,2.343709333333297,1.995758802664227e-06,8.15162893275567,0.01,559.8443971633903,9.562660628392433e-119,701.9510169220246,2.3940490454437627e-144,777.7244183187664,7.547961351332614e-152,z=Phi^{-1}(u),0.8016129895400534,1109.8665353711965,0.844,43550,43800,250,50,overlapping,RED,"['PIT_uniformity_fail', 'ACF_dependence_fail', 'undercoverage']","Uniformity strongly rejected (min p=6.16e-07, KS=0.1720).; Independence strongly rejected (min Ljung-Box p=7.55e-152, |ACF lag-1|=0.8016).; Coverage off-target by 0.056 (target=0.900)."
0.1639999999999999,2.413393214965833e-06,2.993881333333297,6.746366143506323e-08,3.697364070106971,0.01,530.892804717078,1.7095157130984738e-112,623.6635114125592,1.4936472399624823e-127,637.432149332358,3.686717849722822e-122,z=Phi^{-1}(u),0.8059540186459605,1215.4290298113408,0.84,43600,43850,250,50,overlapping,RED,"['PIT_uniformity_fail', 'ACF_dependence_fail', 'undercoverage']","Uniformity strongly rejected (min p=6.75e-08, KS=0.1640).; Independence strongly rejected (min Ljung-Box p=1.49e-127, |ACF lag-1|=0.8060).; Coverage off-target by 0.060 (target=0.900)."
0.236,9.864814950888854e-13,5.946973333333298,6.189160295377859e-12,2.466435574204354,0.01,497.1252380463495,3.3324363609399902e-105,561.58049933548,2.977622059358432e-114,569.772753228332,6.631186229323422e-108,z=Phi^{-1}(u),0.7975537630805237,1285.9511699987272,0.828,43650,43900,250,50,overlapping,RED,"['PIT_uniformity_fail', 'ACF_dependence_fail', 'undercoverage']","Uniformity strongly rejected (min p=9.86e-13, KS=0.2360).; Independence strongly rejected (min Ljung-Box p=2.98e-114, |ACF lag-1|=0.7976).; Coverage off-target by 0.072 (target=0.900)."
0.3179999999999999,5.570166771421635e-23,11.275977333333298,3.5408276310988635e-10,4.470150349415519,0.01,454.29756937733066,5.810726075342166e-96,501.8170508719385,1.8055663039215344e-101,529.9403045911297,1.544838229782266e-99,z=Phi^{-1}(u),0.7722439869443481,1286.4759797785237,0.836,43700,43950,250,50,overlapping,RED,"['PIT_uniformity_fail', 'ACF_dependence_fail', 'undercoverage']","Uniformity strongly rejected (min p=5.57e-23, KS=0.3180).; Independence strongly rejected (min Ljung-Box p=1.81e-101, |ACF lag-1|=0.7722).; Coverage off-target by 0.064 (target=0.900)."
0.274,4.456284348465677e-17,7.105645333333298,2.5857549434959987e-10,7.666398053940725,0.01,475.0242060193446,1.9608147685542171e-100,575.2861245780734,3.463139310989037e-117,578.1940776745844,1.1221908576253686e-109,z=Phi^{-1}(u),0.7585174259226003,1050.908111633374,0.904,43750,44000,250,50,overlapping,RED,"['PIT_uniformity_fail', 'ACF_dependence_fail']","Uniformity strongly rejected (min p=4.46e-17, KS=0.2740).; Independence strongly rejected (min Ljung-Box p=3.46e-117, |ACF lag-1|=0.7585)."
0.146,4.090430161748266e-05,1.5619733333333332,0.0001205031327062,1.2144558677367456,0.01,670.6017929769782,1.1146233947945578e-142,839.8086073939255,5.680871369555366e-174,901.467097744622,3.829679284305383e-178,z=Phi^{-1}(u),0.9281044681761924,784.7572636062538,0.984,43800,44050,250,50,overlapping,RED,"['PIT_uniformity_fail', 'ACF_dependence_fail', 'overcoverage']","Uniformity strongly rejected (min p=4.09e-05, KS=0.1460).; Independence strongly rejected (min Ljung-Box p=3.83e-178, |ACF lag-1|=0.9281).; Coverage off-target by 0.084 (target=0.900)."
0.19,2.23557420935436e-08,2.6638213333332974,3.7615427805892665e-07,6.68250261113451,0.01,653.950014761826,4.432870178745318e-139,905.0852061282231,5.12293068307244e-188,993.427309263412,9.842771089044542e-198,z=Phi^{-1}(u),0.902710993280944,928.522634431248,0.924,43850,44100,250,50,overlapping,RED,"['PIT_uniformity_fail', 'ACF_dependence_fail', 'coverage_warn']","Uniformity strongly rejected (min p=2.24e-08, KS=0.1900).; Independence strongly rejected (min Ljung-Box p=9.84e-198, |ACF lag-1|=0.9027).; Coverage mildly off-target by 0.024 (target=0.900)."
0.188,3.286109425382505e-08,2.422189333333298,1.3252421211529253e-06,8.233279749878193,0.01,637.4364307805289,1.644198455945641e-135,862.213430387431,8.607941347626944e-179,933.4144641003104,6.049233959984981e-185,z=Phi^{-1}(u),0.9019924133286212,868.2060309924323,0.936,43900,44150,250,50,overlapping,RED,"['PIT_uniformity_fail', 'ACF_dependence_fail', 'coverage_warn']","Uniformity strongly rejected (min p=3.29e-08, KS=0.1880).; Independence strongly rejected (min Ljung-Box p=6.05e-185, |ACF lag-1|=0.9020).; Coverage mildly off-target by 0.036 (target=0.900)."
0.104,0.008290637497102,0.5998693333332973,0.0223183662339662,6.113457669490231,0.01,681.8831812527828,4.0573420576293296e-145,919.608241866003,3.832428003996247e-191,979.2489290390188,1.0371514887580567e-194,z=Phi^{-1}(u),0.911929959327822,908.926033311392,0.88,43950,44200,250,50,overlapping,RED,"['PIT_uniformity_fail', 'ACF_dependence_fail', 'coverage_warn']","Uniformity strongly rejected (min p=0.00829, KS=0.1040).; Independence strongly rejected (min Ljung-Box p=1.04e-194, |ACF lag-1|=0.9119).; Coverage mildly off-target by 0.020 (target=0.900)."
0.1,0.0125203447299346,0.5414853333332973,0.031218020282595,3.344881312676307,0.01,720.2949653505973,2.0082951459992614e-153,987.712066559415,8.29401464666366e-206,1063.4808077313655,1.1143203369394062e-212,z=Phi^{-1}(u),0.9201762816446796,1009.2085714534272,0.844,44000,44250,250,50,overlapping,RED,"['PIT_uniformity_warn', 'ACF_dependence_fail', 'undercoverage']","Uniformity weakly rejected (min p=0.0125).; Independence strongly rejected (min Ljung-Box p=1.11e-212, |ACF lag-1|=0.9202).; Coverage off-target by 0.056 (target=0.900)."
0.0679999999999999,0.1891189832154289,0.1978813333332973,0.2717071958780616,4.218961710003612,0.01,700.0115109157274,4.883916695904837e-149,925.4762906347246,2.0905911879079253e-192,985.8642852998348,4.0327170758194893e-196,z=Phi^{-1}(u),0.9189491134077384,968.6198638944232,0.844,44050,44300,250,50,overlapping,RED,"['ACF_dependence_fail', 'undercoverage']","Independence strongly rejected (min Ljung-Box p=4.03e-196, |ACF lag-1|=0.9189).; Coverage off-target by 0.056 (target=0.900)."
0.154,1.211756149014716e-05,1.824617333333333,3.020028390765539e-05,2.165761303069843,0.01,682.9359639876208,2.402341938481804e-145,796.7884101240584,1.0115964684705922e-164,812.871485407818,2.6185692180125853e-159,z=Phi^{-1}(u),0.9324136094668292,711.8019986627148,0.908,44100,44350,250,50,overlapping,RED,"['PIT_uniformity_fail', 'ACF_dependence_fail']","Uniformity strongly rejected (min p=1.21e-05, KS=0.1540).; Independence strongly rejected (min Ljung-Box p=1.01e-164, |ACF lag-1|=0.9324)."
0.16,4.659433156552614e-06,2.575813333333329,5.950039073665536e-07,1.4498265000805477,0.01,621.5374257417847,4.4872175026774245e-132,745.5377102373535,1.0441505328839848e-153,766.3961749820448,1.9077703619119133e-149,z=Phi^{-1}(u),0.8637153778212975,855.0980110390389,0.86,44150,44400,250,50,overlapping,RED,"['PIT_uniformity_fail', 'ACF_dependence_fail', 'coverage_warn']","Uniformity strongly rejected (min p=5.95e-07, KS=0.1600).; Independence strongly rejected (min Ljung-Box p=1.04e-153, |ACF lag-1|=0.8637).; Coverage mildly off-target by 0.040 (target=0.900)."
0.184,7.011396336604489e-08,2.560493333333329,6.444431260854699e-07,1.814540567298536,0.01,570.6760888333342,4.374679076076852e-121,682.3750454751248,3.810740348487097e-140,690.1086572163501,2.73827462021762e-133,z=Phi^{-1}(u),0.8474699024579406,814.7368236418475,0.916,44200,44450,250,50,overlapping,RED,"['PIT_uniformity_fail', 'ACF_dependence_fail']","Uniformity strongly rejected (min p=7.01e-08, KS=0.1840).; Independence strongly rejected (min Ljung-Box p=3.81e-140, |ACF lag-1|=0.8475)."
0.07,0.1645397722936827,0.2027693333333253,0.262255518445594,2.732461618255627,0.01,446.498611290143,2.795903412353905e-94,490.5722187806023,4.562341878606559e-99,491.49198153033024,1.7563937358823706e-91,z=Phi^{-1}(u),0.7970006669072923,839.8371319170088,0.928,44250,44500,250,50,overlapping,RED,"['ACF_dependence_fail', 'coverage_warn']","Independence strongly rejected (min Ljung-Box p=4.56e-99, |ACF lag-1|=0.7970).; Coverage mildly off-target by 0.028 (target=0.900)."
0.1,0.0125203447299346,0.5105253333333253,0.0373746056326117,1.2592055755307854,0.01,531.4528884745201,1.2940074349412822e-112,622.7180994024078,2.381852012463323e-127,629.6799321162614,1.5934551765616762e-120,z=Phi^{-1}(u),0.8267464553636165,951.4410934828628,0.888,44300,44550,250,50,overlapping,RED,"['PIT_uniformity_warn', 'ACF_dependence_fail']","Uniformity weakly rejected (min p=0.0125).; Independence strongly rejected (min Ljung-Box p=2.38e-127, |ACF lag-1|=0.8267)."
0.112,0.0034624885629555,1.0566493333333251,0.0017873643546177,1.422190649974283,0.01,555.8408449535143,7.002941087353485e-118,659.8649293874971,2.5758544853628524e-135,666.039086124916,3.3556453569025866e-128,z=Phi^{-1}(u),0.836527162591815,1000.2301895974016,0.88,44350,44600,250,50,overlapping,RED,"['PIT_uniformity_fail', 'ACF_dependence_fail', 'coverage_warn']","Uniformity strongly rejected (min p=0.00179, KS=0.1120).; Independence strongly rejected (min Ljung-Box p=2.58e-135, |ACF lag-1|=0.8365).; Coverage mildly off-target by 0.020 (target=0.900)."
0.124,0.0008271899609853,0.8986613333333292,0.0042197168046521,1.0643359125590166,0.01,535.103431011851,2.1070472961263217e-113,613.3341072640236,2.445294670448192e-125,620.8204555774087,1.1774634124546988e-118,z=Phi^{-1}(u),0.8535550860632383,816.0524764878761,0.928,44400,44650,250,50,overlapping,RED,"['PIT_uniformity_fail', 'ACF_dependence_fail', 'coverage_warn']","Uniformity strongly rejected (min p=0.000827, KS=0.1240).; Independence strongly rejected (min Ljung-Box p=2.45e-125, |ACF lag-1|=0.8536).; Coverage mildly off-target by 0.028 (target=0.900)."
0.0559999999999999,0.3985403948382564,0.1862493333333292,0.2958879381942256,1.436935279505434,0.01,560.6437270020829,6.425879964316958e-119,696.2878651144491,3.9340456487501643e-143,748.5917103455253,1.1352428455528496e-145,z=Phi^{-1}(u),0.8510695763306942,771.8626575743796,0.928,44450,44700,250,50,overlapping,RED,"['ACF_dependence_fail', 'coverage_warn']","Independence strongly rejected (min Ljung-Box p=1.14e-145, |ACF lag-1|=0.8511).; Coverage mildly off-target by 0.028 (target=0.900)."
0.1139999999999999,0.0027553557925281,0.9430533333333332,0.0033111077007096,2.0342863370328814,0.01,645.9239505031359,2.4071474371597967e-137,893.9537504258225,1.274188620901601e-185,1007.3261784999662,1.0695778566868667e-200,z=Phi^{-1}(u),0.9126849233312208,715.1029205542226,0.932,44500,44750,250,50,overlapping,RED,"['PIT_uniformity_fail', 'ACF_dependence_fail', 'coverage_warn']","Uniformity strongly rejected (min p=0.00276, KS=0.1140).; Independence strongly rejected (min Ljung-Box p=1.07e-200, |ACF lag-1|=0.9127).; Coverage mildly off-target by 0.032 (target=0.900)."
0.0739999999999999,0.1230243374005598,0.4803373333333292,0.0446164996486935,2.2783981866413114,0.01,482.1733508170696,5.619660953893057e-102,586.1805702344752,1.607859923372506e-119,604.7104827027329,2.9292749377547057e-115,z=Phi^{-1}(u),0.8331327092740896,691.8976212195284,0.944,44550,44800,250,50,overlapping,RED,"['PIT_uniformity_warn', 'ACF_dependence_fail', 'coverage_warn']","Uniformity weakly rejected (min p=0.0446).; Independence strongly rejected (min Ljung-Box p=1.61e-119, |ACF lag-1|=0.8331).; Coverage mildly off-target by 0.044 (target=0.900)."
0.13,0.0003826527409824,1.2624093333333293,0.0005917472228165,3.751359895777142,0.01,407.28418342043,7.984053146254402e-86,476.42973214885205,4.781733477579503e-96,487.92718265976856,9.780811717234675e-91,z=Phi^{-1}(u),0.8081938940853652,624.6308350468975,0.952,44600,44850,250,50,overlapping,RED,"['PIT_uniformity_fail', 'ACF_dependence_fail', 'overcoverage']","Uniformity strongly rejected (min p=0.000383, KS=0.1300).; Independence strongly rejected (min Ljung-Box p=4.78e-96, |ACF lag-1|=0.8082).; Coverage off-target by 0.052 (target=0.900)."
0.098,0.0152929430424031,0.7693453333333293,0.0086050139959881,3.0464300725539037,0.01,416.252547550757,9.308681636676264e-88,474.9925391127704,9.69263469856752e-96,487.6142162565754,1.1372013891977222e-90,z=Phi^{-1}(u),0.8142101825643397,615.0835418081871,0.952,44650,44900,250,50,overlapping,RED,"['PIT_uniformity_fail', 'ACF_dependence_fail', 'overcoverage']","Uniformity strongly rejected (min p=0.00861, KS=0.0980).; Independence strongly rejected (min Ljung-Box p=9.69e-96, |ACF lag-1|=0.8142).; Coverage off-target by 0.052 (target=0.900)."
0.146,4.090430161748266e-05,1.5026053333333291,0.0001649701835824,4.280261369616198,0.01,429.798342710668,1.1174277872290821e-90,478.9897709685824,1.3581577911303728e-96,487.7699941246631,1.0550034323841003e-90,z=Phi^{-1}(u),0.822701975269355,582.010136493675,0.952,44700,44950,250,50,overlapping,RED,"['PIT_uniformity_fail', 'ACF_dependence_fail', 'overcoverage']","Uniformity strongly rejected (min p=4.09e-05, KS=0.1460).; Independence strongly rejected (min Ljung-Box p=1.36e-96, |ACF lag-1|=0.8227).; Coverage off-target by 0.052 (target=0.900)."
0.0959999999999999,0.0186040510745638,0.7222333333333293,0.01118665849902,3.2256126958538687,0.01,497.6428390653512,2.576566949045061e-105,568.7877146302912,8.529360403464818e-116,591.963756968113,1.4180450452287934e-112,z=Phi^{-1}(u),0.8303205626937881,586.6274213866128,0.956,44750,45000,250,50,overlapping,RED,"['PIT_uniformity_warn', 'ACF_dependence_fail', 'overcoverage']","Uniformity weakly rejected (min p=0.0112).; Independence strongly rejected (min Ljung-Box p=8.53e-116, |ACF lag-1|=0.8303).; Coverage off-target by 0.056 (target=0.900)."
0.118,0.001723677123827,1.1822333333333337,0.0009089919752511,0.3291072883200172,0.15,525.3872728354844,2.640090936226743e-111,597.5016817752282,6.039734762900061e-122,611.6980512866534,9.866978239531812e-117,z=Phi^{-1}(u),0.8840145296454867,486.45710185114257,0.976,44800,45050,250,50,overlapping,RED,"['PIT_uniformity_fail', 'ACF_dependence_fail', 'overcoverage']","Uniformity strongly rejected (min p=0.000909, KS=0.1180).; Independence strongly rejected (min Ljung-Box p=6.04e-122, |ACF lag-1|=0.8840).; Coverage off-target by 0.076 (target=0.900)."
0.124,0.0008271899609853,1.2805253333333333,0.0005371701075913,1.492842089367883,0.01,445.5947389990829,4.3800730861061263e-94,489.46772865212586,7.854623511078292e-99,497.327815990933,1.0551915981472668e-92,z=Phi^{-1}(u),0.8611251264603089,541.8842214389085,0.956,44850,45100,250,50,overlapping,RED,"['PIT_uniformity_fail', 'ACF_dependence_fail', 'overcoverage']","Uniformity strongly rejected (min p=0.000537, KS=0.1240).; Independence strongly rejected (min Ljung-Box p=7.85e-99, |ACF lag-1|=0.8611).; Coverage off-target by 0.056 (target=0.900)."
0.15,2.244766886754376e-05,2.0462133333332333,9.448018967961325e-06,6.801139795319102,0.01,528.4614665056075,5.726014987322701e-112,546.4964675756797,5.037311467181073e-111,584.4041713233303,5.535691137804205e-111,z=Phi^{-1}(u),0.8913387641863472,771.7134889339816,0.904,44900,45150,250,50,overlapping,RED,"['PIT_uniformity_fail', 'ACF_dependence_fail']","Uniformity strongly rejected (min p=9.45e-06, KS=0.1500).; Independence strongly rejected (min Ljung-Box p=5.73e-112, |ACF lag-1|=0.8913)."
0.096,0.0186040510745637,0.6467773333332333,0.0170961378870376,5.372185806325405,0.01,568.8103770755027,1.1065080730956646e-120,609.6483841126502,1.5074382383007646e-124,618.2778644715779,4.046468421273056e-118,z=Phi^{-1}(u),0.8999136894247124,809.0069968201942,0.904,44950,45200,250,50,overlapping,RED,"['PIT_uniformity_warn', 'ACF_dependence_fail']","Uniformity weakly rejected (min p=0.0171).; Independence strongly rejected (min Ljung-Box p=1.51e-124, |ACF lag-1|=0.8999)."
0.1159999999999999,0.0021837382351525,1.2185733333332331,0.0007481201916021,6.160876989733026,0.01,533.9232578570824,3.7888957483456735e-113,558.7917623227227,1.1771156200407604e-113,576.4979291477873,2.5523396764714883e-109,z=Phi^{-1}(u),0.8964360925583673,755.0019633782573,0.908,45000,45250,250,50,overlapping,RED,"['PIT_uniformity_fail', 'ACF_dependence_fail']","Uniformity strongly rejected (min p=0.000748, KS=0.1160).; Independence strongly rejected (min Ljung-Box p=1.18e-113, |ACF lag-1|=0.8964)."
0.1139999999999999,0.0027553557925281,1.1304933333332334,0.0012002713181582,3.5799306692511834,0.01,525.1382841492723,2.9879853581353352e-111,554.8724426196413,8.122794384614241e-113,569.2835948951983,8.40360470208497e-108,z=Phi^{-1}(u),0.8917821873964047,939.8950281463432,0.812,45050,45300,250,50,overlapping,RED,"['PIT_uniformity_fail', 'ACF_dependence_fail', 'undercoverage']","Uniformity strongly rejected (min p=0.0012, KS=0.1140).; Independence strongly rejected (min Ljung-Box p=8.12e-113, |ACF lag-1|=0.8918).; Coverage off-target by 0.088 (target=0.900)."
0.1059999999999999,0.006705519078627,0.9907173333332332,0.0025547120525684,3.621417415074632,0.01,529.1967972883486,3.9726456866858553e-112,548.7196154833136,1.6845151887019753e-111,582.0051805586529,1.770453187794544e-110,z=Phi^{-1}(u),0.8995926854833832,930.0835088051732,0.824,45100,45350,250,50,overlapping,RED,"['PIT_uniformity_fail', 'ACF_dependence_fail', 'undercoverage']","Uniformity strongly rejected (min p=0.00255, KS=0.1060).; Independence strongly rejected (min Ljung-Box p=3.97e-112, |ACF lag-1|=0.8996).; Coverage off-target by 0.076 (target=0.900)."
0.174,4.333396074387789e-07,1.7025253333333334,5.740268989640196e-05,2.118253602374324,0.01,468.5980532548495,4.7755407357489246e-99,486.3926273991861,3.5642819329559176e-98,524.0571143524181,2.6481138185643028e-98,z=Phi^{-1}(u),0.8866145392089148,868.9721890059006,0.84,45150,45400,250,50,overlapping,RED,"['PIT_uniformity_fail', 'ACF_dependence_fail', 'undercoverage']","Uniformity strongly rejected (min p=4.33e-07, KS=0.1740).; Independence strongly rejected (min Ljung-Box p=4.78e-99, |ACF lag-1|=0.8866).; Coverage off-target by 0.060 (target=0.900)."
0.0939999999999999,0.0225406568153297,0.7759573333333334,0.0082950017259615,1.3239842181784525,0.01,395.3681935906339,2.9546101156796012e-83,409.0501751475912,1.1147905244454455e-81,458.0680223447445,1.6922314039360634e-84,z=Phi^{-1}(u),0.8666787266862175,895.0166821009999,0.824,45200,45450,250,50,overlapping,RED,"['PIT_uniformity_fail', 'ACF_dependence_fail', 'undercoverage']","Uniformity strongly rejected (min p=0.0083, KS=0.0940).; Independence strongly rejected (min Ljung-Box p=1.69e-84, |ACF lag-1|=0.8667).; Coverage off-target by 0.076 (target=0.900)."
0.122,0.0010608632709633,1.0652373333333334,0.0017063150689506,1.6060456161575587,0.01,399.0000734744844,4.872753421520672e-84,434.4683936301144,4.2847162296125035e-87,541.1399817212813,6.8918313640481764e-102,z=Phi^{-1}(u),0.8666618281933459,968.05398877963,0.812,45250,45500,250,50,overlapping,RED,"['PIT_uniformity_fail', 'ACF_dependence_fail', 'undercoverage']","Uniformity strongly rejected (min p=0.00106, KS=0.1220).; Independence strongly rejected (min Ljung-Box p=6.89e-102, |ACF lag-1|=0.8667).; Coverage off-target by 0.088 (target=0.900)."
0.06,0.3164237517245051,0.1332333333333333,0.4452180787660057,0.5003664384638,0.15,427.30855736055867,3.84682462947985e-90,456.44731708612153,8.802394979081203e-92,553.8325149614781,1.4875303169776725e-104,z=Phi^{-1}(u),0.8817962343691295,811.5810689786069,0.892,45300,45550,250,50,overlapping,RED,['ACF_dependence_fail'],"Independence strongly rejected (min Ljung-Box p=1.49e-104, |ACF lag-1|=0.8818)."
0.0639999999999999,0.2467324500849869,0.3443173333333334,0.1018371544801022,0.6606750997856636,0.0869111157910481,475.7497731571516,1.3673250387777275e-100,511.0596502692441,1.910675798814769e-103,685.6773035133251,2.369346824690658e-132,z=Phi^{-1}(u),0.8936853467693884,923.8759187762746,0.852,45350,45600,250,50,overlapping,RED,"['ACF_dependence_fail', 'coverage_warn']","Independence strongly rejected (min Ljung-Box p=2.37e-132, |ACF lag-1|=0.8937).; Coverage mildly off-target by 0.048 (target=0.900)."
0.084,0.0553890740154738,0.3613573333333293,0.0915460026166935,1.3126992280305387,0.01,407.6343911698992,6.710176438377396e-86,418.7575407170555,9.54577205570944e-84,446.662619782776,4.045830615559619e-82,z=Phi^{-1}(u),0.8447146221731796,839.4033973518198,0.868,45400,45650,250,50,overlapping,RED,"['ACF_dependence_fail', 'coverage_warn']","Independence strongly rejected (min Ljung-Box p=6.71e-86, |ACF lag-1|=0.8447).; Coverage mildly off-target by 0.032 (target=0.900)."
0.1,0.0125203447299346,0.6671173333333293,0.0152411602918191,1.433494715073664,0.01,427.0939624694199,4.2793259554999615e-90,443.5859261512995,4.875144097564989e-89,461.8108080303886,2.8014870454813225e-85,z=Phi^{-1}(u),0.8571415414451934,892.5744995446926,0.852,45450,45700,250,50,overlapping,RED,"['PIT_uniformity_warn', 'ACF_dependence_fail', 'coverage_warn']","Uniformity weakly rejected (min p=0.0125).; Independence strongly rejected (min Ljung-Box p=4.28e-90, |ACF lag-1|=0.8571).; Coverage mildly off-target by 0.048 (target=0.900)."
0.12,0.0013550102442608,1.1773133333333252,0.0009333072209031,2.2000063772673,0.01,435.2019599467464,7.637311437438921e-92,450.3446219313469,1.764028548001347e-90,464.8560481468556,6.481840753873322e-86,z=Phi^{-1}(u),0.8245578240735142,990.8584667969538,0.832,45500,45750,250,50,overlapping,RED,"['PIT_uniformity_fail', 'ACF_dependence_fail', 'undercoverage']","Uniformity strongly rejected (min p=0.000933, KS=0.1200).; Independence strongly rejected (min Ljung-Box p=7.64e-92, |ACF lag-1|=0.8246).; Coverage off-target by 0.068 (target=0.900)."
0.152,1.6526799810662745e-05,2.4537693333333253,1.1240190320727097e-06,2.7776009107033133,0.01,417.19437478804855,5.832278467377773e-88,433.7014542395518,6.243180176189164e-87,441.1624096384311,5.664458592312138e-81,z=Phi^{-1}(u),0.8110696820176619,972.4929343543716,0.856,45550,45800,250,50,overlapping,RED,"['PIT_uniformity_fail', 'ACF_dependence_fail', 'coverage_warn']","Uniformity strongly rejected (min p=1.12e-06, KS=0.1520).; Independence strongly rejected (min Ljung-Box p=5.83e-88, |ACF lag-1|=0.8111).; Coverage mildly off-target by 0.044 (target=0.900)."
0.14,9.755941577025083e-05,1.9008133333333253,2.024296520330981e-05,3.482790481732877,0.01,368.0930451429895,2.222801974226004e-77,378.9653340612584,2.805473814836985e-75,382.777789962882,7.570922190851256e-69,z=Phi^{-1}(u),0.7887785469847209,854.0474504144079,0.904,45600,45850,250,50,overlapping,RED,"['PIT_uniformity_fail', 'ACF_dependence_fail']","Uniformity strongly rejected (min p=2.02e-05, KS=0.1400).; Independence strongly rejected (min Ljung-Box p=2.22e-77, |ACF lag-1|=0.7888)."
0.138,0.0001292813412389,0.9267853333333292,0.003618405766613,1.7035361274498655,0.01,435.7731776504901,5.7511238016966036e-92,462.3268123214408,4.8980220170643565e-93,463.0408457202237,1.5511002257682368e-85,z=Phi^{-1}(u),0.8217235492783422,794.075189818536,0.916,45650,45900,250,50,overlapping,RED,"['PIT_uniformity_fail', 'ACF_dependence_fail']","Uniformity strongly rejected (min p=0.000129, KS=0.1380).; Independence strongly rejected (min Ljung-Box p=4.9e-93, |ACF lag-1|=0.8217)."
0.158,6.434116740158326e-06,1.4892093333333292,0.0001771000533222,1.5791402373598658,0.01,531.1154021649437,1.5304133087959364e-112,606.0228188015554,9.019730262401962e-124,620.5379810822142,1.350557233973216e-118,z=Phi^{-1}(u),0.8335913881935001,757.6526017276273,0.94,45700,45950,250,50,overlapping,RED,"['PIT_uniformity_fail', 'ACF_dependence_fail', 'coverage_warn']","Uniformity strongly rejected (min p=6.43e-06, KS=0.1580).; Independence strongly rejected (min Ljung-Box p=9.02e-124, |ACF lag-1|=0.8336).; Coverage mildly off-target by 0.040 (target=0.900)."
0.2059999999999999,8.81506635555718e-10,3.1250093333333333,3.4093257106349035e-08,1.1862135940735072,0.01,574.2840229107908,7.270839153467233e-122,661.9815924070771,9.053996421925547e-136,683.3236695042742,7.452707281269528e-132,z=Phi^{-1}(u),0.9033273580614404,605.1338596097455,0.98,45750,46000,250,50,overlapping,RED,"['PIT_uniformity_fail', 'ACF_dependence_fail', 'overcoverage']","Uniformity strongly rejected (min p=8.82e-10, KS=0.2060).; Independence strongly rejected (min Ljung-Box p=9.05e-136, |ACF lag-1|=0.9033).; Coverage off-target by 0.080 (target=0.900)."
0.1979999999999999,4.591565961933287e-09,2.378613333333333,1.6634600124021404e-06,1.205439348061077,0.01,601.1699856511929,1.1299948183240064e-127,697.7533666597947,1.906565344718173e-143,714.43774897855,1.9476484514878537e-138,z=Phi^{-1}(u),0.9035314045066848,565.71857440757,0.98,45800,46050,250,50,overlapping,RED,"['PIT_uniformity_fail', 'ACF_dependence_fail', 'overcoverage']","Uniformity strongly rejected (min p=4.59e-09, KS=0.1980).; Independence strongly rejected (min Ljung-Box p=1.91e-143, |ACF lag-1|=0.9035).; Coverage off-target by 0.080 (target=0.900)."
0.154,1.211756149014716e-05,1.161521333333333,0.0010158828473063,0.770129788864665,0.0458062939865281,591.53279211663,1.3654443062375415e-125,673.0762535972802,3.770957558136043e-138,678.473670780052,7.901693843960558e-131,z=Phi^{-1}(u),0.9069879755240472,606.3263736648299,0.972,45850,46100,250,50,overlapping,RED,"['PIT_uniformity_fail', 'ACF_dependence_fail', 'overcoverage']","Uniformity strongly rejected (min p=1.21e-05, KS=0.1540).; Independence strongly rejected (min Ljung-Box p=3.77e-138, |ACF lag-1|=0.9070).; Coverage off-target by 0.072 (target=0.900)."
0.146,4.090430161748266e-05,2.533385333333333,7.422181108607262e-07,1.4043239156667084,0.01,519.6942667952883,4.474753540634853e-110,538.8087802539459,2.223512069988314e-109,549.4963538385852,1.2118330728131114e-103,z=Phi^{-1}(u),0.9011415917348858,687.1795517036657,0.964,45900,46150,250,50,overlapping,RED,"['PIT_uniformity_fail', 'ACF_dependence_fail', 'overcoverage']","Uniformity strongly rejected (min p=7.42e-07, KS=0.1460).; Independence strongly rejected (min Ljung-Box p=4.47e-110, |ACF lag-1|=0.9011).; Coverage off-target by 0.064 (target=0.900)."
0.058,0.35594570590954,0.2120733333333333,0.2453241445244706,1.218843665886908,0.01,477.5605771740315,5.560644439772942e-101,492.823336036616,1.5075945815599795e-99,497.27419961149945,1.0828151080807376e-92,z=Phi^{-1}(u),0.8914574213666517,622.0696460979592,0.972,45950,46200,250,50,overlapping,RED,"['ACF_dependence_fail', 'overcoverage']","Independence strongly rejected (min Ljung-Box p=5.56e-101, |ACF lag-1|=0.8915).; Coverage off-target by 0.072 (target=0.900)."
0.1119999999999999,0.0034624885629555,0.6708613333333331,0.0149229911147737,0.9867645312800164,0.0141884693259244,423.0392135995274,3.20381815938438e-89,436.43176909418014,1.634469681012577e-87,447.4263582100613,2.804211595502491e-82,z=Phi^{-1}(u),0.8784543782673059,584.3138188022748,0.976,46000,46250,250,50,overlapping,RED,"['PIT_uniformity_fail', 'ACF_dependence_fail', 'overcoverage']","Uniformity strongly rejected (min p=0.00346, KS=0.1120).; Independence strongly rejected (min Ljung-Box p=3.2e-89, |ACF lag-1|=0.8785).; Coverage off-target by 0.076 (target=0.900)."
0.068,0.1891189832154274,0.3150493333333333,0.1226335451009134,1.590355954271331,0.01,396.3980437108153,1.7723814240370846e-83,411.5516602016075,3.269954154889431e-82,415.5543246739232,1.2058009783878382e-75,z=Phi^{-1}(u),0.8690782248865496,616.0223414255669,0.976,46050,46300,250,50,overlapping,RED,"['ACF_dependence_fail', 'overcoverage']","Independence strongly rejected (min Ljung-Box p=1.77e-83, |ACF lag-1|=0.8691).; Coverage off-target by 0.076 (target=0.900)."
0.062,0.280026003861503,0.2551173333333333,0.1819531892802289,1.026500123906402,0.0105092477864442,409.7085997693134,2.3967101642669388e-86,428.1289534985649,9.618318333245862e-86,469.2521815212444,7.829212690697533e-87,z=Phi^{-1}(u),0.8673403675332984,632.6781070900103,0.948,46100,46350,250,50,overlapping,RED,"['ACF_dependence_fail', 'coverage_warn']","Independence strongly rejected (min Ljung-Box p=7.83e-87, |ACF lag-1|=0.8673).; Coverage mildly off-target by 0.048 (target=0.900)."
0.08,0.0771476533902126,0.4401173333333333,0.056652784902481,0.4805564204751249,0.15,392.9417639444576,9.849238937506045e-83,486.2517669570026,3.8199565946090894e-98,591.0133525025169,2.248065992385363e-112,z=Phi^{-1}(u),0.8563102402843579,576.7853396577956,0.936,46150,46400,250,50,overlapping,RED,"['ACF_dependence_fail', 'coverage_warn']","Independence strongly rejected (min Ljung-Box p=2.25e-112, |ACF lag-1|=0.8563).; Coverage mildly off-target by 0.036 (target=0.900)."
0.0579999999999999,0.3559457059095411,0.2121693333333333,0.2451563310978151,0.3883084008849096,0.15,364.8638026262766,1.1025870054709556e-76,414.9874252012356,6.065219508005657e-83,479.5139244639424,5.618184368591317e-89,z=Phi^{-1}(u),0.8453176716096509,590.1475004206919,0.932,46200,46450,250,50,overlapping,RED,"['ACF_dependence_fail', 'coverage_warn']","Independence strongly rejected (min Ljung-Box p=5.62e-89, |ACF lag-1|=0.8453).; Coverage mildly off-target by 0.032 (target=0.900)."
0.106,0.0067055190786269,0.5922253333333334,0.0233148401940908,0.9773499359500022,0.0150601911157405,365.062136477184,9.993032577671035e-77,400.4419374930889,7.580268558855485e-80,428.3755282518224,2.6024124765610105e-78,z=Phi^{-1}(u),0.8508248778797572,623.5087868286471,0.924,46250,46500,250,50,overlapping,RED,"['PIT_uniformity_fail', 'ACF_dependence_fail', 'coverage_warn']","Uniformity strongly rejected (min p=0.00671, KS=0.1060).; Independence strongly rejected (min Ljung-Box p=7.58e-80, |ACF lag-1|=0.8508).; Coverage mildly off-target by 0.024 (target=0.900)."
0.05,0.5427406465653746,0.1409053333333333,0.4187482598023773,0.5145571719850182,0.15,426.0226884728746,7.284020480620101e-90,473.4077053309604,2.1125303553129167e-95,506.706297109264,1.1469455146512154e-94,z=Phi^{-1}(u),0.8658011242863004,633.1528473527513,0.912,46300,46550,250,50,overlapping,RED,['ACF_dependence_fail'],"Independence strongly rejected (min Ljung-Box p=2.11e-95, |ACF lag-1|=0.8658)."
0.07,0.1645397722936822,0.2915893333333173,0.1427570123164055,1.987558751816465,0.01,371.88038441780407,3.397215048852333e-78,416.3351131836224,3.131878088978002e-83,441.9035585420104,3.9696322308818507e-81,z=Phi^{-1}(u),0.8297290644126304,695.0708232768276,0.876,46350,46600,250,50,overlapping,RED,"['ACF_dependence_fail', 'coverage_warn']","Independence strongly rejected (min Ljung-Box p=3.13e-83, |ACF lag-1|=0.8297).; Coverage mildly off-target by 0.024 (target=0.900)."
0.0779999999999999,0.0904978738065942,0.4322093333331733,0.0594025389290712,6.193918441850826,0.01,374.2902783397022,1.028032016448594e-78,382.88430783930096,4.118977217959627e-76,391.9994584188899,9.316211156969392e-71,z=Phi^{-1}(u),0.8292149657734452,837.677075818383,0.828,46400,46650,250,50,overlapping,RED,"['ACF_dependence_fail', 'undercoverage']","Independence strongly rejected (min Ljung-Box p=1.03e-78, |ACF lag-1|=0.8292).; Coverage off-target by 0.072 (target=0.900)."
0.0939999999999999,0.0225406568153297,0.6305733333331732,0.0187399200228285,5.504725673244423,0.01,358.75159127012165,2.284114943109585e-75,364.3566682630071,3.567123642928816e-72,368.7174487439841,6.121308331577049e-66,z=Phi^{-1}(u),0.8310349903775139,900.7616766526744,0.808,46450,46700,250,50,overlapping,RED,"['PIT_uniformity_warn', 'ACF_dependence_fail', 'undercoverage']","Uniformity weakly rejected (min p=0.0187).; Independence strongly rejected (min Ljung-Box p=2.28e-75, |ACF lag-1|=0.8310).; Coverage off-target by 0.092 (target=0.900)."
0.078,0.090497873806594,0.5327733333331213,0.0328348148703121,6.436797738482824,0.01,348.4564720996861,3.761956069809928e-73,353.3793180492896,7.641464424520625e-70,357.84952467137134,1.0727885447819336e-63,z=Phi^{-1}(u),0.8094096713285424,950.0346211750297,0.792,46500,46750,250,50,overlapping,RED,"['PIT_uniformity_warn', 'ACF_dependence_fail', 'undercoverage']","Uniformity weakly rejected (min p=0.0328).; Independence strongly rejected (min Ljung-Box p=3.76e-73, |ACF lag-1|=0.8094).; Coverage off-target by 0.108 (target=0.900)."
0.1079999999999999,0.0054015033651195,0.8810813333331211,0.0046462955643796,5.560547757058231,0.01,366.82956804473696,4.1594277170432766e-77,373.1126396582828,4.920507532673847e-74,379.9518358036265,2.9106560740357475e-68,z=Phi^{-1}(u),0.8195623975464542,1045.4497653691444,0.768,46550,46800,250,50,overlapping,RED,"['PIT_uniformity_fail', 'ACF_dependence_fail', 'undercoverage']","Uniformity strongly rejected (min p=0.00465, KS=0.1080).; Independence strongly rejected (min Ljung-Box p=4.16e-77, |ACF lag-1|=0.8196).; Coverage off-target by 0.132 (target=0.900)."
0.1019999999999999,0.0102089770242199,0.8539133333331372,0.0053936530571695,5.879613477481996,0.01,387.60393646741977,1.3919790841642543e-81,398.62472555010754,1.8468253010751637e-79,425.5181562389356,1.0228553298329335e-77,z=Phi^{-1}(u),0.8333907652787851,1004.0107043878515,0.816,46600,46850,250,50,overlapping,RED,"['PIT_uniformity_fail', 'ACF_dependence_fail', 'undercoverage']","Uniformity strongly rejected (min p=0.00539, KS=0.1020).; Independence strongly rejected (min Ljung-Box p=1.39e-81, |ACF lag-1|=0.8334).; Coverage off-target by 0.084 (target=0.900)."
0.08,0.0771476533902124,0.3750093333333293,0.0841221373890369,0.5144180000258416,0.15,380.6088382905468,4.475036990984341e-80,406.8416174368936,3.2916768820185786e-81,494.3922239932012,4.3425314790226887e-92,z=Phi^{-1}(u),0.8317606092659343,881.4738203351511,0.872,46650,46900,250,50,overlapping,RED,"['ACF_dependence_fail', 'coverage_warn']","Independence strongly rejected (min Ljung-Box p=4.34e-92, |ACF lag-1|=0.8318).; Coverage mildly off-target by 0.028 (target=0.900)."
0.126,0.0006423606286764,0.7967133333333174,0.0073939975028447,1.3566021336978054,0.01,384.6123835913058,6.140713934228154e-81,404.7321047080859,9.257764867829484e-81,413.3180377114053,3.514741969035508e-75,z=Phi^{-1}(u),0.8249985973956615,953.1997835776332,0.848,46700,46950,250,50,overlapping,RED,"['PIT_uniformity_fail', 'ACF_dependence_fail', 'undercoverage']","Uniformity strongly rejected (min p=0.000642, KS=0.1260).; Independence strongly rejected (min Ljung-Box p=6.14e-81, |ACF lag-1|=0.8250).; Coverage off-target by 0.052 (target=0.900)."
0.128,0.0004967972491749,0.9044373333333134,0.004088435425649,1.421963985043675,0.01,355.221168989108,1.3150216707286354e-74,361.9035091769527,1.1839804281123254e-71,413.0981763239675,3.904508980494525e-75,z=Phi^{-1}(u),0.836822023767764,1042.065557235411,0.824,46750,47000,250,50,overlapping,RED,"['PIT_uniformity_fail', 'ACF_dependence_fail', 'undercoverage']","Uniformity strongly rejected (min p=0.000497, KS=0.1280).; Independence strongly rejected (min Ljung-Box p=3.9e-75, |ACF lag-1|=0.8368).; Coverage off-target by 0.076 (target=0.900)."
0.092,0.0272001300552789,0.5357613333333133,0.0322706430322441,1.8000131501243004,0.01,295.8503000661569,7.811722413686078e-62,315.1831061637949,9.54710144535788e-62,397.1016857212433,8.158035197129981e-72,z=Phi^{-1}(u),0.8120448420471351,960.740840142929,0.86,46800,47050,250,50,overlapping,RED,"['PIT_uniformity_warn', 'ACF_dependence_fail', 'coverage_warn']","Uniformity weakly rejected (min p=0.0272).; Independence strongly rejected (min Ljung-Box p=8.16e-72, |ACF lag-1|=0.8120).; Coverage mildly off-target by 0.040 (target=0.900)."
0.06,0.3164237517245051,0.2506733333333134,0.1875263478053476,2.340296612028027,0.01,289.4583096557436,1.8476419261065008e-60,300.7550015160534,1.076539593948005e-58,389.96907839976126,2.454373909811497e-70,z=Phi^{-1}(u),0.8002058684444687,918.0214046325552,0.876,46850,47100,250,50,overlapping,RED,"['ACF_dependence_fail', 'coverage_warn']","Independence strongly rejected (min Ljung-Box p=2.45e-70, |ACF lag-1|=0.8002).; Coverage mildly off-target by 0.024 (target=0.900)."
0.13,0.0003826527409824,1.4672893333333137,0.0001989147264779,3.3074750955321406,0.01,307.5538914663026,2.3793099277615492e-64,312.6802908373675,3.2328878243741394e-61,405.52995205159806,1.4557201567837198e-73,z=Phi^{-1}(u),0.8104264045822476,991.224753368808,0.864,46900,47150,250,50,overlapping,RED,"['PIT_uniformity_fail', 'ACF_dependence_fail', 'coverage_warn']","Uniformity strongly rejected (min p=0.000199, KS=0.1300).; Independence strongly rejected (min Ljung-Box p=1.46e-73, |ACF lag-1|=0.8104).; Coverage mildly off-target by 0.036 (target=0.900)."
0.1659999999999999,1.7261388018052491e-06,2.939897333333317,8.935147777222596e-08,2.9383952404620857,0.01,256.2021120453493,2.5655854390556247e-53,304.43675938654195,1.7928412282361388e-59,367.7974307975401,9.482300747269175e-66,z=Phi^{-1}(u),0.8175724842397564,860.0610539686581,0.912,46950,47200,250,50,overlapping,RED,"['PIT_uniformity_fail', 'ACF_dependence_fail']","Uniformity strongly rejected (min p=8.94e-08, KS=0.1660).; Independence strongly rejected (min Ljung-Box p=9.48e-66, |ACF lag-1|=0.8176)."
0.2319999999999999,2.580899025546192e-12,5.6347613333333335,4.846890666598823e-10,0.3327801676425395,0.15,315.8748321451102,3.8624348752793633e-66,322.4521988471427,2.759091896274576e-63,351.1045463973882,2.6377176667342665e-62,z=Phi^{-1}(u),0.8335705764132277,795.0310788435736,0.928,47000,47250,250,50,overlapping,RED,"['PIT_uniformity_fail', 'ACF_dependence_fail', 'coverage_warn']","Uniformity strongly rejected (min p=2.58e-12, KS=0.2320).; Independence strongly rejected (min Ljung-Box p=3.86e-66, |ACF lag-1|=0.8336).; Coverage mildly off-target by 0.028 (target=0.900)."
0.186,4.810089914305226e-08,3.176305333333333,2.6104934436332883e-08,0.912110489141071,0.021100880635086,417.5767290612581,4.823974345850086e-88,451.1228329494496,1.2036635805158607e-90,508.2982995948597,5.321760923983365e-95,z=Phi^{-1}(u),0.8721123347130447,779.1210697809456,0.928,47050,47300,250,50,overlapping,RED,"['PIT_uniformity_fail', 'ACF_dependence_fail', 'coverage_warn']","Uniformity strongly rejected (min p=2.61e-08, KS=0.1860).; Independence strongly rejected (min Ljung-Box p=5.32e-95, |ACF lag-1|=0.8721).; Coverage mildly off-target by 0.028 (target=0.900)."
0.172,6.160263358135895e-07,2.615601333333333,4.835664638713766e-07,1.0694611776757483,0.01,409.472188063459,2.6951161893299136e-86,424.85450163580816,4.795820985571808e-85,432.2502426110473,4.06461029168786e-79,z=Phi^{-1}(u),0.8717381249717796,827.6578742583878,0.904,47100,47350,250,50,overlapping,RED,"['PIT_uniformity_fail', 'ACF_dependence_fail']","Uniformity strongly rejected (min p=4.84e-07, KS=0.1720).; Independence strongly rejected (min Ljung-Box p=2.7e-86, |ACF lag-1|=0.8717)."
0.136,0.0001706166522264,1.058533333333333,0.0017692566315529,0.8947360232664607,0.0227096274753277,365.44520523155705,8.26407909166413e-77,379.6778743626744,1.979365026770801e-75,428.9595227785869,1.9672638118319232e-78,z=Phi^{-1}(u),0.8613976584246831,787.4452079726271,0.908,47150,47400,250,50,overlapping,RED,"['PIT_uniformity_fail', 'ACF_dependence_fail']","Uniformity strongly rejected (min p=0.000171, KS=0.1360).; Independence strongly rejected (min Ljung-Box p=1.97e-78, |ACF lag-1|=0.8614)."
0.058,0.35594570590954,0.1271813333332692,0.4675186767058854,4.801648951414052,0.01,418.1975793691111,3.544477935165383e-88,422.4205813390516,1.5828836203900208e-84,458.90326667737327,1.1328627274567275e-84,z=Phi^{-1}(u),0.8827199879874156,1017.89825824175,0.844,47200,47450,250,50,overlapping,RED,"['ACF_dependence_fail', 'undercoverage']","Independence strongly rejected (min Ljung-Box p=3.54e-88, |ACF lag-1|=0.8827).; Coverage off-target by 0.056 (target=0.900)."
0.1659999999999999,1.7261388018052491e-06,2.337137333333269,2.0653959517114018e-06,4.06629626948677,0.01,407.4581953535598,7.323422902779638e-86,411.9340173298788,2.7109353077253445e-82,445.930031386016,5.75043805297092e-82,z=Phi^{-1}(u),0.8728149899824356,1002.5797647402215,0.868,47250,47500,250,50,overlapping,RED,"['PIT_uniformity_fail', 'ACF_dependence_fail', 'coverage_warn']","Uniformity strongly rejected (min p=1.73e-06, KS=0.1660).; Independence strongly rejected (min Ljung-Box p=7.32e-86, |ACF lag-1|=0.8728).; Coverage mildly off-target by 0.032 (target=0.900)."
0.108,0.0054015033651195,0.8900733333332691,0.0044228857194148,3.652017898845912,0.01,431.64443244608304,4.468125368245312e-91,436.52798002578055,1.559071658781841e-87,477.0574838752141,1.832386762237541e-88,z=Phi^{-1}(u),0.8791181197612099,1022.9429306043957,0.856,47300,47550,250,50,overlapping,RED,"['PIT_uniformity_fail', 'ACF_dependence_fail', 'coverage_warn']","Uniformity strongly rejected (min p=0.00442, KS=0.1080).; Independence strongly rejected (min Ljung-Box p=4.47e-91, |ACF lag-1|=0.8791).; Coverage mildly off-target by 0.044 (target=0.900)."
0.116,0.0021837382351525,1.1933893333332692,0.000856200302764,4.745323751704376,0.01,418.40884533900334,3.191566508494719e-88,422.506606197577,1.5174729902510443e-84,471.74512616831504,2.360485988625347e-87,z=Phi^{-1}(u),0.8752686474902035,972.7347890167844,0.872,47350,47600,250,50,overlapping,RED,"['PIT_uniformity_fail', 'ACF_dependence_fail', 'coverage_warn']","Uniformity strongly rejected (min p=0.000856, KS=0.1160).; Independence strongly rejected (min Ljung-Box p=3.19e-88, |ACF lag-1|=0.8753).; Coverage mildly off-target by 0.028 (target=0.900)."
0.122,0.0010608632709633,1.683481333333269,6.346071439866652e-05,5.115206362769584,0.01,419.1065320730347,2.2572691039890565e-88,423.0764495205713,1.1473905618126329e-84,511.3659920216048,1.2115413484325732e-95,z=Phi^{-1}(u),0.8758238061615502,930.6847330010166,0.9,47400,47650,250,50,overlapping,RED,"['PIT_uniformity_fail', 'ACF_dependence_fail']","Uniformity strongly rejected (min p=6.35e-05, KS=0.1220).; Independence strongly rejected (min Ljung-Box p=1.21e-95, |ACF lag-1|=0.8758)."
0.09,0.032690132515418,0.6413973333333334,0.0176247117866197,0.3880141889105459,0.15,455.58013383650274,3.072936316753849e-96,463.45646259966753,2.8115205607643447e-93,506.9766847398595,1.0067127520597535e-94,z=Phi^{-1}(u),0.8809571850203467,759.8750952225232,0.948,47450,47700,250,50,overlapping,RED,"['PIT_uniformity_warn', 'ACF_dependence_fail', 'coverage_warn']","Uniformity weakly rejected (min p=0.0176).; Independence strongly rejected (min Ljung-Box p=3.07e-96, |ACF lag-1|=0.8810).; Coverage mildly off-target by 0.048 (target=0.900)."
0.078,0.090497873806594,0.2710053333333334,0.1635333904733168,0.5088077854156836,0.15,487.578341208889,3.830568865628916e-103,512.9927895486429,7.378090766765784e-104,570.5902651141379,4.46328636012305e-108,z=Phi^{-1}(u),0.8964810806897807,749.4994272393868,0.944,47500,47750,250,50,overlapping,RED,"['ACF_dependence_fail', 'coverage_warn']","Independence strongly rejected (min Ljung-Box p=4.46e-108, |ACF lag-1|=0.8965).; Coverage mildly off-target by 0.044 (target=0.900)."
0.0739999999999999,0.1230243374005598,0.3897373333333334,0.0768415324381415,1.352705865785623,0.01,452.7126355759892,1.2768142688143133e-95,484.4368818614937,9.325813753079682e-98,558.5756092746822,1.498734577107821e-105,z=Phi^{-1}(u),0.8894631030462029,796.9951189173032,0.94,47550,47800,250,50,overlapping,RED,"['ACF_dependence_fail', 'coverage_warn']","Independence strongly rejected (min Ljung-Box p=1.5e-105, |ACF lag-1|=0.8895).; Coverage mildly off-target by 0.040 (target=0.900)."
0.1019999999999999,0.0102089770242199,0.8547613333333333,0.0053685676150001,1.7154968111513256,0.01,498.6501722846213,1.5617583823500983e-105,531.1753478830184,9.548268284017293e-108,624.8164747399504,1.6912920295944172e-119,z=Phi^{-1}(u),0.9053521692054988,745.5383949083474,0.956,47600,47850,250,50,overlapping,RED,"['PIT_uniformity_fail', 'ACF_dependence_fail', 'overcoverage']","Uniformity strongly rejected (min p=0.00537, KS=0.1020).; Independence strongly rejected (min Ljung-Box p=1.69e-119, |ACF lag-1|=0.9054).; Coverage off-target by 0.056 (target=0.900)."
0.122,0.0010608632709633,1.1977253333333335,0.0008365270656065,1.3043196328961812,0.01,525.8843008993479,2.0620740699607893e-111,553.846377051561,1.3468185882041706e-112,637.1319871786297,4.2656400285491606e-122,z=Phi^{-1}(u),0.909255018085671,728.5687225975097,0.952,47650,47900,250,50,overlapping,RED,"['PIT_uniformity_fail', 'ACF_dependence_fail', 'overcoverage']","Uniformity strongly rejected (min p=0.000837, KS=0.1220).; Independence strongly rejected (min Ljung-Box p=4.27e-122, |ACF lag-1|=0.9093).; Coverage off-target by 0.052 (target=0.900)."
0.154,1.2117561490147223e-05,1.7721853333333335,3.97838354041502e-05,0.8772486119534051,0.0243288322265365,443.82232807240433,1.0562598913479385e-93,465.8071922134689,8.856000801239876e-94,527.1613464341136,5.91364747030451e-99,z=Phi^{-1}(u),0.8904446414995074,643.5726349615669,0.968,47700,47950,250,50,overlapping,RED,"['PIT_uniformity_fail', 'ACF_dependence_fail', 'overcoverage']","Uniformity strongly rejected (min p=1.21e-05, KS=0.1540).; Independence strongly rejected (min Ljung-Box p=5.91e-99, |ACF lag-1|=0.8904).; Coverage off-target by 0.068 (target=0.900)."
0.138,0.0001292813412389,1.3389973333333332,0.0003932764999149,0.3488436778222308,0.15,457.9493081116575,9.472357582339585e-97,483.4038999237504,1.5498981731009683e-97,659.4882826683285,8.123633898815195e-127,z=Phi^{-1}(u),0.8870361500487869,638.5654937800366,0.956,47750,48000,250,50,overlapping,RED,"['PIT_uniformity_fail', 'ACF_dependence_fail', 'overcoverage']","Uniformity strongly rejected (min p=0.000129, KS=0.1380).; Independence strongly rejected (min Ljung-Box p=8.12e-127, |ACF lag-1|=0.8870).; Coverage off-target by 0.056 (target=0.900)."
0.1159999999999999,0.0021837382351525,0.7451293333333334,0.0098453329490901,0.463227801312712,0.15,494.0708089739621,1.5206314028269585e-104,517.4890464121505,8.066674326733782e-105,771.5700510189703,1.5249718691422042e-150,z=Phi^{-1}(u),0.9054732196066466,706.9964511943626,0.92,47800,48050,250,50,overlapping,RED,"['PIT_uniformity_fail', 'ACF_dependence_fail', 'coverage_warn']","Uniformity strongly rejected (min p=0.00218, KS=0.1160).; Independence strongly rejected (min Ljung-Box p=1.52e-150, |ACF lag-1|=0.9055).; Coverage mildly off-target by 0.020 (target=0.900)."
0.0799999999999999,0.0771476533902129,0.4502653333333333,0.0533215363254987,0.6295816282921294,0.099759657730525,531.7994341561952,1.0892018921606335e-112,572.3352086403465,1.4837161622598423e-116,807.2373395531223,4.115150843180533e-158,z=Phi^{-1}(u),0.9083164688616788,738.0414332534824,0.908,47850,48100,250,50,overlapping,RED,['ACF_dependence_fail'],"Independence strongly rejected (min Ljung-Box p=4.12e-158, |ACF lag-1|=0.9083)."
0.074,0.1230243374005592,0.3740693333333333,0.0846116456170444,0.8469132171475167,0.0298097464276006,524.0905047040274,5.0304257967985106e-111,548.8743902577891,1.5608247609754648e-111,723.2295253872619,2.6796046943877475e-140,z=Phi^{-1}(u),0.9133460070965812,704.031072276558,0.912,47900,48150,250,50,overlapping,RED,['ACF_dependence_fail'],"Independence strongly rejected (min Ljung-Box p=2.68e-140, |ACF lag-1|=0.9133)."
0.1059999999999999,0.006705519078627,0.5863093333333333,0.0241177008557677,1.4644776445026366,0.01,574.7584842640434,5.742389926114663e-122,639.2062181398599,6.947338582757305e-131,720.5389485757012,9.949357597601172e-140,z=Phi^{-1}(u),0.9228277480031832,814.4170125287143,0.888,47950,48200,250,50,overlapping,RED,"['PIT_uniformity_fail', 'ACF_dependence_fail']","Uniformity strongly rejected (min p=0.00671, KS=0.1060).; Independence strongly rejected (min Ljung-Box p=9.95e-140, |ACF lag-1|=0.9228)."
0.0819999999999999,0.0655014478062853,0.5289813333333333,0.033565697969541,1.2445551496325606,0.01,598.7585590107828,3.7506062653749635e-127,743.8239586987183,2.4373198025042777e-153,778.2179904549923,5.930961891592651e-152,z=Phi^{-1}(u),0.919038309422503,778.7436787703101,0.904,48000,48250,250,50,overlapping,RED,"['PIT_uniformity_warn', 'ACF_dependence_fail']","Uniformity weakly rejected (min p=0.0336).; Independence strongly rejected (min Ljung-Box p=2.44e-153, |ACF lag-1|=0.9190)."
0.1059999999999999,0.006705519078627,0.7633213333333333,0.0088977740747657,0.6200358013281289,0.1064029990513365,501.9881256647356,2.9724553924837137e-106,592.0951305623363,8.695577447636147e-121,651.9227242263665,3.2183431534321876e-125,z=Phi^{-1}(u),0.8948338496526523,652.9243275215205,0.94,48050,48300,250,50,overlapping,RED,"['PIT_uniformity_fail', 'ACF_dependence_fail', 'coverage_warn']","Uniformity strongly rejected (min p=0.00671, KS=0.1060).; Independence strongly rejected (min Ljung-Box p=3.22e-125, |ACF lag-1|=0.8948).; Coverage mildly off-target by 0.040 (target=0.900)."
0.064,0.2467324500849861,0.1660093333333293,0.3444402390204201,1.4842020153052715,0.01,470.1846233764262,2.171179754821606e-99,515.568215602769,2.0766472757075222e-104,604.7863479595111,2.823416070508092e-115,z=Phi^{-1}(u),0.852935583773727,717.9448799174327,0.904,48100,48350,250,50,overlapping,RED,['ACF_dependence_fail'],"Independence strongly rejected (min Ljung-Box p=2.82e-115, |ACF lag-1|=0.8529)."
0.104,0.008290637497102,0.5213373333332693,0.035091330062824,3.651542841644528,0.01,412.5531891525935,5.8399107757695e-87,434.0839245743047,5.1746105037091055e-87,478.0220059798942,1.1519519665789196e-88,z=Phi^{-1}(u),0.8507815165755139,882.3793717591807,0.856,48150,48400,250,50,overlapping,RED,"['PIT_uniformity_fail', 'ACF_dependence_fail', 'coverage_warn']","Uniformity strongly rejected (min p=0.00829, KS=0.1040).; Independence strongly rejected (min Ljung-Box p=1.15e-88, |ACF lag-1|=0.8508).; Coverage mildly off-target by 0.044 (target=0.900)."
0.132,0.000293531424011,1.5171973333332691,0.0001527058720249,4.207133946347852,0.01,317.58787130241376,1.6534101228087068e-66,326.1686756514456,4.503258061805265e-64,354.5944526871345,5.033106083201212e-63,z=Phi^{-1}(u),0.823114010845682,811.209515859983,0.876,48200,48450,250,50,overlapping,RED,"['PIT_uniformity_fail', 'ACF_dependence_fail', 'coverage_warn']","Uniformity strongly rejected (min p=0.000153, KS=0.1320).; Independence strongly rejected (min Ljung-Box p=1.65e-66, |ACF lag-1|=0.8231).; Coverage mildly off-target by 0.024 (target=0.900)."
0.1519999999999999,1.6526799810663036e-05,1.889177333333269,2.151744301481795e-05,5.371081348165234,0.01,303.53453043425515,1.740725944857749e-63,312.8550463588288,2.9689801907114663e-61,345.32031191484185,4.099380755534814e-61,z=Phi^{-1}(u),0.8133425440855391,777.2292650441747,0.884,48250,48500,250,50,overlapping,RED,"['PIT_uniformity_fail', 'ACF_dependence_fail']","Uniformity strongly rejected (min p=1.65e-05, KS=0.1520).; Independence strongly rejected (min Ljung-Box p=1.74e-63, |ACF lag-1|=0.8133)."
0.124,0.0008271899609853,1.2366973333332694,0.0006789561375301,6.847635622180917,0.01,313.9489344757821,1.0025493055303217e-65,321.2734498028879,4.902372018451381e-63,346.9125121820698,1.926853519553535e-61,z=Phi^{-1}(u),0.8198516931000134,745.4828974161526,0.896,48300,48550,250,50,overlapping,RED,"['PIT_uniformity_fail', 'ACF_dependence_fail']","Uniformity strongly rejected (min p=0.000679, KS=0.1240).; Independence strongly rejected (min Ljung-Box p=1e-65, |ACF lag-1|=0.8199)."
0.126,0.0006423606286764,1.2712693333332972,0.0005643896462115,5.468677299847911,0.01,291.3212451810728,7.349148441882749e-61,293.8113143080834,3.15887046775315e-57,342.0377808608636,1.9426956555579011e-60,z=Phi^{-1}(u),0.8326250701866948,642.7025405989374,0.944,48350,48600,250,50,overlapping,RED,"['PIT_uniformity_fail', 'ACF_dependence_fail', 'coverage_warn']","Uniformity strongly rejected (min p=0.000564, KS=0.1260).; Independence strongly rejected (min Ljung-Box p=7.35e-61, |ACF lag-1|=0.8326).; Coverage mildly off-target by 0.044 (target=0.900)."
0.128,0.0004967972491749,1.0479173333333331,0.0018737722893403,1.1465042724683483,0.01,249.244328960464,7.98463640779822e-52,255.7554174467309,3.3425292720814777e-49,268.8649686957803,1.7512123884566458e-45,z=Phi^{-1}(u),0.8211506926881138,503.85164601021165,0.976,48400,48650,250,50,overlapping,RED,"['PIT_uniformity_fail', 'ACF_dependence_fail', 'overcoverage']","Uniformity strongly rejected (min p=0.000497, KS=0.1280).; Independence strongly rejected (min Ljung-Box p=7.98e-52, |ACF lag-1|=0.8212).; Coverage off-target by 0.076 (target=0.900)."
0.132,0.000293531424011,1.389749333333333,0.0003002082827985,1.1978467532472337,0.01,277.2373031660651,7.806777877257483e-58,279.7639388427985,2.9199505549533803e-54,298.4103712554604,1.7065830571142932e-51,z=Phi^{-1}(u),0.825999995138814,454.9537824577531,0.98,48450,48700,250,50,overlapping,RED,"['PIT_uniformity_fail', 'ACF_dependence_fail', 'overcoverage']","Uniformity strongly rejected (min p=0.000294, KS=0.1320).; Independence strongly rejected (min Ljung-Box p=7.81e-58, |ACF lag-1|=0.8260).; Coverage off-target by 0.080 (target=0.900)."
0.164,2.4133932149658096e-06,1.8919013333333328,2.1212050008379e-05,0.8206116802880388,0.0352892332733252,266.169203210252,1.8600862910219163e-55,267.73055954407334,1.0059623642887795e-51,277.8701542693472,2.6041412945802634e-47,z=Phi^{-1}(u),0.8217622623380643,447.268417331299,0.976,48500,48750,250,50,overlapping,RED,"['PIT_uniformity_fail', 'ACF_dependence_fail', 'overcoverage']","Uniformity strongly rejected (min p=2.41e-06, KS=0.1640).; Independence strongly rejected (min Ljung-Box p=1.86e-55, |ACF lag-1|=0.8218).; Coverage off-target by 0.076 (target=0.900)."
0.164,2.4133932149658096e-06,2.1707213333333333,4.925827237878266e-06,0.4317181077589396,0.15,237.02000011504904,3.3438167274645997e-49,253.9390215056768,8.057821983725724e-49,268.7702062472844,1.830413322428268e-45,z=Phi^{-1}(u),0.7999698401256997,460.2476344795216,0.976,48550,48800,250,50,overlapping,RED,"['PIT_uniformity_fail', 'ACF_dependence_fail', 'overcoverage']","Uniformity strongly rejected (min p=2.41e-06, KS=0.1640).; Independence strongly rejected (min Ljung-Box p=3.34e-49, |ACF lag-1|=0.8000).; Coverage off-target by 0.076 (target=0.900)."
0.1079999999999999,0.0054015033651195,0.7694893333333331,0.0085981376520765,0.7783286248745753,0.0440982031511301,238.253084063704,1.8190040497863408e-49,250.25613414653603,4.7948185033416655e-48,278.2670086870695,2.1628422606005042e-47,z=Phi^{-1}(u),0.7983650613623573,476.7368096903315,0.956,48600,48850,250,50,overlapping,RED,"['PIT_uniformity_fail', 'ACF_dependence_fail', 'overcoverage']","Uniformity strongly rejected (min p=0.0054, KS=0.1080).; Independence strongly rejected (min Ljung-Box p=1.82e-49, |ACF lag-1|=0.7984).; Coverage off-target by 0.056 (target=0.900)."
0.0979999999999999,0.0152929430424032,0.8102853333333293,0.0068595193945677,2.450687790231683,0.01,276.96868526807185,8.916091264378427e-58,310.4830513133014,9.430708812973904e-61,389.9534715757263,2.4727152446701446e-70,z=Phi^{-1}(u),0.7715532533627615,486.8022880421719,0.928,48650,48900,250,50,overlapping,RED,"['PIT_uniformity_fail', 'ACF_dependence_fail', 'coverage_warn']","Uniformity strongly rejected (min p=0.00686, KS=0.0980).; Independence strongly rejected (min Ljung-Box p=2.47e-70, |ACF lag-1|=0.7716).; Coverage mildly off-target by 0.028 (target=0.900)."
0.1019999999999999,0.0102089770242199,0.7431053333333293,0.0099569599463713,1.1114303478226475,0.01,322.8597942006552,1.2141026006666594e-67,375.04193367817805,1.9141681549266866e-74,514.4645537787322,2.7165143907766384e-96,z=Phi^{-1}(u),0.7937035829931051,533.9068690079807,0.908,48700,48950,250,50,overlapping,RED,"['PIT_uniformity_fail', 'ACF_dependence_fail']","Uniformity strongly rejected (min p=0.00996, KS=0.1020).; Independence strongly rejected (min Ljung-Box p=2.72e-96, |ACF lag-1|=0.7937)."
0.1699999999999999,8.720933843779303e-07,3.0575773333333296,4.842725398468417e-08,0.7915370536173612,0.0413464471630497,258.0804762424912,1.013973677825825e-53,275.839078083793,1.964643014837883e-53,322.53312240242366,1.9757490339376117e-56,z=Phi^{-1}(u),0.7737315964018877,544.7058511966246,0.896,48750,49000,250,50,overlapping,RED,"['PIT_uniformity_fail', 'ACF_dependence_fail']","Uniformity strongly rejected (min p=4.84e-08, KS=0.1700).; Independence strongly rejected (min Ljung-Box p=1.98e-56, |ACF lag-1|=0.7737)."
0.248,4.9654153462026686e-14,7.6210813333333185,9.534952827294774e-10,1.3248241869622177,0.01,236.96417956632035,3.437253750308045e-49,246.57228406399832,2.8520615301812256e-47,248.58273128399256,2.2054992624865083e-41,z=Phi^{-1}(u),0.7370127509039757,625.3655064605357,0.832,48800,49050,250,50,overlapping,RED,"['PIT_uniformity_fail', 'ACF_dependence_fail', 'undercoverage']","Uniformity strongly rejected (min p=4.97e-14, KS=0.2480).; Independence strongly rejected (min Ljung-Box p=3.44e-49, |ACF lag-1|=0.7370).; Coverage off-target by 0.068 (target=0.900)."
0.268,2.403343478947528e-16,8.028449333333281,2.6670554653662748e-11,5.659821810047703,0.01,253.02481596629207,1.2332802653081418e-52,254.28458437567647,6.815898654543787e-49,267.92577589283235,2.714637620779442e-45,z=Phi^{-1}(u),0.712426864506496,673.8207517087402,0.812,48850,49100,250,50,overlapping,RED,"['PIT_uniformity_fail', 'ACF_dependence_fail', 'undercoverage']","Uniformity strongly rejected (min p=2.4e-16, KS=0.2680).; Independence strongly rejected (min Ljung-Box p=1.23e-52, |ACF lag-1|=0.7124).; Coverage off-target by 0.088 (target=0.900)."
0.2159999999999999,1.0183309459024968e-10,4.881661333333234,3.071842780144607e-11,6.28315868213889,0.01,231.96547782766615,4.054103565881783e-48,232.89986370734576,2.1175225058549077e-44,259.0044091920229,1.736426150713999e-43,z=Phi^{-1}(u),0.7553748975739759,667.1856644156486,0.828,48900,49150,250,50,overlapping,RED,"['PIT_uniformity_fail', 'ACF_dependence_fail', 'undercoverage']","Uniformity strongly rejected (min p=3.07e-11, KS=0.2160).; Independence strongly rejected (min Ljung-Box p=4.05e-48, |ACF lag-1|=0.7554).; Coverage off-target by 0.072 (target=0.900)."
0.2119999999999999,2.4454631950970394e-10,4.486589333333197,3.197175857394541e-11,5.65675024759733,0.01,253.7004007486936,8.83250326500662e-53,259.52333224324303,5.383799996099397e-50,284.455332447291,1.1928231461341302e-48,z=Phi^{-1}(u),0.7348829826190958,739.0386817545051,0.784,48950,49200,250,50,overlapping,RED,"['PIT_uniformity_fail', 'ACF_dependence_fail', 'undercoverage']","Uniformity strongly rejected (min p=3.2e-11, KS=0.2120).; Independence strongly rejected (min Ljung-Box p=8.83e-53, |ACF lag-1|=0.7349).; Coverage off-target by 0.116 (target=0.900)."
0.176,3.03562815531506e-07,2.1788093333331533,4.721922783557098e-06,5.187888403659485,0.01,277.9760930874693,5.417100048496118e-58,282.2256889940678,8.829225740346586e-55,291.00073335968835,5.540272594836997e-50,z=Phi^{-1}(u),0.7356292184717759,769.2164059548201,0.784,49000,49250,250,50,overlapping,RED,"['PIT_uniformity_fail', 'ACF_dependence_fail', 'undercoverage']","Uniformity strongly rejected (min p=3.04e-07, KS=0.1760).; Independence strongly rejected (min Ljung-Box p=5.42e-58, |ACF lag-1|=0.7356).; Coverage off-target by 0.116 (target=0.900)."
0.164,2.4133932149658096e-06,2.111761333333101,6.704603687568422e-06,6.519931038734512,0.01,273.29588981963803,5.483761208253918e-57,278.8359348620695,4.5830960113100057e-54,283.8119724055496,1.612482745407867e-48,z=Phi^{-1}(u),0.7427101395318115,782.7937184651207,0.812,49050,49300,250,50,overlapping,RED,"['PIT_uniformity_fail', 'ACF_dependence_fail', 'undercoverage']","Uniformity strongly rejected (min p=2.41e-06, KS=0.1640).; Independence strongly rejected (min Ljung-Box p=5.48e-57, |ACF lag-1|=0.7427).; Coverage off-target by 0.088 (target=0.900)."
0.164,2.4133932149658096e-06,2.035069333333137,1.0015666740526008e-05,4.858216380239128,0.01,290.65174835966184,1.0235942705954392e-60,300.6680646350297,1.1230763208695805e-58,308.7047292498031,1.3439564276286766e-53,z=Phi^{-1}(u),0.7772528099351561,792.319499488503,0.82,49100,49350,250,50,overlapping,RED,"['PIT_uniformity_fail', 'ACF_dependence_fail', 'undercoverage']","Uniformity strongly rejected (min p=2.41e-06, KS=0.1640).; Independence strongly rejected (min Ljung-Box p=1.02e-60, |ACF lag-1|=0.7773).; Coverage off-target by 0.080 (target=0.900)."
0.162,3.360315096730175e-06,2.542941333333013,7.061621567494569e-07,5.186180355021776,0.01,457.8463557897673,9.969378094865237e-97,574.2620785816578,5.737920492719672e-117,733.527646456766,1.765917880669777e-142,z=Phi^{-1}(u),0.8135296892657936,1301.3236193610226,0.736,49150,49400,250,50,overlapping,RED,"['PIT_uniformity_fail', 'ACF_dependence_fail', 'undercoverage']","Uniformity strongly rejected (min p=7.06e-07, KS=0.1620).; Independence strongly rejected (min Ljung-Box p=1.77e-142, |ACF lag-1|=0.8135).; Coverage off-target by 0.164 (target=0.900)."
0.166,1.7261388018052337e-06,2.5755453333330136,5.958352481405527e-07,5.800930943691071,0.01,475.64352441548095,1.4414463946516798e-100,639.7101431296929,5.416979829544268e-131,785.5597943903488,1.6423999206711086e-153,z=Phi^{-1}(u),0.8119253378884609,1317.3165604586857,0.76,49200,49450,250,50,overlapping,RED,"['PIT_uniformity_fail', 'ACF_dependence_fail', 'undercoverage']","Uniformity strongly rejected (min p=5.96e-07, KS=0.1660).; Independence strongly rejected (min Ljung-Box p=1.64e-153, |ACF lag-1|=0.8119).; Coverage off-target by 0.140 (target=0.900)."
0.152,1.652679981066289e-05,2.702705333332977,3.071935472664933e-07,5.87408843124868,0.01,414.09156453514726,2.721229625443041e-87,554.3264754885429,1.063057580165749e-112,631.706007110775,5.955235347822055e-121,z=Phi^{-1}(u),0.7933432657349285,1390.4787020462509,0.74,49250,49500,250,50,overlapping,RED,"['PIT_uniformity_fail', 'ACF_dependence_fail', 'undercoverage']","Uniformity strongly rejected (min p=3.07e-07, KS=0.1520).; Independence strongly rejected (min Ljung-Box p=5.96e-121, |ACF lag-1|=0.7933).; Coverage off-target by 0.160 (target=0.900)."
0.1699999999999999,8.720933843779303e-07,2.5660413333330414,6.260811258318455e-07,6.155684996059847,0.01,391.3040943961427,2.2197866803526477e-82,528.5904358296857,3.4102712190553257e-107,580.6836584314084,3.3588873049951604e-110,z=Phi^{-1}(u),0.7854798177252135,1335.8226967528165,0.776,49300,49550,250,50,overlapping,RED,"['PIT_uniformity_fail', 'ACF_dependence_fail', 'undercoverage']","Uniformity strongly rejected (min p=6.26e-07, KS=0.1700).; Independence strongly rejected (min Ljung-Box p=3.36e-110, |ACF lag-1|=0.7855).; Coverage off-target by 0.124 (target=0.900)."
0.128,0.0004967972491749,1.8380253333330128,2.814632376635373e-05,6.120678749922831,0.01,423.2039752374912,2.952179742575332e-89,573.2879459476571,9.275680451858807e-117,665.3798729045419,4.624489052794117e-128,z=Phi^{-1}(u),0.7863330825833921,1401.649296505717,0.756,49350,49600,250,50,overlapping,RED,"['PIT_uniformity_fail', 'ACF_dependence_fail', 'undercoverage']","Uniformity strongly rejected (min p=2.81e-05, KS=0.1280).; Independence strongly rejected (min Ljung-Box p=4.62e-128, |ACF lag-1|=0.7863).; Coverage off-target by 0.144 (target=0.900)."
0.118,0.001723677123827,1.0507973333332692,0.0018448153604505,5.345337960242858,0.01,281.77299264104306,8.280480548152665e-59,359.77386607629256,3.3542495945511557e-71,367.5715467274973,1.0557866133962892e-65,z=Phi^{-1}(u),0.7229176898585152,940.2231360937674,0.868,49400,49650,250,50,overlapping,RED,"['PIT_uniformity_fail', 'ACF_dependence_fail', 'coverage_warn']","Uniformity strongly rejected (min p=0.00172, KS=0.1180).; Independence strongly rejected (min Ljung-Box p=3.35e-71, |ACF lag-1|=0.7229).; Coverage mildly off-target by 0.032 (target=0.900)."
0.06,0.3164237517245062,0.2515773333332974,0.1863768157114812,5.683544626256946,0.01,306.1831974283337,4.6903207017841235e-64,439.7323014827818,3.233725273333018e-88,450.97364656459854,5.108007040030973e-83,z=Phi^{-1}(u),0.7387146009723399,820.1408597081024,0.908,49450,49700,250,50,overlapping,RED,['ACF_dependence_fail'],"Independence strongly rejected (min Ljung-Box p=3.23e-88, |ACF lag-1|=0.7387)."
0.072,0.1425669535852258,0.3151333333333293,0.1225674674677196,3.039752345425626,0.01,527.7464660792944,8.170228380843495e-112,703.2265986564361,1.2743504773944842e-144,805.6765494997877,8.825949292509566e-158,z=Phi^{-1}(u),0.8408404182337051,748.9629698532019,0.932,49500,49750,250,50,overlapping,RED,"['ACF_dependence_fail', 'coverage_warn']","Independence strongly rejected (min Ljung-Box p=8.83e-158, |ACF lag-1|=0.8408).; Coverage mildly off-target by 0.032 (target=0.900)."
0.11,0.0043334485784834,0.8530933333333293,0.0054180237935588,2.0703718863895237,0.01,506.64908685776464,2.9308755863110527e-107,727.2726418440794,8.749848544363366e-150,877.835986610185,4.083209351634733e-173,z=Phi^{-1}(u),0.8216315694992262,790.0522993494599,0.924,49550,49800,250,50,overlapping,RED,"['PIT_uniformity_fail', 'ACF_dependence_fail', 'coverage_warn']","Uniformity strongly rejected (min p=0.00433, KS=0.1100).; Independence strongly rejected (min Ljung-Box p=4.08e-173, |ACF lag-1|=0.8216).; Coverage mildly off-target by 0.024 (target=0.900)."
0.1080000000000001,0.0054015033651195,1.1235293333333332,0.0012461055536007,1.1680047954626502,0.01,737.5522836860498,3.7224584638652897e-157,1060.347235790809,1.8589482524397565e-221,1283.177531037502,1.1836212316743132e-259,z=Phi^{-1}(u),0.919291878759912,1135.105359460322,0.884,49600,49850,250,50,overlapping,RED,"['PIT_uniformity_fail', 'ACF_dependence_fail']","Uniformity strongly rejected (min p=0.00125, KS=0.1080).; Independence strongly rejected (min Ljung-Box p=1.18e-259, |ACF lag-1|=0.9193)."
0.124,0.0008271899609853,0.9620333333333332,0.0029858702237474,3.612795429666562,0.01,710.4715417555598,2.673229869200489e-151,1068.5290256947426,3.2058402318013693e-223,1301.9645911250327,1.1229940540888024e-263,z=Phi^{-1}(u),0.912021137544547,1083.4557222289443,0.884,49650,49900,250,50,overlapping,RED,"['PIT_uniformity_fail', 'ACF_dependence_fail']","Uniformity strongly rejected (min p=0.000827, KS=0.1240).; Independence strongly rejected (min Ljung-Box p=1.12e-263, |ACF lag-1|=0.9120)."
0.1159999999999999,0.0021837382351525,1.0114853333333331,0.0022824320455603,1.0141220477786137,0.0116553659464246,711.4168475271691,1.6696656792556062e-151,1078.3990215258625,2.391345276430578e-225,1304.5658684555765,3.113914674719262e-264,z=Phi^{-1}(u),0.9162491939518468,1131.6113580553713,0.884,49700,49950,250,50,overlapping,RED,"['PIT_uniformity_fail', 'ACF_dependence_fail']","Uniformity strongly rejected (min p=0.00218, KS=0.1160).; Independence strongly rejected (min Ljung-Box p=3.11e-264, |ACF lag-1|=0.9162)."
0.1119999999999999,0.0034624885629555,0.9893933333333332,0.0025731484881744,0.883353811988485,0.0237635359269921,692.8028090681282,1.767640691882561e-147,1011.1773166716316,7.31233972802436e-211,1192.5559539974256,2.921692871597306e-240,z=Phi^{-1}(u),0.9161275812322778,1139.1876066055477,0.896,49750,50000,250,50,overlapping,RED,"['PIT_uniformity_fail', 'ACF_dependence_fail']","Uniformity strongly rejected (min p=0.00257, KS=0.1120).; Independence strongly rejected (min Ljung-Box p=2.92e-240, |ACF lag-1|=0.9161)."
0.2,3.0586491774805477e-09,3.392113333333333,8.493922343255633e-09,1.0419976195495906,0.01,777.90885797467,6.952218855999185e-166,1194.7251734095728,1.9786941731142747e-250,1473.4999077097466,1.9275652688349394e-300,z=Phi^{-1}(u),0.9409495331108668,1087.6165128839707,0.908,49800,50050,250,50,overlapping,RED,"['PIT_uniformity_fail', 'ACF_dependence_fail']","Uniformity strongly rejected (min p=3.06e-09, KS=0.2000).; Independence strongly rejected (min Ljung-Box p=1.93e-300, |ACF lag-1|=0.9409)."
0.172,6.160263358135895e-07,2.159161333333333,5.232677700361954e-06,0.3122562421118289,0.15,613.3298255597912,2.664422307739641e-130,799.4447718666765,2.716145016856571e-165,823.1376098436839,1.7287669417327509e-161,z=Phi^{-1}(u),0.9208252736860284,618.5104947955601,0.984,49850,50100,250,50,overlapping,RED,"['PIT_uniformity_fail', 'ACF_dependence_fail', 'overcoverage']","Uniformity strongly rejected (min p=6.16e-07, KS=0.1720).; Independence strongly rejected (min Ljung-Box p=2.72e-165, |ACF lag-1|=0.9208).; Coverage off-target by 0.084 (target=0.900)."
0.118,0.001723677123827,1.096061333333333,0.0014448268114023,0.2721868702943766,0.15,759.0530887960208,8.330256842979492e-162,1085.2879478331386,7.830191799756383e-227,1158.6912187491143,5.091700206452474e-233,z=Phi^{-1}(u),0.9382266442831882,629.5046570156142,0.984,49900,50150,250,50,overlapping,RED,"['PIT_uniformity_fail', 'ACF_dependence_fail', 'overcoverage']","Uniformity strongly rejected (min p=0.00144, KS=0.1180).; Independence strongly rejected (min Ljung-Box p=5.09e-233, |ACF lag-1|=0.9382).; Coverage off-target by 0.084 (target=0.900)."
0.0899999999999999,0.0326901325154183,0.5867253333333293,0.0240603177235867,1.8531771609065688,0.01,612.7335570669542,3.584673082663917e-130,811.7150090991818,6.250276219713062e-168,877.0069608629758,6.1282686091451245e-173,z=Phi^{-1}(u),0.8719867480448539,766.9600095575976,0.92,49950,50200,250,50,overlapping,RED,"['PIT_uniformity_warn', 'ACF_dependence_fail', 'coverage_warn']","Uniformity weakly rejected (min p=0.0241).; Independence strongly rejected (min Ljung-Box p=6.13e-173, |ACF lag-1|=0.8720).; Coverage mildly off-target by 0.020 (target=0.900)."
0.1,0.0125203447299345,0.8897853333333294,0.0044298689217175,2.100951879229996,0.01,664.0612652979373,2.89081272991747e-141,948.8677964747332,1.9236978529989282e-197,1166.773740605524,9.525517453895735e-235,z=Phi^{-1}(u),0.8839180829571279,805.3465661891855,0.912,50000,50250,250,50,overlapping,RED,"['PIT_uniformity_fail', 'ACF_dependence_fail']","Uniformity strongly rejected (min p=0.00443, KS=0.1000).; Independence strongly rejected (min Ljung-Box p=9.53e-235, |ACF lag-1|=0.8839)."
0.094,0.0225406568153296,0.4544853333333293,0.0519982438975242,1.6128264841690054,0.01,562.9867752753872,2.0037951697246493e-119,763.0497978068184,1.8042103171268823e-157,925.7308063093772,2.6178680421281902e-183,z=Phi^{-1}(u),0.86814880837419,879.560507929366,0.888,50050,50300,250,50,overlapping,RED,"['PIT_uniformity_warn', 'ACF_dependence_fail']","Uniformity weakly rejected (min p=0.0225).; Independence strongly rejected (min Ljung-Box p=2.62e-183, |ACF lag-1|=0.8681)."
0.162,3.360315096730175e-06,1.469501333333329,0.0001965959025176,2.9606715113260123,0.01,526.2670488489911,1.7047620146081953e-111,644.3776594200777,5.405156861378843e-132,770.9487640447152,2.065533730239161e-150,z=Phi^{-1}(u),0.8680162018465922,997.2550588055444,0.88,50100,50350,250,50,overlapping,RED,"['PIT_uniformity_fail', 'ACF_dependence_fail', 'coverage_warn']","Uniformity strongly rejected (min p=3.36e-06, KS=0.1620).; Independence strongly rejected (min Ljung-Box p=2.07e-150, |ACF lag-1|=0.8680).; Coverage mildly off-target by 0.020 (target=0.900)."
0.164,2.4133932149658096e-06,1.6679293333333292,6.888146093919634e-05,3.762301746041146,0.01,485.7915985524669,9.30824298532582e-103,556.5745096687527,3.510812487352245e-113,637.9781369399008,2.8275869018084127e-122,z=Phi^{-1}(u),0.8636513969526891,1088.8513829388423,0.856,50150,50400,250,50,overlapping,RED,"['PIT_uniformity_fail', 'ACF_dependence_fail', 'coverage_warn']","Uniformity strongly rejected (min p=2.41e-06, KS=0.1640).; Independence strongly rejected (min Ljung-Box p=2.83e-122, |ACF lag-1|=0.8637).; Coverage mildly off-target by 0.044 (target=0.900)."
0.132,0.000293531424011,0.9915853333333292,0.0025426980811453,2.850660426080026,0.01,417.06551558941663,6.217551498783858e-88,457.0426689426269,6.570163713925575e-92,510.9673233499425,1.468492968620445e-95,z=Phi^{-1}(u),0.8297426021012989,1013.2392894634831,0.904,50200,50450,250,50,overlapping,RED,"['PIT_uniformity_fail', 'ACF_dependence_fail']","Uniformity strongly rejected (min p=0.000294, KS=0.1320).; Independence strongly rejected (min Ljung-Box p=1.47e-95, |ACF lag-1|=0.8297)."
0.1659999999999999,1.7261388018052646e-06,2.239141333333329,3.4451706010241168e-06,1.2728447243109429,0.01,367.6213364757951,2.8086665714927686e-77,371.3892404479527,1.14351635680751e-73,386.56607706405714,1.2439936803756363e-69,z=Phi^{-1}(u),0.8134748389946159,1010.2910432722308,0.888,50250,50500,250,50,overlapping,RED,"['PIT_uniformity_fail', 'ACF_dependence_fail']","Uniformity strongly rejected (min p=1.73e-06, KS=0.1660).; Independence strongly rejected (min Ljung-Box p=2.81e-77, |ACF lag-1|=0.8135)."
0.1539999999999999,1.2117561490147364e-05,1.911493333333329,1.913994723878876e-05,1.554764553081327,0.01,375.82978113273583,4.790353927412121e-79,377.6671206332243,5.2963941825971815e-75,390.1349992942042,2.2675939508139375e-70,z=Phi^{-1}(u),0.8254975252395712,975.2943213591536,0.908,50300,50550,250,50,overlapping,RED,"['PIT_uniformity_fail', 'ACF_dependence_fail']","Uniformity strongly rejected (min p=1.21e-05, KS=0.1540).; Independence strongly rejected (min Ljung-Box p=4.79e-79, |ACF lag-1|=0.8255)."
0.206,8.815066355557083e-10,4.7070213333333175,2.0997648064735582e-11,1.7929674468516623,0.01,305.5208273425357,6.51077626173492e-64,312.3034708988112,3.884497424684847e-61,523.7346173605853,3.094349386209529e-98,z=Phi^{-1}(u),0.7634601128624524,942.8274059246448,0.912,50350,50600,250,50,overlapping,RED,"['PIT_uniformity_fail', 'ACF_dependence_fail']","Uniformity strongly rejected (min p=2.1e-11, KS=0.2060).; Independence strongly rejected (min Ljung-Box p=3.09e-98, |ACF lag-1|=0.7635)."
0.158,6.434116740158326e-06,3.290133333333317,1.443640673670643e-08,1.978522263974554,0.01,352.30341964616224,5.58690708385904e-74,359.55195209242686,3.738673702007029e-71,525.4268075002648,1.3667027543563846e-98,z=Phi^{-1}(u),0.7684413912701559,861.4094519378779,0.936,50400,50650,250,50,overlapping,RED,"['PIT_uniformity_fail', 'ACF_dependence_fail', 'coverage_warn']","Uniformity strongly rejected (min p=1.44e-08, KS=0.1580).; Independence strongly rejected (min Ljung-Box p=1.37e-98, |ACF lag-1|=0.7684).; Coverage mildly off-target by 0.036 (target=0.900)."
0.134,0.0002242473030294,1.2069293333333293,0.0007962657682731,2.321796991908883,0.01,452.1880784001256,1.6568452238955797e-95,469.92273784527566,1.1715840943131878e-94,600.5124212450045,2.245021908969992e-114,z=Phi^{-1}(u),0.8331510654293467,738.2612603626968,0.952,50450,50700,250,50,overlapping,RED,"['PIT_uniformity_fail', 'ACF_dependence_fail', 'overcoverage']","Uniformity strongly rejected (min p=0.000224, KS=0.1340).; Independence strongly rejected (min Ljung-Box p=2.25e-114, |ACF lag-1|=0.8332).; Coverage off-target by 0.052 (target=0.900)."
0.072,0.1425669535852258,0.2822733333333293,0.1517631441394836,1.5590024006714032,0.01,482.3738673276211,5.0867247578446695e-102,503.0911691430345,9.645608305657878e-102,636.2900372599067,6.421837738986333e-122,z=Phi^{-1}(u),0.8443854845549862,742.483354393381,0.956,50500,50750,250,50,overlapping,RED,"['ACF_dependence_fail', 'overcoverage']","Independence strongly rejected (min Ljung-Box p=6.42e-122, |ACF lag-1|=0.8444).; Coverage off-target by 0.056 (target=0.900)."
0.098,0.0152929430424031,0.4401133333333293,0.0566541409013029,1.76363985207513,0.01,440.7207458225063,4.928592934141962e-93,457.3254660587767,5.717910984388266e-92,512.5388775794667,6.879678794145252e-96,z=Phi^{-1}(u),0.8316553606455914,741.2295327617366,0.94,50550,50800,250,50,overlapping,RED,"['PIT_uniformity_warn', 'ACF_dependence_fail', 'coverage_warn']","Uniformity weakly rejected (min p=0.0153).; Independence strongly rejected (min Ljung-Box p=6.88e-96, |ACF lag-1|=0.8317).; Coverage mildly off-target by 0.040 (target=0.900)."
0.0879999999999999,0.0391297550232407,0.5743053333333333,0.0258363162607359,1.3735734842761076,0.01,472.5220071211443,6.797607721817407e-100,507.4450227365142,1.131909794477529e-102,745.2979559006519,5.664084693315182e-145,z=Phi^{-1}(u),0.8928942096005668,701.5435204599454,0.948,50600,50850,250,50,overlapping,RED,"['PIT_uniformity_warn', 'ACF_dependence_fail', 'coverage_warn']","Uniformity weakly rejected (min p=0.0258).; Independence strongly rejected (min Ljung-Box p=5.66e-145, |ACF lag-1|=0.8929).; Coverage mildly off-target by 0.048 (target=0.900)."
0.062,0.2800260038615019,0.1653733333333333,0.3461156568480823,0.8337578650421165,0.0325504447828924,593.389152723593,5.4225641055717805e-126,628.6365773788468,1.282665404565956e-128,686.5274834020374,1.5661861968216022e-132,z=Phi^{-1}(u),0.9200128968642884,889.0210792964679,0.86,50650,50900,250,50,overlapping,RED,"['ACF_dependence_fail', 'coverage_warn']","Independence strongly rejected (min Ljung-Box p=1.57e-132, |ACF lag-1|=0.9200).; Coverage mildly off-target by 0.040 (target=0.900)."
0.11,0.0043334485784834,0.7799333333333334,0.0081141051897091,0.6427645609878425,0.0943121648810568,628.4527432664474,1.4372091828614183e-133,680.6901238408916,8.762002489030788e-140,747.6293517440878,1.8157161366499094e-145,z=Phi^{-1}(u),0.9209381215220312,959.069557496733,0.86,50700,50950,250,50,overlapping,RED,"['PIT_uniformity_fail', 'ACF_dependence_fail', 'coverage_warn']","Uniformity strongly rejected (min p=0.00433, KS=0.1100).; Independence strongly rejected (min Ljung-Box p=1.82e-145, |ACF lag-1|=0.9209).; Coverage mildly off-target by 0.040 (target=0.900)."
0.066,0.2164684877017035,0.1808213333333333,0.308051604005317,0.5894919370711023,0.1282200449492126,640.196358453916,4.1634105372944585e-136,720.7023559315666,2.2542316816517136e-148,740.7066229171922,5.321547762649604e-144,z=Phi^{-1}(u),0.9184301615466376,911.2450209949094,0.872,50750,51000,250,50,overlapping,RED,"['ACF_dependence_fail', 'coverage_warn']","Independence strongly rejected (min Ljung-Box p=2.25e-148, |ACF lag-1|=0.9184).; Coverage mildly off-target by 0.028 (target=0.900)."
0.124,0.0008271899609853,1.1493293333333292,0.001084653638011,1.162520283746602,0.01,641.4243005051701,2.2596929636449165e-136,763.3635998892838,1.5447502945000167e-157,781.4733784598782,1.2092060161465116e-152,z=Phi^{-1}(u),0.8735683141934514,938.1025886751676,0.856,50800,51050,250,50,overlapping,RED,"['PIT_uniformity_fail', 'ACF_dependence_fail', 'coverage_warn']","Uniformity strongly rejected (min p=0.000827, KS=0.1240).; Independence strongly rejected (min Ljung-Box p=1.54e-157, |ACF lag-1|=0.8736).; Coverage mildly off-target by 0.044 (target=0.900)."
0.0939999999999999,0.0225406568153297,0.5930653333333293,0.0232031145512341,1.3110724348998417,0.01,663.4892935466363,3.842929267644605e-141,812.8108980264756,3.633021102149281e-168,828.7044727423231,1.1355016689057966e-162,z=Phi^{-1}(u),0.884215926085721,915.5451880997866,0.856,50850,51100,250,50,overlapping,RED,"['PIT_uniformity_warn', 'ACF_dependence_fail', 'coverage_warn']","Uniformity weakly rejected (min p=0.0225).; Independence strongly rejected (min Ljung-Box p=3.63e-168, |ACF lag-1|=0.8842).; Coverage mildly off-target by 0.044 (target=0.900)."
0.126,0.0006423606286764,1.0650133333333014,0.0017083810743182,6.312718888467543,0.01,578.9851617447458,7.015164685064288e-123,760.4075874959088,6.668466679596455e-157,805.2965375808353,1.0627732295245772e-157,z=Phi^{-1}(u),0.8284813024261107,922.8205451322332,0.868,50900,51150,250,50,overlapping,RED,"['PIT_uniformity_fail', 'ACF_dependence_fail', 'coverage_warn']","Uniformity strongly rejected (min p=0.000642, KS=0.1260).; Independence strongly rejected (min Ljung-Box p=1.06e-157, |ACF lag-1|=0.8285).; Coverage mildly off-target by 0.032 (target=0.900)."
0.07,0.1645397722936822,0.3214853333333013,0.1176841075150095,3.9606133717575744,0.01,591.4455435669857,1.4260147086508116e-125,782.1995709631057,1.3832907578045252e-161,826.9272981605263,2.708480843726222e-162,z=Phi^{-1}(u),0.8393467325065398,990.5825142668324,0.844,50950,51200,250,50,overlapping,RED,"['ACF_dependence_fail', 'undercoverage']","Independence strongly rejected (min Ljung-Box p=2.71e-162, |ACF lag-1|=0.8393).; Coverage off-target by 0.056 (target=0.900)."
0.062,0.2800260038615019,0.1610813333333013,0.3576832159159856,3.991989055395777,0.01,600.3373330300363,1.7099553295544079e-127,811.8087927101636,5.966704900167449e-168,899.2702001275661,1.1238208266900634e-177,z=Phi^{-1}(u),0.8422868878878136,1006.0657562854288,0.832,51000,51250,250,50,overlapping,RED,"['ACF_dependence_fail', 'undercoverage']","Independence strongly rejected (min Ljung-Box p=1.12e-177, |ACF lag-1|=0.8423).; Coverage off-target by 0.068 (target=0.900)."
0.074,0.1230243374005592,0.4249293333333134,0.062060368085385,6.016392623523871,0.01,612.7707653199905,3.5189193547654988e-130,852.1349694025164,1.2677440889831136e-176,941.0041447693684,1.4628732100400916e-186,z=Phi^{-1}(u),0.8618967330589499,887.955838915551,0.868,51050,51300,250,50,overlapping,RED,"['ACF_dependence_fail', 'coverage_warn']","Independence strongly rejected (min Ljung-Box p=1.46e-186, |ACF lag-1|=0.8619).; Coverage mildly off-target by 0.032 (target=0.900)."
0.058,0.35594570590954,0.1653533333333133,0.3461685024038876,4.214023324047815,0.01,502.43575873300085,2.3795311667339818e-106,677.6479521876446,3.939529211808464e-139,738.079110437668,1.917535951884763e-143,z=Phi^{-1}(u),0.8755822312365888,893.7146644472699,0.88,51100,51350,250,50,overlapping,RED,"['ACF_dependence_fail', 'coverage_warn']","Independence strongly rejected (min Ljung-Box p=1.92e-143, |ACF lag-1|=0.8756).; Coverage mildly off-target by 0.020 (target=0.900)."
0.078,0.0904978738065936,0.3063333333333294,0.1297118707401741,1.6044151235723518,0.01,405.7385173380082,1.719474502132281e-85,437.3936899660269,1.0193078431070471e-87,494.1620276904712,4.8519542444603744e-92,z=Phi^{-1}(u),0.8400313212612049,809.2215499890873,0.912,51150,51400,250,50,overlapping,RED,['ACF_dependence_fail'],"Independence strongly rejected (min Ljung-Box p=4.85e-92, |ACF lag-1|=0.8400)."
0.076,0.1057293785294717,0.3539093333333294,0.0958963305216861,0.7418022397985169,0.0533875042154888,404.4878606485975,3.198682800933584e-85,434.01972805600815,5.340255397644371e-87,485.3683342943654,3.3539496216636944e-90,z=Phi^{-1}(u),0.8374368038737515,846.5174277924278,0.912,51200,51450,250,50,overlapping,RED,['ACF_dependence_fail'],"Independence strongly rejected (min Ljung-Box p=3.35e-90, |ACF lag-1|=0.8374)."
0.1239999999999999,0.0008271899609853,1.2534253333333294,0.0006208542727516,1.382125741434976,0.01,455.7766449188296,2.7871569436469532e-96,516.2925824953462,1.4537774798546782e-104,643.502259593084,1.929563034159865e-123,z=Phi^{-1}(u),0.8443249422610506,879.7753681432982,0.924,51250,51500,250,50,overlapping,RED,"['PIT_uniformity_fail', 'ACF_dependence_fail', 'coverage_warn']","Uniformity strongly rejected (min p=0.000621, KS=0.1240).; Independence strongly rejected (min Ljung-Box p=1.93e-123, |ACF lag-1|=0.8443).; Coverage mildly off-target by 0.024 (target=0.900)."
0.2159999999999999,1.0183309459024968e-10,2.989901333333329,6.887578829495311e-08,3.764290911204654,0.01,439.6412709308331,8.424373766580058e-93,484.0233835119491,1.1428770546442284e-97,591.5752028750212,1.7120086309937343e-112,z=Phi^{-1}(u),0.8425960725575808,960.8705768550444,0.924,51300,51550,250,50,overlapping,RED,"['PIT_uniformity_fail', 'ACF_dependence_fail', 'coverage_warn']","Uniformity strongly rejected (min p=1.02e-10, KS=0.2160).; Independence strongly rejected (min Ljung-Box p=1.71e-112, |ACF lag-1|=0.8426).; Coverage mildly off-target by 0.024 (target=0.900)."
0.2319999999999999,2.580899025546192e-12,3.796989333333329,1.1111651598838532e-09,3.027624812177521,0.01,370.8498259983694,5.66379960261844e-78,404.23057237032407,1.183775287676653e-80,527.9706062597862,4.000361369941936e-99,z=Phi^{-1}(u),0.8263532297960178,966.9723445098329,0.924,51350,51600,250,50,overlapping,RED,"['PIT_uniformity_fail', 'ACF_dependence_fail', 'coverage_warn']","Uniformity strongly rejected (min p=2.58e-12, KS=0.2320).; Independence strongly rejected (min Ljung-Box p=4e-99, |ACF lag-1|=0.8264).; Coverage mildly off-target by 0.024 (target=0.900)."
0.26,2.136700911197207e-15,5.448653333333334,2.563500522967388e-10,2.76995360279642,0.01,357.81151365508214,3.640436355337278e-75,368.07263567814624,5.793433317200474e-73,513.4442753725825,4.4446176807873295e-96,z=Phi^{-1}(u),0.8780039006936667,868.3932647813547,0.964,51400,51650,250,50,overlapping,RED,"['PIT_uniformity_fail', 'ACF_dependence_fail', 'overcoverage']","Uniformity strongly rejected (min p=2.14e-15, KS=0.2600).; Independence strongly rejected (min Ljung-Box p=4.44e-96, |ACF lag-1|=0.8780).; Coverage off-target by 0.064 (target=0.900)."
0.18,1.4711437559622018e-07,2.488861333333333,9.36088526248824e-07,2.47323264491979,0.01,392.921973699803,9.946434492289976e-83,408.65090606153433,1.355830381682679e-81,463.7721842041128,1.09137207006023e-85,z=Phi^{-1}(u),0.8865286270986361,785.0075653224536,0.972,51450,51700,250,50,overlapping,RED,"['PIT_uniformity_fail', 'ACF_dependence_fail', 'overcoverage']","Uniformity strongly rejected (min p=1.47e-07, KS=0.1800).; Independence strongly rejected (min Ljung-Box p=1.09e-85, |ACF lag-1|=0.8865).; Coverage off-target by 0.072 (target=0.900)."
0.18,1.4711437559622018e-07,2.4596093333333333,1.090307871765006e-06,1.6114848264651869,0.01,442.04699449308623,2.550822757173664e-93,475.25368249045306,8.524836115805662e-96,547.3684867392042,3.3915231804500574e-103,z=Phi^{-1}(u),0.8902307992834516,801.0693280671877,0.96,51500,51750,250,50,overlapping,RED,"['PIT_uniformity_fail', 'ACF_dependence_fail', 'overcoverage']","Uniformity strongly rejected (min p=1.47e-07, KS=0.1800).; Independence strongly rejected (min Ljung-Box p=3.39e-103, |ACF lag-1|=0.8902).; Coverage off-target by 0.060 (target=0.900)."
0.0899999999999999,0.0326901325154183,0.4564253333333293,0.0514016668881004,2.6790318496587133,0.01,595.1757425031753,2.2294796000433367e-126,841.532424675848,2.419058690543876e-174,1079.4540458781023,4.331374882300179e-216,z=Phi^{-1}(u),0.8740681591107687,947.2956812257304,0.888,51550,51800,250,50,overlapping,RED,"['PIT_uniformity_warn', 'ACF_dependence_fail']","Uniformity weakly rejected (min p=0.0327).; Independence strongly rejected (min Ljung-Box p=4.33e-216, |ACF lag-1|=0.8741)."
0.0639999999999999,0.2467324500849861,0.1573733333333293,0.3680547781014217,1.87594404392172,0.01,644.8498109134113,4.108357968003318e-137,934.9483290283908,1.910263007672796e-194,1181.9073682960077,5.532830979286164e-238,z=Phi^{-1}(u),0.8761612017489302,922.2376519644068,0.888,51600,51850,250,50,overlapping,RED,['ACF_dependence_fail'],"Independence strongly rejected (min Ljung-Box p=5.53e-238, |ACF lag-1|=0.8762)."
0.08,0.0771476533902126,0.5597213333333293,0.0280972441217027,0.837329898739938,0.0318062710958462,721.6679710959207,1.0137252643993721e-153,1155.381376420342,6.0492898939200874e-242,1494.945702225384,4.836318657395193e-305,z=Phi^{-1}(u),0.8767926982666407,906.5188551867952,0.892,51650,51900,250,50,overlapping,RED,"['PIT_uniformity_warn', 'ACF_dependence_fail']","Uniformity weakly rejected (min p=0.0281).; Independence strongly rejected (min Ljung-Box p=4.84e-305, |ACF lag-1|=0.8768)."
